Column1,composition,Raw_unit,Ionic Conductivity,DOI,Date,StructureType,General SG,conductivity_clean,conductivity_pattern,conductivity_parse_status
1,Li7P3S11,Scm?1,3.2 × 10 ? 3,10.1039/C7RA09081A,02/10/2017,Argyrodite,F-43m (216); Pna21 (33);,0.0032,single_sci,ok
15,Li7P3S11,mScm?1,2.22,10.1016/j.elecom.2018.10.024,31/10/2018,Argyrodite,F-43m (216); Pna21 (33);,2.22,single_plain,ok
32,Li2SP2S5,Scm?1,10 ? 3,10.1016/j.jpowsour.2018.05.003,16/05/2018,Argyrodite,F-43m (216); Pna21 (33);,0.001,power_of_ten,ok
66,Li2SP2S5,Scm?1,5 × 10 ? 3,10.1039/C3CP51059J,09/10/2013,Argyrodite,F-43m (216); Pna21 (33);,0.005,single_sci,ok
83,Li2SP2S5,Scm?1,10 ? 3,10.1039/C8TA08420C,27/11/2018,Argyrodite,F-43m (216); Pna21 (33);,0.001,power_of_ten,ok
113,Li2SP2S5,Scm?1,10 ? 4,10.1039/C8TA01483C,26/06/2018,Argyrodite,F-43m (216); Pna21 (33);,0.0001,power_of_ten,ok
122,Li2SP2S5,Scm?1,10 ? 3,10.1016/j.jnoncrysol.2008.12.020,05/08/2009,Argyrodite,F-43m (216); Pna21 (33);,0.001,power_of_ten,ok
131,Li2SO4,S/cm,10 ? 6,10.1016/j.ssi.2019.02.004,16/02/2019,Argyrodite,F-43m (216); Pna21 (33);,1e-06,power_of_ten,ok
216,Li2SO4,mScm?1,100,10.1016/j.electacta.2018.06.037,06/06/2018,Argyrodite,F-43m (216); Pna21 (33);,100.0,power_of_ten,ok
238,Li2SO4,Scm?1,1.7 × 10 ? 3,10.1016/S0167-2738(97)00429-3,11/06/1999,Argyrodite,F-43m (216); Pna21 (33);,0.0017,single_sci,ok
310,Li2SP2S5,S/cm,to 1.8 × 10 ? 4,10.1016/j.ssi.2018.01.010,21/02/2018,Argyrodite,F-43m (216); Pna21 (33);,0.00018,open_upper,ok
353,Li2SO4,S/cm,"1.498 × 10 ? 7 , 3.539 × 10 ? 9 and 8.7141 × 10 ? 15",10.1016/S0167-2738(98)00209-4,10/08/1999,Argyrodite,F-43m (216); Pna21 (33);,1.6654757177005535e-10,multi_value,ok
413,Li3.8Sb0.2Sn0.8S4,Scm?1,3.5 × 10 ? 4,10.1016/j.jechem.2019.05.015,29/05/2019,Argyrodite,F-43m (216); Pna21 (33);,0.00035,single_sci,ok
435,Li7P3S11,Scm?1,8.7 × 10 ? 4,10.1039/C9TA04772G,30/07/2019,Argyrodite,F-43m (216); Pna21 (33);,0.00087,single_sci,ok
467,Li2SP2S5,Scm?1,10 ? 4,10.1039/C4TA04332D,27/01/2015,Argyrodite,F-43m (216); Pna21 (33);,0.0001,power_of_ten,ok
468,Li2SP2S5,Scm?1,1 × 10 ? 4,10.1016/S0167-2738(02)00509-X,01/10/2002,Argyrodite,F-43m (216); Pna21 (33);,0.0001,single_sci,ok
505,Li7P3S11,Scm?1,5.4 × 10 ? 3,10.1016/j.jascer.2013.03.005,09/04/2013,Argyrodite,F-43m (216); Pna21 (33);,0.0054,single_sci,ok
508,Li7P3S11,Scm?1,1 × 10 ? 3,10.1016/j.jpowsour.2018.06.011,06/06/2018,Argyrodite,F-43m (216); Pna21 (33);,0.001,single_sci,ok
605,Li7P3S11,Scm?1,1 × 10 ? 3,10.1039/C7QI00737J,13/02/2018,Argyrodite,F-43m (216); Pna21 (33);,0.001,single_sci,ok
653,Li7P3S11,mScm?1,12,10.1039/C6TA01628F,28/06/2016,Argyrodite,F-43m (216); Pna21 (33);,12.0,single_plain,ok
668,Li2SP2S5,Scm?1,1.7 × 10 ? 2,10.1039/C6MH00218H,24/10/2016,Argyrodite,F-43m (216); Pna21 (33);,0.017,single_sci,ok
804,Li2SO4,S/cm,1 × 10 ? 2,10.1016/j.ensm.2019.06.032,28/06/2019,Argyrodite,F-43m (216); Pna21 (33);,0.01,single_sci,ok
919,Li2SP2S5,Scm?1,2.6 × 10 ? 6,10.1039/C3TA15090A,11/03/2014,Argyrodite,F-43m (216); Pna21 (33);,2.6e-06,single_sci,ok
947,Li7P3S11,Scm?1,1.2 × 10 ? 2,10.1039/C7TA07972A,21/11/2017,Argyrodite,F-43m (216); Pna21 (33);,0.012,single_sci,ok
984,Li2SP2S5,Scm?1,8 × 10 ? 5,10.1016/S0167-2738(02)00509-X,01/10/2002,Argyrodite,F-43m (216); Pna21 (33);,8e-05,single_sci,ok
1009,Li7P3S11,Scm?1,10 ? 3,10.1016/j.jpowsour.2017.09.031,19/09/2017,Argyrodite,F-43m (216); Pna21 (33);,0.001,power_of_ten,ok
1013,Li2SO4,Scm?1,8,10.1039/C3TA15264B,25/03/2014,Argyrodite,F-43m (216); Pna21 (33);,8.0,single_plain,ok
1061,Li7P3S11,Scm?1,1.5 × 10 ? 3,10.1039/C7RA09081A,02/10/2017,Argyrodite,F-43m (216); Pna21 (33);,0.0015,single_sci,ok
1062,Li7P3S11,S/cm,5,10.1016/j.ssi.2016.01.015,26/01/2016,Argyrodite,F-43m (216); Pna21 (33);,5.0,single_plain,ok
1067,Li7P3S11,mScm?1,2.2,10.1016/j.electacta.2018.07.191,26/07/2018,Argyrodite,F-43m (216); Pna21 (33);,2.2,single_plain,ok
1092,Li7P3S11,Scm?1,2.7 × 10 ? 4,10.1016/j.jpowsour.2014.08.024,14/08/2014,Argyrodite,F-43m (216); Pna21 (33);,0.00027000000000000006,single_sci,ok
1136,Li2SP2S5,Scm?1,1.7 × 10 ? 4,10.1039/C0JM01090A,07/12/2010,Argyrodite,F-43m (216); Pna21 (33);,0.00017,single_sci,ok
1152,Li2SO4,S/cm,0.9,10.1016/S0167-2738(00)00467-7,30/11/2000,Argyrodite,F-43m (216); Pna21 (33);,0.9,single_plain,ok
1193,Li7P3S11,mScm?1,3.2,10.1016/j.jpowsour.2017.10.093,14/11/2017,Argyrodite,F-43m (216); Pna21 (33);,3.2,single_plain,ok
1237,Li2SO4,Scm?1,8,10.1016/j.jpowsour.2016.04.065,22/04/2016,Argyrodite,F-43m (216); Pna21 (33);,8.0,single_plain,ok
1357,Li2SO4,Scm?1,1,10.1016/S0254-0584(03)00277-3,24/07/2003,Argyrodite,F-43m (216); Pna21 (33);,1.0,single_plain,ok
1374,Li2SO4,S/cm,7.27 × 10 ? 10,10.1016/j.saa.2007.05.029,24/05/2007,Argyrodite,F-43m (216); Pna21 (33);,7.27e-10,single_sci,ok
1412,Li2SP2S5,Scm?1,10 ? 3,10.1016/j.jpowsour.2008.10.005,11/10/2008,Argyrodite,F-43m (216); Pna21 (33);,0.001,power_of_ten,ok
1422,Li7P3S11,mScm?1,9.7 × 10 ? 4,10.1016/j.electacta.2016.09.155,30/09/2016,Argyrodite,F-43m (216); Pna21 (33);,0.0009699999999999999,single_sci,ok
1434,Li7P3S11,S/cm,10 ? 3,10.1016/j.jpowsour.2017.09.070,06/10/2017,Argyrodite,F-43m (216); Pna21 (33);,0.001,power_of_ten,ok
1451,Li7P3S11,Scm?1,2.3 × 10 ? 3 to 4.1 × 10 ? 3,10.1039/C4TA04332D,27/01/2015,Argyrodite,F-43m (216); Pna21 (33);,0.003070830506556818,range_to,ok
1507,Li6PO5Cl,mScm?1,2.5 × 10 ? 3 and 3.8 × 10 ? 3,10.1039/C8TA11151K,05/03/2019,Argyrodite,F-43m (216); Pna21 (33);,0.0030822070014844874,multi_value,ok
1552,Li6PO5Cl,mScm?1,2.5 × 10 ? 3 and 3.8 × 10 ? 3,10.1039/C8TA11151K,05/03/2019,Argyrodite,F-43m (216); Pna21 (33);,0.0030822070014844874,multi_value,ok
1553,Li7P3S11,Scm?1,4.8 × 10 ? 3,10.1016/j.ensm.2018.02.020,28/02/2018,Argyrodite,F-43m (216); Pna21 (33);,0.0048,single_sci,ok
1594,Li7P3S11,mScm?1,2.6,10.1039/C6TA10142A,07/02/2017,Argyrodite,F-43m (216); Pna21 (33);,2.6,single_plain,ok
1610,Li2SO4,Scm?1,1,10.1016/S0167-2738(97)00429-3,11/06/1999,Argyrodite,F-43m (216); Pna21 (33);,1.0,single_plain,ok
1619,Li2SP2S5,Scm?1,10 ? 3,10.1016/j.jascer.2013.03.005,09/04/2013,Argyrodite,F-43m (216); Pna21 (33);,0.001,power_of_ten,ok
1707,Li2SP2S5,Scm?1,2 × 10 ? 4,10.1039/C9RA00949C,08/05/2019,Argyrodite,F-43m (216); Pna21 (33);,0.0002,single_sci,ok
1750,Li2SO4,Scm?1,1.5 × 10 ? 3,10.1016/S0167-2738(97)00429-3,11/06/1999,Argyrodite,F-43m (216); Pna21 (33);,0.0015,single_sci,ok
1752,Li2SP2S5,Scm?1,10 ? 3,10.1039/C3TA15090A,11/03/2014,Argyrodite,F-43m (216); Pna21 (33);,0.001,power_of_ten,ok
1765,Li7P3S11,Scm?1,10 ? 4,10.1016/j.ceramint.2018.01.190,02/02/2018,Argyrodite,F-43m (216); Pna21 (33);,0.0001,power_of_ten,ok
1822,Li2SP2S5,Scm?1,10 ? 4,10.1016/j.jascer.2013.03.005,09/04/2013,Argyrodite,F-43m (216); Pna21 (33);,0.0001,power_of_ten,ok
1980,Li7P3S11,mScm?1,5.6,10.1039/C7TA01147D,28/03/2017,Argyrodite,F-43m (216); Pna21 (33);,5.6,single_plain,ok
2095,Li2SP2S5,mScm?1,3.2,10.1039/C6TA10142A,07/02/2017,Argyrodite,F-43m (216); Pna21 (33);,3.2,single_plain,ok
2154,Li2SO4,Scm?1,10 ? 4,10.1039/C6EE02697D,18/01/2017,Argyrodite,F-43m (216); Pna21 (33);,0.0001,power_of_ten,ok
2267,Li2SO4,Scm?1,to 3,10.1016/S0254-0584(03)00277-3,24/07/2003,Argyrodite,F-43m (216); Pna21 (33);,3.0,open_upper,ok
2285,Li7P3S11,mScm?1,8.6,10.1016/j.electacta.2018.07.191,26/07/2018,Argyrodite,F-43m (216); Pna21 (33);,8.6,single_plain,ok
2300,Li2SP2S5,Scm?1,10 ? 6,10.1016/j.jpowsour.2006.06.018,27/07/2006,Argyrodite,F-43m (216); Pna21 (33);,1e-06,power_of_ten,ok
2396,Li7P3S11,Scm?1,3.2 × 10 ? 3,10.1016/j.jascer.2013.03.005,09/04/2013,Argyrodite,F-43m (216); Pna21 (33);,0.0032,single_sci,ok
2400,Li2SP2S5,Scm?1,10 ? 4,10.1039/C0JM01090A,07/12/2010,Argyrodite,F-43m (216); Pna21 (33);,0.0001,power_of_ten,ok
2403,Li2SP2S5,Scm?1,10 ? 4,10.1016/j.elecom.2008.09.026,21/09/2008,Argyrodite,F-43m (216); Pna21 (33);,0.0001,power_of_ten,ok
2426,Li3.8Sb0.2Sn0.8S4,Scm?1,1.2 × 10 ? 8,10.1016/j.jechem.2019.05.015,29/05/2019,Argyrodite,F-43m (216); Pna21 (33);,1.2e-08,single_sci,ok
2459,Li2SP2S5,Scm?1,3.2 × 10 ? 3,10.1039/C3EE41655K,22/01/2014,Argyrodite,F-43m (216); Pna21 (33);,0.0032,single_sci,ok
2534,Li2SP2S5,Scm?1,1.7 × 10 ? 2,10.1039/C3EE41655K,22/01/2014,Argyrodite,F-43m (216); Pna21 (33);,0.017,single_sci,ok
2563,Li2SP2S5,Scm?1,10 ? 3,10.1016/j.jpowsour.2016.08.058,26/08/2016,Argyrodite,F-43m (216); Pna21 (33);,0.001,power_of_ten,ok
2642,Li7P3S11,Scm?1,4 × 10 ? 3,10.1039/C5TA06379E,20/10/2015,Argyrodite,F-43m (216); Pna21 (33);,0.004,single_sci,ok
2692,Li7P3S11,mScm?1,1.89,10.1016/j.nanoen.2018.09.061,27/09/2018,Argyrodite,F-43m (216); Pna21 (33);,1.89,single_plain,ok
2731,Li2SP2S5,Scm?1,10 ? 2,10.1016/j.jpowsour.2018.05.003,16/05/2018,Argyrodite,F-43m (216); Pna21 (33);,0.01,power_of_ten,ok
2745,Li2SP2S5,Scm?1,6 × 10 ? 4,10.1016/S0167-2738(02)00509-X,01/10/2002,Argyrodite,F-43m (216); Pna21 (33);,0.0006000000000000001,single_sci,ok
2791,Li7P3S11,Scm?1,1.0 × 10 ? 3,10.1039/C7RA09081A,02/10/2017,Argyrodite,F-43m (216); Pna21 (33);,0.001,single_sci,ok
2832,Li2SO4,mScm?1,110  115,10.1016/j.est.2019.01.013,18/03/2019,Argyrodite,F-43m (216); Pna21 (33);,,unknown,manual_review
2887,Li2SP2S5,Scm?1,3.2 × 10 ? 3,10.1016/j.jnoncrysol.2006.10.091,11/12/2007,Argyrodite,F-43m (216); Pna21 (33);,0.0032,single_sci,ok
2933,Li2SP2S5,Scm?1,3.2 × 10 ? 3,10.1016/j.jpowsour.2013.01.090,25/01/2013,Argyrodite,F-43m (216); Pna21 (33);,0.0032,single_sci,ok
2963,Li7P3S11,Scm?1,9.7 × 10 ? 4,10.1016/j.ceramint.2017.09.241,11/10/2017,Argyrodite,F-43m (216); Pna21 (33);,0.0009699999999999999,single_sci,ok
2975,Li7P3S11,Scm?1,2.7 × 10 ? 4,10.1016/j.ceramint.2017.09.241,11/10/2017,Argyrodite,F-43m (216); Pna21 (33);,0.00027000000000000006,single_sci,ok
3014,Li7P3S11,Scm?1,9.7 × 10 ? 4,10.1016/j.electacta.2016.09.155,30/09/2016,Argyrodite,F-43m (216); Pna21 (33);,0.0009699999999999999,single_sci,ok
3029,Li7P3S11,Scm?1,10 ? 4,10.1016/j.jpowsour.2018.05.003,16/05/2018,Argyrodite,F-43m (216); Pna21 (33);,0.0001,power_of_ten,ok
3084,Li2SP2S5,Scm?1,4  8 × 10 ? 5,10.1016/j.jpowsour.2012.01.086,21/01/2012,Argyrodite,F-43m (216); Pna21 (33);,,range_dash,manual_review
3166,Li2SO4,Scm?1,to 3,10.1016/S0167-2738(97)00429-3,11/06/1999,Argyrodite,F-43m (216); Pna21 (33);,3.0,open_upper,ok
3185,Li2SP2S5,Scm?1,10 ? 4,10.1039/C6TA07384K,08/11/2016,Argyrodite,F-43m (216); Pna21 (33);,0.0001,power_of_ten,ok
3279,Li2SP2S5,Scm?1,10 ? 3,10.1016/j.jpowsour.2013.09.117,05/10/2013,Argyrodite,F-43m (216); Pna21 (33);,0.001,power_of_ten,ok
3303,Li2SP2S5,Scm?1,1.6 × 10 ? 4,10.1039/C6MH00218H,24/10/2016,Argyrodite,F-43m (216); Pna21 (33);,0.00016,single_sci,ok
3313,Li2SP2S5,Scm?1,10 ? 3,10.1039/C2JM16802B,24/04/2012,Argyrodite,F-43m (216); Pna21 (33);,0.001,power_of_ten,ok
3314,Li2SP2S5,S/cm,7.5 × 10 ? 4,10.1016/j.ssi.2018.01.010,21/02/2018,Argyrodite,F-43m (216); Pna21 (33);,0.00075,single_sci,ok
3333,Li2SP2S5,Scm?1,3.2 × 10 ? 3,10.1016/j.jpowsour.2018.05.003,16/05/2018,Argyrodite,F-43m (216); Pna21 (33);,0.0032,single_sci,ok
3424,Li2SP2S5,Scm?1,6.3 × 10 ? 4,10.1016/j.jpowsour.2010.12.020,21/12/2010,Argyrodite,F-43m (216); Pna21 (33);,0.00063,single_sci,ok
3526,Li2SP2S5,Scm?1,10 ? 3,10.1016/j.jpowsour.2010.12.055,23/12/2010,Argyrodite,F-43m (216); Pna21 (33);,0.001,power_of_ten,ok
3537,Li7P3S11,Scm?1,4.1 × 10 ? 3,10.1016/j.jpowsour.2014.08.024,14/08/2014,Argyrodite,F-43m (216); Pna21 (33);,0.0040999999999999995,single_sci,ok
3595,Li7P3S11,Scm?1,3.2 × 10 ? 3,10.1039/C7QI00737J,13/02/2018,Argyrodite,F-43m (216); Pna21 (33);,0.0032,single_sci,ok
3597,Li7P3S11,mScm?1,17,10.1039/C7TA01147D,28/03/2017,Argyrodite,F-43m (216); Pna21 (33);,17.0,single_plain,ok
3619,Li2SO4,S/cm,"1.498 × 10 ? 7 , 3.539 × 10 ? 9 and 8.7141 × 10 ? 15",10.1016/S0167-2738(98)00209-4,10/08/1999,Argyrodite,F-43m (216); Pna21 (33);,1.6654757177005535e-10,multi_value,ok
3663,Li7P3S11,Scm?1,4.1 × 10 ? 4,10.1039/C7TA06873E,10/10/2017,Argyrodite,F-43m (216); Pna21 (33);,0.00041,single_sci,ok
3730,Li7P3S11,S/cm,4,10.1016/j.ssi.2016.01.015,26/01/2016,Argyrodite,F-43m (216); Pna21 (33);,4.0,single_plain,ok
3734,Li2SO4,mScm?1,110  115,10.1016/j.est.2019.01.013,18/03/2019,Argyrodite,F-43m (216); Pna21 (33);,,unknown,manual_review
3760,Li7P3S11,Scm?1,10 ? 3,10.1016/j.electacta.2018.11.035,09/11/2018,Argyrodite,F-43m (216); Pna21 (33);,0.001,power_of_ten,ok
3870,Li2SP2S5,S/cm,4,10.1016/j.ssi.2012.05.032,19/06/2012,Argyrodite,F-43m (216); Pna21 (33);,4.0,single_plain,ok
3881,Li7P3S11,S/cm,3.0 × 10 ? 3,10.1016/j.materresbull.2010.06.033,16/06/2010,Argyrodite,F-43m (216); Pna21 (33);,0.003,single_sci,ok
3885,Li2SP2S5,Scm?1,10 ? 4,10.1016/j.ssi.2010.10.001,26/11/2010,Argyrodite,F-43m (216); Pna21 (33);,0.0001,power_of_ten,ok
3891,Li7P3S11,mScm?1,2.22,10.1016/j.elecom.2018.10.024,31/10/2018,Argyrodite,F-43m (216); Pna21 (33);,2.22,single_plain,ok
3913,Li7P3S11,mScm?1,2,10.1016/j.jpowsour.2017.10.093,14/11/2017,Argyrodite,F-43m (216); Pna21 (33);,2.0,single_plain,ok
3933,Li2SO4,S/cm,"1.498 × 10 ? 7 , 3.539 × 10 ? 9 and 8.7141 × 10 ? 15",10.1016/S0167-2738(98)00209-4,10/08/1999,Argyrodite,F-43m (216); Pna21 (33);,1.6654757177005535e-10,multi_value,ok
3939,Li7P3S11,Scm?1,1.9 × 10 ? 10,10.1039/C7EE03083E,17/01/2018,Argyrodite,F-43m (216); Pna21 (33);,1.9e-10,single_sci,ok
3955,Li7P3S11,Scm?1,2.3 × 10 ? 3 to 4.1 × 10 ? 3,10.1039/C4TA04332D,27/01/2015,Argyrodite,F-43m (216); Pna21 (33);,0.003070830506556818,range_to,ok
14,Li5La3Nb2O12,Scm?1,1.6 × 10 ? 4,10.1016/j.materresbull.2017.11.047,26/11/2017,Garnet,Ia-3d (230),0.00016,single_sci,ok
19,Li7La3Zr2O12,Scm?1,1 × 10 ? 3,10.1016/j.jpowsour.2017.11.074,08/12/2017,Garnet,Ia-3d (230),0.001,single_sci,ok
46,Li7-xLa3Zr2-xTaxO12,S/cm,10 ? 9,10.1016/j.ceramint.2018.09.245,25/09/2018,Garnet,Ia-3d (230),1e-09,power_of_ten,ok
47,Li7La3Zr2O12,Scm?1,10 ? 6,10.1016/j.jpowsour.2017.01.088,31/01/2017,Garnet,Ia-3d (230),1e-06,power_of_ten,ok
51,Al-doped Li7La3Zr2O12,Scm?1,2.85 × 10 ? 6,10.1016/j.jallcom.2015.05.085,14/05/2015,Garnet,Ia-3d (230),2.85e-06,single_sci,ok
52,Li7La3Zr2O12,S/cm,8 × 10 ? 4,10.1016/j.jpowsour.2015.02.050,09/02/2015,Garnet,Ia-3d (230),0.0008,single_sci,ok
92,Li7La3Zr2O12,Scm?1,10 ? 4,10.1039/C7CP06768B,17/01/2018,Garnet,Ia-3d (230),0.0001,power_of_ten,ok
95,Li7La3Zr2O12,Scm?1,2.4 × 10 ? 6,10.1016/j.jpowsour.2014.09.164,02/10/2014,Garnet,Ia-3d (230),2.4e-06,single_sci,ok
106,Li7La3Zr2O12,Scm?1,to 2.83 × 10 ? 4,10.1016/j.ssi.2018.05.015,19/05/2018,Garnet,Ia-3d (230),0.000283,open_upper,ok
117,Li7La3Zr2O12,Scm?1,5.2 × 10 ? 6,10.1016/j.jpowsour.2011.10.108,06/11/2011,Garnet,Ia-3d (230),5.2e-06,single_sci,ok
128,Li7La3Zr2O12,Scm?1,10 ? 6,10.1016/j.compscitech.2019.02.030,28/02/2019,Garnet,Ia-3d (230),1e-06,power_of_ten,ok
132,Li7La3Zr2O12,S/cm,10 ? 7,10.1016/j.electacta.2012.06.115,15/07/2012,Garnet,Ia-3d (230),1e-07,power_of_ten,ok
144,60Li2O10Nb2O530P2O5,S/cm,1.23 × 10 ? 7,10.1016/j.materresbull.2010.06.033,16/06/2010,Garnet,Ia-3d (230),1.23e-07,single_sci,ok
162,Li7La3Zr2O12,Scm?1,1.63 × 10 ? 6,10.1039/C4TA04570J,24/02/2015,Garnet,Ia-3d (230),1.6299999999999999e-06,single_sci,ok
173,Li7La3Zr2O12,Scm?1,3.7 × 10 ? 4,10.1039/C6TA05439K,11/10/2016,Garnet,Ia-3d (230),0.00037000000000000005,single_sci,ok
176,Li7La3Zr2O12,Scm?1,1.68 × 10 ? 4,10.1016/j.jpowsour.2013.10.089,30/10/2013,Garnet,Ia-3d (230),0.000168,single_sci,ok
204,Li7La3Zr2O12,Scm?1,1.63 × 10 ? 6,10.1016/j.jssc.2009.10.030,10/11/2009,Garnet,Ia-3d (230),1.6299999999999999e-06,single_sci,ok
207,Li7La3Zr2O12,Scm?1,2.85 × 10 ? 6,10.1016/j.jpowsour.2014.03.148,24/04/2014,Garnet,Ia-3d (230),2.85e-06,single_sci,ok
208,Li7La3Zr2O12,Scm?1,1.4 to 4 × 10 ? 4,10.1016/j.matchemphys.2012.03.054,26/04/2012,Garnet,Ia-3d (230),0.02366431913239847,range_to,ok
210,Li7La3Zr2O12,Scm?1,1.8 × 10 ? 3,10.1016/j.jpowsour.2018.04.019,11/04/2018,Garnet,Ia-3d (230),0.0018000000000000002,single_sci,ok
213,Li6.4Ga0.2La3Zr2O12,Scm?1,1.24 × 10 ? 3,10.1016/j.ceramint.2019.04.236,30/04/2019,Garnet,Ia-3d (230),0.00124,single_sci,ok
221,60Li2O10Nb2O530P2O5,S/cm,2.35 × 10 ? 6,10.1016/j.materresbull.2010.06.033,16/06/2010,Garnet,Ia-3d (230),2.35e-06,single_sci,ok
243,Al-doped Li7La3Zr2O12,Scm?1,3.32 × 10 ? 4,10.1016/j.jallcom.2015.05.085,14/05/2015,Garnet,Ia-3d (230),0.000332,single_sci,ok
251,Li7La3Zr2O12,Scm?1,2.5 × 10 ? 4,10.1016/j.ssi.2018.05.015,19/05/2018,Garnet,Ia-3d (230),0.00025,single_sci,ok
262,Li7La3Zr2O12,Scm?1,1 × 10 ? 3,10.1039/C6EE00633G,02/08/2016,Garnet,Ia-3d (230),0.001,single_sci,ok
273,Li7La3Zr2O12,Scm?1, 10 ? 5,10.1039/C4CP02921F,06/08/2014,Garnet,Ia-3d (230),1e-05,power_of_ten_leading_dash,ok
295,Li7La3Zr2O12,Scm?1,2 × 10 ? 4,10.1016/j.jpowsour.2013.09.140,09/10/2013,Garnet,Ia-3d (230),0.0002,single_sci,ok
335,Li7La3Zr2O12,S/cm,10 ? 8,10.1016/j.electacta.2013.11.020,16/11/2013,Garnet,Ia-3d (230),1e-08,power_of_ten,ok
366,60Li2O10Nb2O530P2O5,S/cm,10 ? 8,10.1016/j.materresbull.2010.06.033,16/06/2010,Garnet,Ia-3d (230),1e-08,power_of_ten,ok
394,Li7La3Zr2O12,S/cm,1.8 × 10 ? 7,10.1016/j.cossms.2013.10.002,01/11/2013,Garnet,Ia-3d (230),1.8e-07,single_sci,ok
428,Li7La3Zr2O12,Scm?1,5 × 10 ? 4,10.1016/j.ceramint.2016.03.144,19/03/2016,Garnet,Ia-3d (230),0.0005,single_sci,ok
430,Li7La3Zr2O12,Scm?1,5 × 10 ? 4,10.1016/j.pmatsci.2017.04.007,08/04/2017,Garnet,Ia-3d (230),0.0005,single_sci,ok
457,Li5.5La3Nb1.75In0.25O12,S/cm,1.8 × 10 ? 4,10.1016/j.nanoen.2013.02.003,06/03/2013,Garnet,Ia-3d (230),0.00018,single_sci,ok
474,Li7La3Zr2O12,Scm?1,2.06 × 10 ? 3,10.1016/j.jpowsour.2018.04.019,11/04/2018,Garnet,Ia-3d (230),0.00206,single_sci,ok
488,Li7La3Zr2O12,Scm?1,10 ? 4,10.1016/j.nanoen.2018.01.028,31/01/2018,Garnet,Ia-3d (230),0.0001,power_of_ten,ok
503,Li7La3Zr2O12,Scm?1,2.5 × 10 ? 6 and 1.0 × 10 ? 5,10.1039/C3DT51795K,20/08/2013,Garnet,Ia-3d (230),4.9999999999999996e-06,multi_value,ok
518,Li6.25Ga0.25La3Zr2O12,Scm?1,3.5 × 10 ? 4,10.1039/C5TA03239C,01/09/2015,Garnet,Ia-3d (230),0.00035,single_sci,ok
521,Li5.5La3Nb1.75In0.25O12,Scm?1,1.8 × 10 ? 4,10.1039/C4CP00418C,21/05/2014,Garnet,Ia-3d (230),0.00018,single_sci,ok
532,Li6.4La3Zr1.4Ta0.6O12,S/cm,10 ? 3,10.1016/j.jpowsour.2018.02.062,24/02/2018,Garnet,Ia-3d (230),0.001,power_of_ten,ok
551,Li7La3Zr2O12,Scm?1,10 ? 3,10.1016/j.jallcom.2015.05.085,14/05/2015,Garnet,Ia-3d (230),0.001,power_of_ten,ok
561,Li6.4La3Zr1.4Ta0.6O12,Scm?1,3.7 × 10 ? 4,10.1016/j.pmatsci.2017.04.007,08/04/2017,Garnet,Ia-3d (230),0.00037000000000000005,single_sci,ok
570,Li6.75La3Zr1.75Nb0.25O12,Scm?1,8.0 × 10 ? 4,10.1039/C6RA13317G,17/08/2016,Garnet,Ia-3d (230),0.0008,single_sci,ok
638,Li7La3Zr2O12,Scm?1,7.74 × 10 ? 4,10.1039/C4CS00020J,09/06/2014,Garnet,Ia-3d (230),0.0007740000000000001,single_sci,ok
639,Li7La3Zr2O12,Scm?1,10 ? 4,10.1039/C9ME00050J,05/08/2019,Garnet,Ia-3d (230),0.0001,power_of_ten,ok
650,Li7La3Zr2O12,Scm?1,6.3 × 10 ? 4 and 6.5 × 10 ? 3,10.1016/j.jpowsour.2014.08.110,04/09/2014,Garnet,Ia-3d (230),0.0020236106344848075,multi_value,ok
673,Li5La3Nb2O12,Scm?1,10 ? 4,10.1016/j.materresbull.2017.11.047,26/11/2017,Garnet,Ia-3d (230),0.0001,power_of_ten,ok
699,Li7La3Zr2O12,Scm?1,10 ? 4,10.1039/C6TA08891K,20/12/2016,Garnet,Ia-3d (230),0.0001,power_of_ten,ok
708,Li7La3Zr2O12,Scm?1,10 ? 4,10.1039/C5CE00386E,28/04/2015,Garnet,Ia-3d (230),0.0001,power_of_ten,ok
728,Li7La3Zr2O12,Scm?1,10 ? 3,10.1016/j.ensm.2018.07.004,07/07/2018,Garnet,Ia-3d (230),0.001,power_of_ten,ok
732,Li7La3Zr2O12,Scm?1,10 ? 4,10.1016/j.materresbull.2017.11.047,26/11/2017,Garnet,Ia-3d (230),0.0001,power_of_ten,ok
751,Li6SrLa2Bi2O12,Scm?1,5.2 × 10 ? 5,10.1016/j.mseb.2007.07.009,08/08/2007,Garnet,Ia-3d (230),5.2000000000000004e-05,single_sci,ok
752,Li7La3Zr2O12,Scm?1,4.5 × 10 ? 4,10.1016/j.jpowsour.2015.10.084,11/11/2015,Garnet,Ia-3d (230),0.00045000000000000004,single_sci,ok
760,Li7La3Zr2O12,S/cm,0.93 × 10 ? 4,10.1016/j.electacta.2012.06.115,15/07/2012,Garnet,Ia-3d (230),9.300000000000001e-05,single_sci,ok
787,Li7La3Zr2O12,Scm?1,10 ? 6,10.1039/C8TA08366E,16/10/2018,Garnet,Ia-3d (230),1e-06,power_of_ten,ok
796,Li7La3Zr2O12,S/cm,3.5 × 10 ? 4,10.1016/j.jiec.2017.07.041,08/08/2017,Garnet,Ia-3d (230),0.00035,single_sci,ok
806,Li6.4Ga0.2La3Zr2O12,Scm?1,4.0 × 10 ? 4,10.1039/C5TA03239C,01/09/2015,Garnet,Ia-3d (230),0.0004,single_sci,ok
825,Li7La3Zr2O12,S/cm,1.1 × 10 ? 4,10.1016/j.electacta.2012.06.115,15/07/2012,Garnet,Ia-3d (230),0.00011000000000000002,single_sci,ok
839,Li7La3Zr2O12,Scm?1,8.89 × 10 ? 5,10.1016/j.ssi.2018.02.030,24/02/2018,Garnet,Ia-3d (230),8.890000000000002e-05,single_sci,ok
855,Li7La3Zr2O12,Scm?1,10 ? 6,10.1016/j.ssi.2019.115047,07/09/2019,Garnet,Ia-3d (230),1e-06,power_of_ten,ok
884,Li7La3Zr2O12,Scm?1,2.5 × 10 ? 4,10.1039/C2IC90006H,01/08/2012,Garnet,Ia-3d (230),0.00025,single_sci,ok
885,Li6.4La3Zr1.4Ta0.6O12,Scm?1,10 ? 3,10.1039/C6CP02287A,01/06/2016,Garnet,Ia-3d (230),0.001,power_of_ten,ok
912,Li7La3Sn2O12,Scm?1,10 ? 8,10.1039/C4TA04570J,24/02/2015,Garnet,Ia-3d (230),1e-08,power_of_ten,ok
966,Li7La3Zr2O12,Scm?1,4.4 × 10 ? 4,10.1016/j.ssi.2019.115047,07/09/2019,Garnet,Ia-3d (230),0.00044000000000000007,single_sci,ok
989,Al-doped Li7La3Zr2O12,Scm?1,10 ? 6,10.1016/j.jallcom.2015.05.085,14/05/2015,Garnet,Ia-3d (230),1e-06,power_of_ten,ok
1021,Li7La3Zr2O12,Scm?1,1.2 × 10 ? 4,10.1016/j.ssi.2018.02.029,20/02/2018,Garnet,Ia-3d (230),0.00012,single_sci,ok
1030,Li7-xLa3Zr2-xTaxO12,S/cm,10 ? 7,10.1016/j.ceramint.2018.09.245,25/09/2018,Garnet,Ia-3d (230),1e-07,power_of_ten,ok
1032,Li7La3Zr2O12,Scm?1,5 × 10 ? 4,10.1039/C3TA13005C,15/10/2013,Garnet,Ia-3d (230),0.0005,single_sci,ok
1052,Li6.3La2.9Ca0.2Zr1.4Ta0.6O12,Scm?1,5 × 10 ? 5 and 2.0 × 10 ? 4,10.1039/C7DT01573A,25/07/2017,Garnet,Ia-3d (230),0.0001,multi_value,ok
1071,Li3Y3Te2O12,Scm?1,3.94 × 10 ? 6 and 1.48 × 10 ? 6,10.1039/C4DT02861A,09/12/2014,Garnet,Ia-3d (230),2.4147877753541813e-06,multi_value,ok
1090,Li7La3Zr2O12,Scm?1,3.12 × 10 ? 7,10.1016/j.ceramint.2013.09.009,09/09/2013,Garnet,Ia-3d (230),3.12e-07,single_sci,ok
1139,Li7La3Zr2O12,Scm?1,2 × 10 ? 7,10.1016/j.electacta.2018.08.008,07/08/2018,Garnet,Ia-3d (230),2e-07,single_sci,ok
1156,Li7La3Zr2O12,Scm?1,10 ? 8,10.1016/j.ceramint.2015.05.062,21/05/2015,Garnet,Ia-3d (230),1e-08,power_of_ten,ok
1182,Li6.4La3Zr1.4Ta0.6O12,Scm?1,1.0 × 10 ? 3,10.1016/j.pmatsci.2017.04.007,08/04/2017,Garnet,Ia-3d (230),0.001,single_sci,ok
1242,Li5La3Nb2O12,Scm?1,1.12 × 10 ? 4,10.1039/C5CP02393A,10/06/2015,Garnet,Ia-3d (230),0.00011200000000000001,single_sci,ok
1259,Li7La3Zr2O12,S/cm,3.92 × 10 ? 6,10.1016/j.ceramint.2017.05.201,25/05/2017,Garnet,Ia-3d (230),3.92e-06,single_sci,ok
1266,Li7La3Zr2O12,Scm?1,6.3 × 10 ? 4,10.1016/j.jpowsour.2014.08.110,04/09/2014,Garnet,Ia-3d (230),0.00063,single_sci,ok
1279,Li7La3Zr2O12,Scm?1,1.4 × 10 ? 5,10.1039/C8TA11449H,12/02/2019,Garnet,Ia-3d (230),1.4e-05,single_sci,ok
1317,Li6SrLa2Bi2O12,S/cm,2.0 × 10 ? 5 and 5.2 × 10 ? 5,10.1016/j.mseb.2007.07.009,08/08/2007,Garnet,Ia-3d (230),3.224903099319421e-05,multi_value,ok
1322,Li7La3Zr2O12,Scm?1,2.4 × 10 ? 4,10.1039/C4TA03591G,11/11/2014,Garnet,Ia-3d (230),0.00024,single_sci,ok
1329,Li6.4La3Zr1.4Ta0.6O12,Scm?1,2.8 × 10 ? 4,10.1016/j.elecom.2018.07.001,02/07/2018,Garnet,Ia-3d (230),0.00028,single_sci,ok
1333,Li7La3Zr2O12,Scm?1,8 × 10 ? 5,10.1016/j.ssi.2018.05.015,19/05/2018,Garnet,Ia-3d (230),8e-05,single_sci,ok
1347,Li7La3Zr2O12,Scm?1,10 ? 2,10.1039/C8SE00139A,26/06/2018,Garnet,Ia-3d (230),0.01,power_of_ten,ok
1354,Li7La3Zr2O12,Scm?1,1.2 × 10 ? 2,10.1016/j.jpowsour.2011.10.108,06/11/2011,Garnet,Ia-3d (230),0.012,single_sci,ok
1386,Li7La3Zr2O12,Scm?1,1.5 × 10 ? 4,10.1016/j.electacta.2018.03.101,19/03/2018,Garnet,Ia-3d (230),0.00015000000000000001,single_sci,ok
1393,Li7La3Zr2O12,S/cm,10 ? 4,10.1016/j.jallcom.2017.02.059,09/02/2017,Garnet,Ia-3d (230),0.0001,power_of_ten,ok
1405,Li7La3Zr2O12,Scm?1,10 ? 5,10.1039/C4CS00442F,17/08/2015,Garnet,Ia-3d (230),1e-05,power_of_ten,ok
1418,Li7La3Zr2O12,Scm?1,4.0 × 10 ? 5,10.1016/j.jssc.2009.05.020,22/05/2009,Garnet,Ia-3d (230),4e-05,single_sci,ok
1442,Li7La3Zr2O12,S/cm,1.0 × 10 ? 4,10.1016/j.cossms.2013.10.002,01/11/2013,Garnet,Ia-3d (230),0.0001,single_sci,ok
1448,60Li2O10Nb2O530P2O5,Scm?1,2.35 × 10 ? 6,10.1016/j.jpowsour.2011.06.094,02/07/2011,Garnet,Ia-3d (230),2.35e-06,single_sci,ok
1449,Li5La3Sb2O12,Scm?1,6,10.1016/j.materresbull.2007.10.035,07/11/2007,Garnet,Ia-3d (230),6.0,single_plain,ok
1501,Li7La3Zr2O12,Scm?1,1.3 × 10 ? 6,10.1016/j.jpowsour.2011.10.108,06/11/2011,Garnet,Ia-3d (230),1.3e-06,single_sci,ok
1519,Li7La3Zr2O12,Scm?1,1.4 × 10 ? 4,10.1016/j.jpowsour.2011.10.060,20/10/2011,Garnet,Ia-3d (230),0.00014,single_sci,ok
1523,Li7La3Zr2O12,Scm?1,10 ? 3,10.1039/C8TA08095J,06/11/2018,Garnet,Ia-3d (230),0.001,power_of_ten,ok
1524,Li7?xLa3Zr2?xSbxO12,Scm?1,8.1 × 10 ? 5 and 5.9 × 10 ? 5,10.1039/C3CP50991E,19/06/2013,Garnet,Ia-3d (230),6.913031173081756e-05,multi_value,ok
1527,Li7La3Zr2O12,Scm?1,10 ? 4,10.1016/j.jpowsour.2018.04.019,11/04/2018,Garnet,Ia-3d (230),0.0001,power_of_ten,ok
1532,Li7La3Zr2O12,S/cm,1.0 × 10 ? 5,10.1016/j.ceramint.2017.05.201,25/05/2017,Garnet,Ia-3d (230),1e-05,single_sci,ok
1537,Li7La3Zr2O12,Scm?1,10 ? 4,10.1016/j.jmat.2016.04.003,12/04/2016,Garnet,Ia-3d (230),0.0001,power_of_ten,ok
1548,Li7La3Zr2O12,S/cm, 10 ? 6,10.1016/j.jiec.2017.07.041,08/08/2017,Garnet,Ia-3d (230),1e-06,power_of_ten_leading_dash,ok
1565,Li6.625La3Zr1.625Ta0.375O12,Scm?1,5 × 10 ? 4,10.1016/j.jpowsour.2012.01.094,21/01/2012,Garnet,Ia-3d (230),0.0005,single_sci,ok
1611,Li7La3Zr2O12,Scm?1,10 ? 6,10.1016/j.jpowsour.2017.03.032,12/03/2017,Garnet,Ia-3d (230),1e-06,power_of_ten,ok
1612,Li5+2xLa3Nb2?xSCxO12,Scm?1,3.7 × 10 ? 4,10.1039/C5CP02393A,10/06/2015,Garnet,Ia-3d (230),0.00037000000000000005,single_sci,ok
1616,Li7La3Zr2O12,Scm?1,2.6 × 10 ? 4,10.1016/j.jpowsour.2014.08.110,04/09/2014,Garnet,Ia-3d (230),0.00026000000000000003,single_sci,ok
1636,Li7La3Zr2O12,Scm?1,4 × 10 ? 7,10.1016/j.matlet.2015.04.088,25/04/2015,Garnet,Ia-3d (230),4e-07,single_sci,ok
1643,Li6.4La3Zr1.4Nb0.6O12,Scm?1,to 1.4 × 10 ? 3,10.1016/j.compscitech.2019.02.030,28/02/2019,Garnet,Ia-3d (230),0.0014,open_upper,ok
1664,Li5La3Nb2O12,Scm?1,6,10.1039/C5CP02393A,10/06/2015,Garnet,Ia-3d (230),6.0,single_plain,ok
1668,Li5La3Nb2O12,Scm?1, 10 ? 4,10.1039/C4TA03591G,11/11/2014,Garnet,Ia-3d (230),0.0001,power_of_ten_leading_dash,ok
1690,Li7La3Zr2O12,Scm?1,10 ? 6,10.1039/C9ME00050J,05/08/2019,Garnet,Ia-3d (230),1e-06,power_of_ten,ok
1706,Li7La3Zr2O12,Scm?1,2.0 × 10 ? 9,10.1016/j.jpowsour.2015.12.054,01/02/2016,Garnet,Ia-3d (230),2e-09,single_sci,ok
1742,Li7La3Zr2O12,Scm?1,4.67 × 10 ? 4,10.1016/j.jssc.2009.05.020,22/05/2009,Garnet,Ia-3d (230),0.000467,single_sci,ok
1754,La3Zr2Ga0.5Li5.5O12,Scm?1,1 × 10 ? 4,10.1039/C2DT31318A,18/09/2012,Garnet,Ia-3d (230),0.0001,single_sci,ok
1769,Li7La3Zr2O12,Scm?1,10 ? 4,10.1039/C2RA01042A,27/02/2012,Garnet,Ia-3d (230),0.0001,power_of_ten,ok
1842,Li5.5La3Nb1.75In0.25O12,S/cm,1.8 × 10 ? 4,10.1016/j.jssc.2005.12.025,20/01/2006,Garnet,Ia-3d (230),0.00018,single_sci,ok
1845,Li7La3Zr2O12,Scm?1,2 × 10 ? 4,10.1016/j.jpowsour.2011.05.065,31/05/2011,Garnet,Ia-3d (230),0.0002,single_sci,ok
1877,Li7La3Zr2O12,S/cm,1 × 10 ? 4,10.1016/j.electacta.2012.06.115,15/07/2012,Garnet,Ia-3d (230),0.0001,single_sci,ok
1908,Li7La3Zr2O12,Scm?1,1.19 × 10 ? 3,10.1016/j.jssc.2009.05.020,22/05/2009,Garnet,Ia-3d (230),0.0011899999999999999,single_sci,ok
1941,Li7La3Zr2O12,Scm?1,5 × 10 ? 4,10.1016/j.scib.2017.10.011,21/10/2017,Garnet,Ia-3d (230),0.0005,single_sci,ok
1959,Li6.25Ga0.25La3Zr2O12,Scm?1,5.43 × 10 ? 4 to 1.28 × 10 ? 3,10.1016/j.rser.2019.04.035,20/04/2019,Garnet,Ia-3d (230),0.0008336905900872335,range_to,ok
1962,Li7La3Zr2O12,Scm?1,5.11 × 10 ? 4,10.1016/j.jssc.2009.05.020,22/05/2009,Garnet,Ia-3d (230),0.0005110000000000001,single_sci,ok
1971,Li7La3Zr2O12,Scm?1,8 × 10 ? 5,10.1016/j.electacta.2012.11.059,24/11/2012,Garnet,Ia-3d (230),8e-05,single_sci,ok
1989,Li7La3Zr2O12,S/cm,4.3 × 10 ? 9,10.1016/j.electacta.2012.06.115,15/07/2012,Garnet,Ia-3d (230),4.3000000000000005e-09,single_sci,ok
2037,Li6SrLa2Bi2O12,Scm?1,4.0 × 10 ? 5,10.1016/j.mseb.2007.07.009,08/08/2007,Garnet,Ia-3d (230),4e-05,single_sci,ok
2038,Li7La3Zr2O12,Scm?1,1.0 × 10 ? 5,10.1039/C4TA02289K,29/07/2014,Garnet,Ia-3d (230),1e-05,single_sci,ok
2058,Li6.6La3Zr1.6Sb0.4O12,Scm?1,7.7 × 10 ? 4,10.1039/C3CP50991E,19/06/2013,Garnet,Ia-3d (230),0.0007700000000000001,single_sci,ok
2061,Al-doped Li7La3Zr2O12,Scm?1,10 ? 3,10.1016/j.jallcom.2015.05.085,14/05/2015,Garnet,Ia-3d (230),0.001,power_of_ten,ok
2074,Li6SrLa2Bi2O12,Scm?1,2.0 × 10 ? 5,10.1016/j.scib.2017.10.011,21/10/2017,Garnet,Ia-3d (230),2e-05,single_sci,ok
2077,Li7La3Zr2O12,Scm?1,10 ? 6,10.1016/j.jallcom.2015.05.085,14/05/2015,Garnet,Ia-3d (230),1e-06,power_of_ten,ok
2086,Li7La3Zr2O12,Scm?1,8.3 × 10 ? 6,10.1039/C5RA18543B,09/11/2015,Garnet,Ia-3d (230),8.3e-06,single_sci,ok
2105,Li7La3Zr2O12,Scm?1,1.5 × 10 ? 4,10.1016/j.ceramint.2013.09.009,09/09/2013,Garnet,Ia-3d (230),0.00015000000000000001,single_sci,ok
2129,Li7La3Zr2O12,Scm?1,1.2 × 10 ? 3,10.1039/C8SE00139A,26/06/2018,Garnet,Ia-3d (230),0.0012,single_sci,ok
2135,Li5La3Nb2O12,Scm?1,1.8 × 10 ? 4,10.1016/j.pmatsci.2017.04.007,08/04/2017,Garnet,Ia-3d (230),0.00018,single_sci,ok
2138,Al-doped Li7La3Zr2O12,Scm?1,2.4 × 10 ? 6,10.1016/j.jpowsour.2014.09.164,02/10/2014,Garnet,Ia-3d (230),2.4e-06,single_sci,ok
2145,Li7La3Zr2O12,Scm?1,3 × 10 ? 4,10.1016/j.jallcom.2015.05.085,14/05/2015,Garnet,Ia-3d (230),0.00030000000000000003,single_sci,ok
2148,Li7La3Zr2O12,Scm?1,10 ? 5,10.1016/j.jpowsour.2018.05.003,16/05/2018,Garnet,Ia-3d (230),1e-05,power_of_ten,ok
2198,Li7La3Zr2O12,Scm?1,6.1 × 10 ? 4,10.1039/C4RA08674K,15/10/2014,Garnet,Ia-3d (230),0.00061,single_sci,ok
2209,Li7La3Zr2O12,mScm?1,1.5,10.1016/j.electacta.2018.07.191,26/07/2018,Garnet,Ia-3d (230),1.5,single_plain,ok
2212,Li7La3Zr2O12,Scm?1,1.16 × 10 ? 4,10.1016/j.ensm.2019.04.043,02/05/2019,Garnet,Ia-3d (230),0.000116,single_sci,ok
2226,Li6SrLa2Bi2O12,Scm?1,5,10.1016/j.mseb.2007.07.009,08/08/2007,Garnet,Ia-3d (230),5.0,single_plain,ok
2252,Li2ZrO3,Scm?1,10 ? 8,10.1016/j.ceramint.2018.10.219,28/10/2018,Garnet,Ia-3d (230),1e-08,power_of_ten,ok
2286,Li7La3Zr2O12,Scm?1,5.10 × 10 ? 4,10.1039/C4DT02861A,09/12/2014,Garnet,Ia-3d (230),0.00051,single_sci,ok
2345,Li7La3Zr2O12,Scm?1,7.83 × 10 ? 6,10.1016/j.jallcom.2018.02.134,13/02/2018,Garnet,Ia-3d (230),7.83e-06,single_sci,ok
2347,Al-doped Li7La3Zr2O12,Scm?1,2.5 × 10 ? 6 and 1.0 × 10 ? 5,10.1039/C3DT51795K,20/08/2013,Garnet,Ia-3d (230),4.9999999999999996e-06,multi_value,ok
2366,Li7La3Zr2O12,Scm?1,2.4 × 10 ? 4 and 1.4 × 10 ? 4,10.1016/j.jpowsour.2011.04.047,29/04/2011,Garnet,Ia-3d (230),0.00018330302779823372,multi_value,ok
2368,Li7La3Zr2O12,S/cm,10 ? 4,10.1016/j.apenergy.2016.02.064,27/02/2016,Garnet,Ia-3d (230),0.0001,power_of_ten,ok
2370,Li7La3Zr2O12,Scm?1,5 × 10 ? 4,10.1016/j.jpowsour.2014.02.102,20/03/2014,Garnet,Ia-3d (230),0.0005,single_sci,ok
2406,Li7La3Zr2O12,Scm?1,3.32 × 10 ? 4,10.1016/j.jallcom.2015.05.085,14/05/2015,Garnet,Ia-3d (230),0.000332,single_sci,ok
2411,Li7La3Zr2O12,Scm?1,7.7 × 10 ? 3,10.1039/B716563N,24/06/2008,Garnet,Ia-3d (230),0.0077,single_sci,ok
2441,Li7La3Zr2O12,Scm?1,7.51 × 10 ? 9,10.1016/j.jpowsour.2017.01.088,31/01/2017,Garnet,Ia-3d (230),7.51e-09,single_sci,ok
2486,Li7La3Zr2O12,Scm?1,2.85 × 10 ? 6,10.1016/j.jallcom.2015.05.085,14/05/2015,Garnet,Ia-3d (230),2.85e-06,single_sci,ok
2502,Li6.4La3Zr1.4Ta0.6O12,Scm?1,5 × 10 ? 5 and 2.0 × 10 ? 4,10.1039/C7DT01573A,25/07/2017,Garnet,Ia-3d (230),0.0001,multi_value,ok
2504,Li7La3Zr2O12,Scm?1, 1 × 10 ? 6 and 4 × 10 ? 4,10.1016/j.electacta.2018.08.008,07/08/2018,Garnet,Ia-3d (230),,multi_value,manual_review
2548,Li5La3Nb2O12,Scm?1,7.49 × 10 ? 6,10.1039/C5CP02393A,10/06/2015,Garnet,Ia-3d (230),7.49e-06,single_sci,ok
2559,Li7La3Zr2O12,Scm?1,5.2 × 10 ? 4,10.1039/C3TA13999A,27/11/2013,Garnet,Ia-3d (230),0.0005200000000000001,single_sci,ok
2571,Li7La3Zr2O12,Scm?1,1.35 × 10 ? 3,10.1016/j.jpowsour.2018.04.019,11/04/2018,Garnet,Ia-3d (230),0.00135,single_sci,ok
2578,Li7La3Zr2O12,S/cm,4.0 × 10 ? 4,10.1016/j.cossms.2013.10.002,01/11/2013,Garnet,Ia-3d (230),0.0004,single_sci,ok
2579,Nb-doped Li6.25La3Zr1.25Nb0.75O12,Scm?1,8 × 10 ? 4,10.1039/C4CS00020J,09/06/2014,Garnet,Ia-3d (230),0.0008,single_sci,ok
2601,Li6.4La3Zr1.4Ta0.6O12,Scm?1,1.6 × 10 ? 3,10.1016/j.jpowsour.2015.09.061,22/09/2015,Garnet,Ia-3d (230),0.0016,single_sci,ok
2660,Li7La3Zr2O12,S/cm,5.440 × 10 ? 6,10.1016/j.ssi.2018.09.021,09/10/2018,Garnet,Ia-3d (230),5.4400000000000004e-06,single_sci,ok
2663,Li7La3Zr2O12,Scm?1,to 2.1 × 10 ? 4,10.1039/C8TA10124H,05/02/2019,Garnet,Ia-3d (230),0.00021,open_upper,ok
2690,Li7La3Zr2O12,S/cm,10 ? 5,10.1016/j.ssi.2018.09.021,09/10/2018,Garnet,Ia-3d (230),1e-05,power_of_ten,ok
2691,Li2ZrO3,Scm?1,5.7 × 10 ? 5,10.1039/C7CP06768B,17/01/2018,Garnet,Ia-3d (230),5.7e-05,single_sci,ok
2694,Li7La3Zr2O12,Scm?1,3 × 10 ? 4,10.1016/j.elecom.2019.106483,19/06/2019,Garnet,Ia-3d (230),0.00030000000000000003,single_sci,ok
2720,Li7La3Zr2O12,Scm?1,10 ? 3,10.1016/j.ssi.2019.04.010,07/05/2019,Garnet,Ia-3d (230),0.001,power_of_ten,ok
2744,Li7?xLa3Zr2?xSbxO12,Scm?1,7.7 × 10 ? 4,10.1039/C3CP50991E,19/06/2013,Garnet,Ia-3d (230),0.0007700000000000001,single_sci,ok
2764,Li6.75La3Zr1.75Nb0.25O12,Scm?1,10 ? 3,10.1016/j.cej.2019.121922,08/06/2019,Garnet,Ia-3d (230),0.001,power_of_ten,ok
2805,Li7La3Zr2O12,Scm?1,1.6 × 10 ? 4,10.1016/j.jpowsour.2018.04.019,11/04/2018,Garnet,Ia-3d (230),0.00016,single_sci,ok
2807,Li7La3Zr2O12,Scm?1,1.2 × 10 ? 4,10.1016/j.jpowsour.2015.12.054,01/02/2016,Garnet,Ia-3d (230),0.00012,single_sci,ok
2824,Li7La3Zr2O12,Scm?1,6.23 × 10 ? 5,10.1016/j.jpowsour.2015.10.084,11/11/2015,Garnet,Ia-3d (230),6.230000000000001e-05,single_sci,ok
2830,Li7La3Zr2O12,Scm?1,2 × 10 ? 7,10.1039/C1JM14588F,20/12/2011,Garnet,Ia-3d (230),2e-07,single_sci,ok
2837,Li7La3Zr2O12,Scm?1,9.5 × 10 ? 4,10.1039/C8TA11449H,12/02/2019,Garnet,Ia-3d (230),0.00095,single_sci,ok
2843,Li7La3Zr2O12,Scm?1,10 ? 4,10.1016/j.compscitech.2019.02.030,28/02/2019,Garnet,Ia-3d (230),0.0001,power_of_ten,ok
2852,Li7La3Zr2O12,Scm?1,10 ? 4,10.1016/j.jssc.2009.05.020,22/05/2009,Garnet,Ia-3d (230),0.0001,power_of_ten,ok
2893,Li7La3Zr2O12,S/cm,3 × 10 ? 4,10.1016/j.electacta.2012.06.115,15/07/2012,Garnet,Ia-3d (230),0.00030000000000000003,single_sci,ok
2894,Li7La3Zr2O12,Scm?1,2.5 × 10 ? 5 and 1.7 × 10 ? 5,10.1016/j.electacta.2015.08.046,20/08/2015,Garnet,Ia-3d (230),2.0615528128088305e-05,multi_value,ok
2903,Li7La3Zr2O12,Scm?1,4.8 × 10 ? 4,10.1039/C8SE00139A,26/06/2018,Garnet,Ia-3d (230),0.00048,single_sci,ok
2910,Li7La3Zr2O12,S/cm,10 ? 4,10.1016/j.ijhydene.2016.03.197,18/04/2016,Garnet,Ia-3d (230),0.0001,power_of_ten,ok
2968,Li7La3Zr2O12,Scm?1,2.2 × 10 ? 5,10.1039/C8SE00139A,26/06/2018,Garnet,Ia-3d (230),2.2000000000000003e-05,single_sci,ok
2984,Li7La3Zr2O12,Scm?1,1.35 × 10 ? 3 and 1.23 × 10 ? 2,10.1016/j.jpowsour.2013.10.089,30/10/2013,Garnet,Ia-3d (230),0.004074923312161836,multi_value,ok
2988,Li7La3Zr2O12,Scm?1,10 ? 7,10.1016/j.electacta.2017.12.133,21/12/2017,Garnet,Ia-3d (230),1e-07,power_of_ten,ok
3004,Li7La3Zr2O12,Scm?1,7.34 × 10 ? 6,10.1016/j.jeurceramsoc.2017.12.002,06/12/2017,Garnet,Ia-3d (230),7.339999999999999e-06,single_sci,ok
3017,Al-doped Li7La3Zr2O12,Scm?1,2 × 10 ? 8,10.1039/C4CS00020J,09/06/2014,Garnet,Ia-3d (230),2e-08,single_sci,ok
3036,Li7La3Zr2O12,Scm?1,3 × 10 ? 4,10.1016/j.jpowsour.2014.03.148,24/04/2014,Garnet,Ia-3d (230),0.00030000000000000003,single_sci,ok
3038,Li7La3Zr2O12,Scm?1,1 × 10 ? 4,10.1016/j.jpowsour.2014.09.164,02/10/2014,Garnet,Ia-3d (230),0.0001,single_sci,ok
3049,Li7La3Zr2O12,Scm?1,5.67 × 10 ? 5,10.1016/j.jpowsour.2017.01.088,31/01/2017,Garnet,Ia-3d (230),5.67e-05,single_sci,ok
3060,Li7La3Zr2O12,Scm?1,6 × 10 ? 4,10.1016/j.ssi.2019.115047,07/09/2019,Garnet,Ia-3d (230),0.0006000000000000001,single_sci,ok
3083,Li7La3Zr2O12,Scm?1,8 × 10 ? 4,10.1016/j.jpowsour.2014.02.102,20/03/2014,Garnet,Ia-3d (230),0.0008,single_sci,ok
3103,Li7La3Zr2O12,Scm?1,2.6 × 10 ? 7,10.1016/j.jpowsour.2014.08.110,04/09/2014,Garnet,Ia-3d (230),2.6e-07,single_sci,ok
3131,Li7?xLa3Zr2?xSbxO12,Scm?1,8.1 × 10 ? 5 and 5.9 × 10 ? 5,10.1039/C3CP50991E,19/06/2013,Garnet,Ia-3d (230),6.913031173081756e-05,multi_value,ok
3160,Li7La3Zr2O12,Scm?1,5 × 10 ? 4,10.1016/j.jpowsour.2014.11.062,13/11/2014,Garnet,Ia-3d (230),0.0005,single_sci,ok
3211,Al-doped Li7La3Zr2O12,Scm?1,2.5 × 10 ? 6 and 1.0 × 10 ? 5,10.1039/C3DT51795K,20/08/2013,Garnet,Ia-3d (230),4.9999999999999996e-06,multi_value,ok
3261,Li7La3Zr2O12,Scm?1,10 ? 6,10.1039/C3CP55515A,19/03/2014,Garnet,Ia-3d (230),1e-06,power_of_ten,ok
3291,Li6.75La3Zr1.75Nb0.25O12,Scm?1,9.6 × 10 ? 4,10.1039/C6RA13317G,17/08/2016,Garnet,Ia-3d (230),0.00096,single_sci,ok
3311,Li7La3Zr2O12,Scm?1,1.1 × 10 ? 7,10.1039/C3CP55515A,19/03/2014,Garnet,Ia-3d (230),1.1e-07,single_sci,ok
3318,Li7La3Zr2O12,S/cm,6,10.1016/j.ssi.2013.09.029,08/10/2013,Garnet,Ia-3d (230),6.0,single_plain,ok
3338,Al-doped Li7La3Zr2O12,Scm?1,1 × 10 ? 4,10.1016/j.jpowsour.2014.09.164,02/10/2014,Garnet,Ia-3d (230),0.0001,single_sci,ok
3354,Li7La3Zr2O12,Scm?1,4 × 10 ? 4,10.1039/B925553B,15/06/2010,Garnet,Ia-3d (230),0.0004,single_sci,ok
3359,Li7La3Zr2O12,Scm?1,3 × 10 ? 4,10.1039/C6RA13317G,17/08/2016,Garnet,Ia-3d (230),0.00030000000000000003,single_sci,ok
3383,Li7La3Zr2O12,Scm?1,10 ? 4,10.1016/j.jallcom.2016.12.427,01/01/2017,Garnet,Ia-3d (230),0.0001,power_of_ten,ok
3404,Li5La3Sb2O12,Scm?1,8.2 × 10 ? 6,10.1016/j.materresbull.2007.10.035,07/11/2007,Garnet,Ia-3d (230),8.2e-06,single_sci,ok
3407,Li7La3Zr2O12,Scm?1,10 ? 6,10.1039/C5TA03239C,01/09/2015,Garnet,Ia-3d (230),1e-06,power_of_ten,ok
3417,Li7La3Zr2O12,Scm?1,2.3 × 10 ? 5,10.1016/j.jpowsour.2017.01.088,31/01/2017,Garnet,Ia-3d (230),2.3e-05,single_sci,ok
3446,Li7La3Zr2O12,Scm?1,10 ? 4,10.1016/j.jssc.2009.10.030,10/11/2009,Garnet,Ia-3d (230),0.0001,power_of_ten,ok
3463,Li7La3Zr2O12,Scm?1,5.7 × 10 ? 4,10.1016/j.jpowsour.2014.03.148,24/04/2014,Garnet,Ia-3d (230),0.0005700000000000001,single_sci,ok
3487,Li7La3Zr2O12,Scm?1,4.03 × 10 ? 4,10.1016/j.jallcom.2018.02.134,13/02/2018,Garnet,Ia-3d (230),0.00040300000000000004,single_sci,ok
3494,Li7La3Zr2O12,Scm?1, 10 ? 7,10.1016/j.electacta.2018.08.008,07/08/2018,Garnet,Ia-3d (230),1e-07,power_of_ten_leading_dash,ok
3510,Li7La3Zr2O12,Scm?1,0.2 × 10 ? 3 to 1 × 10 ? 3,10.1039/C4TA02099E,29/07/2014,Garnet,Ia-3d (230),0.00044721359549995795,range_to,ok
3514,Li7La3Zr2O12,Scm?1,5.59 × 10 ? 7,10.1016/j.jssc.2009.05.020,22/05/2009,Garnet,Ia-3d (230),5.59e-07,single_sci,ok
3521,Li7La3Zr2O12,Scm?1,5.5 × 10 ? 4,10.1016/j.electacta.2012.11.059,24/11/2012,Garnet,Ia-3d (230),0.00055,single_sci,ok
3549,Li7La3Zr2O12,S/cm,10 ? 4,10.1016/j.electacta.2013.11.020,16/11/2013,Garnet,Ia-3d (230),0.0001,power_of_ten,ok
3554,Li7La3Zr2O12,S/cm,1.6 × 10 ? 5,10.1016/j.cossms.2013.10.002,01/11/2013,Garnet,Ia-3d (230),1.6000000000000003e-05,single_sci,ok
3557,Li7La3Zr2O12,Scm?1,10 ? 4,10.1016/j.rser.2019.04.035,20/04/2019,Garnet,Ia-3d (230),0.0001,power_of_ten,ok
3601,Li5La3Sb2O12,Scm?1,7.8 × 10 ? 6 and 8.2 × 10 ? 6,10.1016/j.materresbull.2007.10.035,07/11/2007,Garnet,Ia-3d (230),7.997499609252886e-06,multi_value,ok
3629,Li7La3Zr2O12,S/cm,1.4 × 10 ? 9,10.1016/j.electacta.2012.06.115,15/07/2012,Garnet,Ia-3d (230),1.4e-09,single_sci,ok
3638,Li7La3Zr2O12,Scm?1,4 × 10 ? 4,10.1039/C1JM14588F,20/12/2011,Garnet,Ia-3d (230),0.0004,single_sci,ok
3644,Li7La3Zr2O12,Scm?1,10 ? 4,10.1016/j.coelec.2018.03.033,30/03/2018,Garnet,Ia-3d (230),0.0001,power_of_ten,ok
3671,Li3Y3Te2O12,Scm?1,3.94 × 10 ? 6 and 1.48 × 10 ? 6,10.1039/C4DT02861A,09/12/2014,Garnet,Ia-3d (230),2.4147877753541813e-06,multi_value,ok
3680,Li7La3Zr2O12,Scm?1,? 5  2.5 × 10 ? 6,10.1016/j.jpowsour.2015.12.054,01/02/2016,Garnet,Ia-3d (230),,unknown,manual_review
3682,Li6.7La3Zr1.7Ta0.3O12,S/cm,1.03 × 10 ? 3,10.1016/j.ceramint.2018.09.245,25/09/2018,Garnet,Ia-3d (230),0.00103,single_sci,ok
3706,Li6.4La3Zr1.4Ta0.6O12,Scm?1,10 ? 3,10.1016/j.memsci.2019.05.066,28/05/2019,Garnet,Ia-3d (230),0.001,power_of_ten,ok
3713,Al-doped Li7La3Zr2O12,Scm?1,4.4 × 10 ? 4,10.1016/j.ssi.2019.115047,07/09/2019,Garnet,Ia-3d (230),0.00044000000000000007,single_sci,ok
3765,Al-doped Li7La3Zr2O12,Scm?1,2 × 10 ? 4,10.1016/j.jpowsour.2011.05.065,31/05/2011,Garnet,Ia-3d (230),0.0002,single_sci,ok
3781,Li6.7La3Zr1.7Ta0.3O12,S/cm,6.68 × 10 ? 4,10.1016/j.ceramint.2018.09.245,25/09/2018,Garnet,Ia-3d (230),0.000668,single_sci,ok
3790,Li7La3Zr2O12,S/cm,7.858 × 10 ? 4,10.1016/j.ssi.2018.09.021,09/10/2018,Garnet,Ia-3d (230),0.0007858,single_sci,ok
3809,Li5La3Sb2O12,Scm?1,6.6 × 10 ? 6,10.1016/j.materresbull.2007.10.035,07/11/2007,Garnet,Ia-3d (230),6.5999999999999995e-06,single_sci,ok
3811,Li7La3Zr2O12,Scm?1,6.18 × 10 ? 7,10.1016/j.matlet.2015.04.088,25/04/2015,Garnet,Ia-3d (230),6.18e-07,single_sci,ok
3851,Li7La3Zr2O12,Scm?1,2.5 × 10 ? 6 and 1.0 × 10 ? 5,10.1039/C3DT51795K,20/08/2013,Garnet,Ia-3d (230),4.9999999999999996e-06,multi_value,ok
3858,Li7La3Zr2O12,Scm?1,1.63 × 10 ? 6,10.1016/j.jpowsour.2011.10.108,06/11/2011,Garnet,Ia-3d (230),1.6299999999999999e-06,single_sci,ok
3894,Li7La3Zr2O12,Scm?1,10 ? 7,10.1039/C1JM14588F,20/12/2011,Garnet,Ia-3d (230),1e-07,power_of_ten,ok
3897,Li7La3Zr2O12,Scm?1,6.6 × 10 ? 4,10.1016/j.electacta.2015.08.046,20/08/2015,Garnet,Ia-3d (230),0.00066,single_sci,ok
3908,Li7La3Zr2O12,Scm?1,10 ? 4,10.1039/C4TA03772C,21/10/2014,Garnet,Ia-3d (230),0.0001,power_of_ten,ok
3911,Al-doped Li7La3Zr2O12,Scm?1,3 × 10 ? 4,10.1016/j.jallcom.2015.05.085,14/05/2015,Garnet,Ia-3d (230),0.00030000000000000003,single_sci,ok
3946,Li6.4La3Zr1.4Ta0.6O12,Scm?1,5 × 10 ? 4,10.1016/j.jpowsour.2017.11.074,08/12/2017,Garnet,Ia-3d (230),0.0005,single_sci,ok
3983,Li7La3Zr2O12,Scm?1,1.1 × 10 ? 4 and 4 × 10 ? 5,10.1016/j.jpowsour.2011.10.060,20/10/2011,Garnet,Ia-3d (230),6.633249580710803e-05,multi_value,ok
3996,Li7La3Zr2O12,Scm?1,1.75 × 10 ? 4,10.1016/j.jpowsour.2014.08.110,04/09/2014,Garnet,Ia-3d (230),0.000175,single_sci,ok
4000,Li6.4La3Zr1.4Ta0.6O12,Scm?1,7.5 × 10 ? 4,10.1016/j.ensm.2018.05.018,14/05/2018,Garnet,Ia-3d (230),0.00075,single_sci,ok
4027,Li7La3Zr2O12,Scm?1,5 × 10 ? 4,10.1016/j.mattod.2018.04.004,07/06/2018,Garnet,Ia-3d (230),0.0005,single_sci,ok
81,Li0.2CdP2,Scm?1,10 ? 5,10.1039/C5TA00471C,10/03/2015,Li-Halide,C2/m (12); P21/n (14); P-3m1 (164); Pnma (62); Fd-3m (227),1e-05,power_of_ten,ok
154,Li3OCl,Scm?1,8.9 × 10 ? 6,10.1039/C4CC05372A,04/09/2014,Li-Halide,C2/m (12); P21/n (14); P-3m1 (164); Pnma (62); Fd-3m (227),8.9e-06,single_sci,ok
644,Li3OCl,Scm?1,4,10.1039/C4CC05372A,04/09/2014,Li-Halide,C2/m (12); P21/n (14); P-3m1 (164); Pnma (62); Fd-3m (227),4.0,single_plain,ok
785,Li3OCl,Scm?1,0.85 × 10 ? 3,10.1039/C4CC05372A,04/09/2014,Li-Halide,C2/m (12); P21/n (14); P-3m1 (164); Pnma (62); Fd-3m (227),0.00085,single_sci,ok
933,Li3OCl,Scm?1,5.8 × 10 ? 7,10.1039/C4CC05372A,04/09/2014,Li-Halide,C2/m (12); P21/n (14); P-3m1 (164); Pnma (62); Fd-3m (227),5.8e-07,single_sci,ok
1240,Li3OCl,S/cm,1.26 × 10 ? 7,10.1016/j.electacta.2019.03.074,13/03/2019,Li-Halide,C2/m (12); P21/n (14); P-3m1 (164); Pnma (62); Fd-3m (227),1.26e-07,single_sci,ok
1353,Li3OCl,Scm?1,4.3 × 10 ? 5,10.1016/j.ensm.2018.02.015,23/02/2018,Li-Halide,C2/m (12); P21/n (14); P-3m1 (164); Pnma (62); Fd-3m (227),4.3e-05,single_sci,ok
1437,Li3OCl,Scm?1,10 ? 3,10.1039/C5CS00289C,03/11/2015,Li-Halide,C2/m (12); P21/n (14); P-3m1 (164); Pnma (62); Fd-3m (227),0.001,power_of_ten,ok
1544,Li3OCl,Scm?1,10 ? 2,10.1016/j.gee.2019.05.003,27/05/2019,Li-Halide,C2/m (12); P21/n (14); P-3m1 (164); Pnma (62); Fd-3m (227),0.01,power_of_ten,ok
2053,Li3OCl,Scm?1,0.85 × 10 ? 3,10.1039/C7TA08780B,16/01/2018,Li-Halide,C2/m (12); P21/n (14); P-3m1 (164); Pnma (62); Fd-3m (227),0.00085,single_sci,ok
2119,Li3OCl,Scm?1,2.27 × 10 ? 4,10.1016/j.ensm.2018.02.015,23/02/2018,Li-Halide,C2/m (12); P21/n (14); P-3m1 (164); Pnma (62); Fd-3m (227),0.00022700000000000002,single_sci,ok
2258,Li3OCl,Scm?1,1.46 × 10 ? 4,10.1016/j.ensm.2018.02.015,23/02/2018,Li-Halide,C2/m (12); P21/n (14); P-3m1 (164); Pnma (62); Fd-3m (227),0.000146,single_sci,ok
2404,Li3OCl,Scm?1,0.65 × 10 ? 4,10.1016/j.ensm.2018.02.015,23/02/2018,Li-Halide,C2/m (12); P21/n (14); P-3m1 (164); Pnma (62); Fd-3m (227),6.500000000000001e-05,single_sci,ok
3269,Li3InBr6?xClx,Scm?1,5 × 10 ? 5  2 × 10 ? 3,10.1039/C6EE02697D,18/01/2017,Li-Halide,C2/m (12); P21/n (14); P-3m1 (164); Pnma (62); Fd-3m (227),,range_dash,manual_review
3328,Li3OCl,Scm-1,10-May,10.1016/j.ensm.2018.02.015,23/02/2018,Li-Halide,C2/m (12); P21/n (14); P-3m1 (164); Pnma (62); Fd-3m (227),,unknown,manual_review
3575,Li3OCl,Scm?1,3,10.1039/C4CC05372A,04/09/2014,Li-Halide,C2/m (12); P21/n (14); P-3m1 (164); Pnma (62); Fd-3m (227),3.0,single_plain,ok
3641,Li3OCl,Scm?1,to 0.46 × 10 ? 4,10.1016/j.ensm.2018.02.015,23/02/2018,Li-Halide,C2/m (12); P21/n (14); P-3m1 (164); Pnma (62); Fd-3m (227),4.600000000000001e-05,open_upper,ok
340,LiBH4,Scm?1,10 ? 3,10.1039/C9RA01479A,29/04/2019,Li-Hydride,Fm-3m (225),0.001,power_of_ten,ok
349,LiBH4,Scm?1,10 ? 4,10.1039/C6CP03563A,10/08/2016,Li-Hydride,Fm-3m (225),0.0001,power_of_ten,ok
575,LiBH4,Scm?1,10 ? 7,10.1039/C6CP03563A,10/08/2016,Li-Hydride,Fm-3m (225),1e-07,power_of_ten,ok
640,Li4(BH4)2(NH2)3,Scm?1,10 ? 1,10.1039/C2DT32266H,19/02/2013,Li-Hydride,Fm-3m (225),0.1,power_of_ten,ok
801,LiBH4,Scm?1,10 ? 4,10.1016/j.electacta.2004.01.096,30/07/2004,Li-Hydride,Fm-3m (225),0.0001,power_of_ten,ok
910,LiBH4,Scm?1,1.6 × 10 ? 3,10.1016/j.rser.2019.04.035,20/04/2019,Li-Hydride,Fm-3m (225),0.0016,single_sci,ok
944,Li4(BH4)(NH2)3,Scm?1,10 ? 3,10.1039/C7TA09113C,12/12/2017,Li-Hydride,Fm-3m (225),0.001,power_of_ten,ok
996,LiBH4,Scm?1,10 ? 3,10.1016/j.jpowsour.2017.04.088,04/05/2017,Li-Hydride,Fm-3m (225),0.001,power_of_ten,ok
1034,LiBH4,Scm?1,1.6 × 10 ? 3,10.1016/j.jpowsour.2012.12.001,10/12/2012,Li-Hydride,Fm-3m (225),0.0016,single_sci,ok
1218,LiBH4,Scm?1,2 × 10 ? 3,10.1016/j.jpowsour.2017.05.019,24/05/2017,Li-Hydride,Fm-3m (225),0.002,single_sci,ok
1368,La0.6Sr1.4LiH1.6O2,Scm?1,2.1 × 10 ? 4,10.1039/C8TA06880A,27/11/2018,Li-Hydride,Fm-3m (225),0.00021,single_sci,ok
1436,90LiBH4:10P2S5,Scm?1,10 ? 3,10.1039/C6CP03563A,10/08/2016,Li-Hydride,Fm-3m (225),0.001,power_of_ten,ok
1516,Li2(BH4)(NH2),Scm?1,2 × 10 ? 4,10.1039/C7TA09113C,12/12/2017,Li-Hydride,Fm-3m (225),0.0002,single_sci,ok
1755,Li4(BH4)2(NH2)3,Scm?1,2 × 10 ? 4,10.1039/C2DT32266H,19/02/2013,Li-Hydride,Fm-3m (225),0.0002,single_sci,ok
1888,LiBH4,Scm?1,10 ? 3,10.1016/j.jallcom.2015.01.061,17/01/2015,Li-Hydride,Fm-3m (225),0.001,power_of_ten,ok
2065,LiBH4MCM-41,Scm?1,10 ? 5,10.1039/C6CP03563A,10/08/2016,Li-Hydride,Fm-3m (225),1e-05,power_of_ten,ok
2263,LiBH4,Scm?1,8.0 × 10 ? 6,10.1039/C7DT02946B,26/09/2017,Li-Hydride,Fm-3m (225),8e-06,single_sci,ok
2288,Li4(BH4)(NH2)3,Scm?1,2 × 10 ? 4,10.1039/C7TA09113C,12/12/2017,Li-Hydride,Fm-3m (225),0.0002,single_sci,ok
2417,LiBH4,S/cm,1 × 10 ? 3,10.1016/j.jallcom.2013.01.058,24/01/2013,Li-Hydride,Fm-3m (225),0.001,single_sci,ok
2545,LiBH4,Scm?1,10 ? 3,10.1016/j.jpowsour.2012.12.001,10/12/2012,Li-Hydride,Fm-3m (225),0.001,power_of_ten,ok
2587,LiBH4,Scm?1,10 ? 5,10.1039/C6CP03563A,10/08/2016,Li-Hydride,Fm-3m (225),1e-05,power_of_ten,ok
2920,Li4(BH4)2(NH2)3,Scm?1,2.63 × 10 ? 5,10.1039/C2DT32266H,19/02/2013,Li-Hydride,Fm-3m (225),2.6300000000000002e-05,single_sci,ok
3247,LiBH4,Scm?1,1.6 × 10 ? 3,10.1016/j.mseb.2016.03.005,04/05/2016,Li-Hydride,Fm-3m (225),0.0016,single_sci,ok
3267,LiBH4,Scm?1,2.7 × 10 ? 4,10.1016/j.jpowsour.2012.12.001,10/12/2012,Li-Hydride,Fm-3m (225),0.00027000000000000006,single_sci,ok
3495,LiBH4,Scm?1,10 ? 4,10.1016/j.joule.2018.04.015,10/05/2018,Li-Hydride,Fm-3m (225),0.0001,power_of_ten,ok
3572,LiBH4,Scm?1,10 ? 3,10.1016/j.ijhydene.2018.12.200,02/02/2019,Li-Hydride,Fm-3m (225),0.001,power_of_ten,ok
3785,LiBH4,Scm?1,10 ? 3,10.1039/C5CC02614H,02/06/2015,Li-Hydride,Fm-3m (225),0.001,power_of_ten,ok
3877,LiBH4,Scm?1,10 ? 4,10.1039/C7DT02946B,26/09/2017,Li-Hydride,Fm-3m (225),0.0001,power_of_ten,ok
3982,LiBH4,Scm?1,10 ? 3,10.1016/j.jallcom.2018.07.320,02/08/2018,Li-Hydride,Fm-3m (225),0.001,power_of_ten,ok
220,Li3.09BO2.53N0.52,Scm?1,2.3 × 10 ? 6,10.1016/j.jpowsour.2008.09.089,02/10/2008,Li-Nitride,P6/mmm (191); P63/mmc (194),2.2999999999999996e-06,single_sci,ok
259,Li3N,Scm?1,6 × 10 ? 3,10.1039/C7NR08893K,22/03/2018,Li-Nitride,P6/mmm (191); P63/mmc (194),0.006,single_sci,ok
355,Li3N,Scm?1,10 ? 4,10.1016/j.jpowsour.2012.03.088,10/04/2012,Li-Nitride,P6/mmm (191); P63/mmc (194),0.0001,power_of_ten,ok
734,Li3N,S/cm,10 ? 4,10.1016/j.elecom.2004.09.024,02/11/2004,Li-Nitride,P6/mmm (191); P63/mmc (194),0.0001,power_of_ten,ok
762,Li2SiN2,Scm?1,2.70 × 10 ? 3,10.1039/B509679K,24/03/2006,Li-Nitride,P6/mmm (191); P63/mmc (194),0.0027,single_sci,ok
945,Li3N,S/cm,6 × 10 ? 3,10.1016/j.jeurceramsoc.2012.08.005,21/12/2012,Li-Nitride,P6/mmm (191); P63/mmc (194),0.006,single_sci,ok
965,Li3N,Scm?1,2  4 × 10 ? 4,10.1039/C4TA02596B,12/08/2014,Li-Nitride,P6/mmm (191); P63/mmc (194),,range_dash,manual_review
1047,Li3N,Scm?1,6.6 × 10 ? 4,10.1016/j.pmatsci.2017.04.007,08/04/2017,Li-Nitride,P6/mmm (191); P63/mmc (194),0.00066,single_sci,ok
1102,Li3N,S/cm,1.2 × 10 ? 3,10.1016/j.nanoen.2013.02.003,06/03/2013,Li-Nitride,P6/mmm (191); P63/mmc (194),0.0012,single_sci,ok
1135,Li3N,Scm?1,? 4 to 4 × 10 ? 4,10.1016/j.chempr.2018.05.002,14/06/2018,Li-Nitride,P6/mmm (191); P63/mmc (194),,unknown,manual_review
1306,Li3N,Scm?1, 10 ? 9,10.1016/j.joule.2017.10.007,06/11/2017,Li-Nitride,P6/mmm (191); P63/mmc (194),1e-09,power_of_ten_leading_dash,ok
1514,Li3N,S/cm,4 × 10 ? 4,10.1016/j.nanoen.2013.02.003,06/03/2013,Li-Nitride,P6/mmm (191); P63/mmc (194),0.0004,single_sci,ok
1614,Li3N,S/cm,1 × 10 ? 6,10.1016/j.nanoen.2013.02.003,06/03/2013,Li-Nitride,P6/mmm (191); P63/mmc (194),1e-06,single_sci,ok
1657,Li3N,mScm?1,1,10.1016/j.ensm.2017.01.006,13/01/2017,Li-Nitride,P6/mmm (191); P63/mmc (194),1.0,single_plain,ok
2026,Li3N,Scm?1,5.767 × 10 ? 4,10.1039/C0EE00052C,29/09/2010,Li-Nitride,P6/mmm (191); P63/mmc (194),0.0005767000000000001,single_sci,ok
2130,Li3N,Scm?1,10 ? 3,10.1016/j.electacta.2019.03.162,23/03/2019,Li-Nitride,P6/mmm (191); P63/mmc (194),0.001,power_of_ten,ok
2743,Li2.9PO3.3N0.46,Scm?1,2 × 10 ? 6,10.1016/j.jpowsour.2008.09.089,02/10/2008,Li-Nitride,P6/mmm (191); P63/mmc (194),2e-06,single_sci,ok
2812,Li3N,Scm?1,10 ? 5,10.1016/j.pmatsci.2017.04.007,08/04/2017,Li-Nitride,P6/mmm (191); P63/mmc (194),1e-05,power_of_ten,ok
2901,Li3N,Scm?1,? 4 to 4 × 10 ? 4,10.1016/j.chempr.2018.05.002,14/06/2018,Li-Nitride,P6/mmm (191); P63/mmc (194),,unknown,manual_review
3231,Li3N,Scm?1,4 × 10 ? 4,10.1016/S0167-2738(97)00429-3,11/06/1999,Li-Nitride,P6/mmm (191); P63/mmc (194),0.0004,single_sci,ok
3478,Li3N,mScm-1,9.4 × 10-2,10.1016/j.ensm.2019.02.006,04/02/2019,Li-Nitride,P6/mmm (191); P63/mmc (194),0.094,single_sci,ok
3497,Li3N,Scm?1, 10 ? 3,10.1016/j.jechem.2019.02.003,21/02/2019,Li-Nitride,P6/mmm (191); P63/mmc (194),0.001,power_of_ten_leading_dash,ok
3577,Li3N,S/cm,10 ? 4,10.1016/j.matlet.2004.05.080,29/07/2004,Li-Nitride,P6/mmm (191); P63/mmc (194),0.0001,power_of_ten,ok
3759,Li3N,Scm?1,1.2 × 10 ? 3,10.1016/j.jpowsour.2011.07.059,22/07/2011,Li-Nitride,P6/mmm (191); P63/mmc (194),0.0012,single_sci,ok
3800,Li3N,Scm?1,10 ? 2,10.1016/j.jpowsour.2013.01.183,01/03/2013,Li-Nitride,P6/mmm (191); P63/mmc (194),0.01,power_of_ten,ok
3853,Li9S3N,Scm?1,8.3 × 10 ? 7,10.1039/C5TA05432J,06/10/2015,Li-Nitride,P6/mmm (191); P63/mmc (194),8.3e-07,single_sci,ok
3903,Li9S3N,Scm?1,to 5.9 × 10 ? 5,10.1039/C5TA05432J,06/10/2015,Li-Nitride,P6/mmm (191); P63/mmc (194),5.900000000000001e-05,open_upper,ok
3907,Li3N,Scm?1,1.2 × 10 ? 3,10.1016/j.pmatsci.2017.04.007,08/04/2017,Li-Nitride,P6/mmm (191); P63/mmc (194),0.0012,single_sci,ok
3919,Li2.9PO3.3N0.46,Scm?1,3.3 × 10 ? 6,10.1039/C0CS00081G,18/04/2011,Li-Nitride,P6/mmm (191); P63/mmc (194),3.2999999999999997e-06,single_sci,ok
16,Li3PO4,Scm?1,7 × 10 ? 8 to 2 × 10 ? 6,10.1016/j.actamat.2012.10.034,19/01/2013,LISICON-like,Pmn21 (31); P1 (1); R-3 (148);,3.741657386773942e-07,range_to,ok
40,Li4P2S6,Scm?1,10 ? 6,10.1016/j.jascer.2013.03.005,09/04/2013,LISICON-like,Pmn21 (31); P1 (1); R-3 (148);,1e-06,power_of_ten,ok
62,Li3.4Si0.4P0.6S4,Scm?1,1.2 × 10 ? 2,10.1039/C4FD00143E,16/01/2015,LISICON-like,Pmn21 (31); P1 (1); R-3 (148);,0.012,single_sci,ok
85,Li3PO4,S/cm,1.4 × 10 ? 10 and 2.8 × 10 ? 8,10.1016/j.jpowsour.2016.11.097,21/12/2016,LISICON-like,Pmn21 (31); P1 (1); R-3 (148);,1.979898987322334e-09,multi_value,ok
142,Li10GeP2S12,mS/cm,to 12,10.1016/j.jmat.2015.08.001,22/08/2015,LISICON-like,Pmn21 (31); P1 (1); R-3 (148);,12.0,open_upper,ok
167,Li7Ge3PS12,Scm?1,2.4 × 10 ? 7,10.1016/j.jssc.2016.12.001,06/12/2016,LISICON-like,Pmn21 (31); P1 (1); R-3 (148);,2.4e-07,single_sci,ok
203,70Li2S·30P2S5,Scm?1,3.2 × 10 ? 3 and 1.3 × 10 ? 3,10.1016/j.jnoncrysol.2008.12.020,05/08/2009,LISICON-like,Pmn21 (31); P1 (1); R-3 (148);,0.002039607805437115,multi_value,ok
256,Li10GeP2S12,Scm?1,10 ? 2,10.1039/C3EE40795K,22/01/2014,LISICON-like,Pmn21 (31); P1 (1); R-3 (148);,0.01,power_of_ten,ok
279,Li4GeS4Li3PS4,Scm?1,2.2 × 10 ? 3,10.1016/j.ssi.2004.08.036,17/11/2004,LISICON-like,Pmn21 (31); P1 (1); R-3 (148);,0.0022,single_sci,ok
336,Li11Si2PS12,Scm?1,10 ? 2,10.1039/C6EE00633G,02/08/2016,LISICON-like,Pmn21 (31); P1 (1); R-3 (148);,0.01,power_of_ten,ok
358,Li10GeP2S12,Scm?1,1.2 × 10 ? 2,10.1016/j.jssc.2016.12.001,06/12/2016,LISICON-like,Pmn21 (31); P1 (1); R-3 (148);,0.012,single_sci,ok
368,Li10GeP2S12,Scm?1,10 ? 2,10.1016/j.jascer.2013.03.005,09/04/2013,LISICON-like,Pmn21 (31); P1 (1); R-3 (148);,0.01,power_of_ten,ok
463,NiV2S4,Scm?1,0.709 × 10 ? 3 and 0.576 × 10 ? 3,10.1039/C6TA07171F,08/11/2016,LISICON-like,Pmn21 (31); P1 (1); R-3 (148);,0.0006390492938733283,multi_value,ok
489,Li3.25Ge0.25P0.75S4,Scm?1,1.7 × 10 ? 4,10.1016/j.rser.2019.04.035,20/04/2019,LISICON-like,Pmn21 (31); P1 (1); R-3 (148);,0.00017,single_sci,ok
493,Li9.54Si1.74P1.44S11.7Cl0.3,Scm?1,1.0 × 10 ? 3,10.1016/j.nanoen.2017.01.028,26/01/2017,LISICON-like,Pmn21 (31); P1 (1); R-3 (148);,0.001,single_sci,ok
527,Li10GeP2S12,Scm?1,2.2 × 10 ? 3,10.1039/C4TA04332D,27/01/2015,LISICON-like,Pmn21 (31); P1 (1); R-3 (148);,0.0022,single_sci,ok
548,Li3PO4,Scm?1,2.8 × 10 ? 8,10.1016/j.ensm.2019.09.020,18/09/2019,LISICON-like,Pmn21 (31); P1 (1); R-3 (148);,2.8e-08,single_sci,ok
555,Li10.42Si1.5P1.5Cl0.08O11.92,Scm?1,1.03 × 10 ? 5 and 3.7 × 10 ? 5,10.1039/C4RA11287C,23/12/2014,LISICON-like,Pmn21 (31); P1 (1); R-3 (148);,1.952178270548058e-05,multi_value,ok
559,Li3.25Ge0.25P0.75S4,Scm?1,2.2 × 10 ? 3,10.1016/j.actamat.2012.10.034,19/01/2013,LISICON-like,Pmn21 (31); P1 (1); R-3 (148);,0.0022,single_sci,ok
586,Li10GeP2O12,mScm?1,0.03,10.1039/C2EE23355J,12/12/2012,LISICON-like,Pmn21 (31); P1 (1); R-3 (148);,0.03,single_plain,ok
593,Li3PS4,Scm?1,2.0 × 10 ? 7,10.1016/S0167-2738(02)00492-7,25/09/2002,LISICON-like,Pmn21 (31); P1 (1); R-3 (148);,2e-07,single_sci,ok
602,Li10GeP2S12?xOx,Scm?1,10 ? 2,10.1016/j.jpowsour.2016.05.100,10/06/2016,LISICON-like,Pmn21 (31); P1 (1); R-3 (148);,0.01,power_of_ten,ok
604,Li10GeP2S12,Scm?1,12 × 10 ? 3,10.1039/C5TA01616A,09/06/2015,LISICON-like,Pmn21 (31); P1 (1); R-3 (148);,0.012,single_sci,ok
628,Li3PO4,Scm?1,1 × 10 ? 3,10.1039/C7DT03963H,02/01/2018,LISICON-like,Pmn21 (31); P1 (1); R-3 (148);,0.001,single_sci,ok
630,Li10GeP2S12,Scm?1,10 ? 2,10.1039/C6EE00633G,02/08/2016,LISICON-like,Pmn21 (31); P1 (1); R-3 (148);,0.01,power_of_ten,ok
634,Li3PO4,S/cm,8.62 × 10 ? 8,10.1016/j.materresbull.2010.06.033,16/06/2010,LISICON-like,Pmn21 (31); P1 (1); R-3 (148);,8.619999999999999e-08,single_sci,ok
665,Li10GeP2S12,mScm?1,17,10.1016/j.nanoen.2018.09.061,27/09/2018,LISICON-like,Pmn21 (31); P1 (1); R-3 (148);,17.0,single_plain,ok
680,Li3PS4,Scm?1,2.3 × 10 ? 6,10.1039/C3TA15090A,11/03/2014,LISICON-like,Pmn21 (31); P1 (1); R-3 (148);,2.2999999999999996e-06,single_sci,ok
687,Li10GeP2S12,Scm?1,10 ? 2,10.1016/j.jpowsour.2014.03.036,19/03/2014,LISICON-like,Pmn21 (31); P1 (1); R-3 (148);,0.01,power_of_ten,ok
692,Li3.25Ge0.25P0.75S4,Scm?1,2.2 × 10 ? 3,10.1016/j.jascer.2013.03.005,09/04/2013,LISICON-like,Pmn21 (31); P1 (1); R-3 (148);,0.0022,single_sci,ok
701,Li10GeP2S12,Scm?1,to 1.2 × 10 ? 2,10.1016/j.jallcom.2017.08.167,19/08/2017,LISICON-like,Pmn21 (31); P1 (1); R-3 (148);,0.012,open_upper,ok
703,Li3PO4,S/cm,10 ? 18,10.1016/j.jpowsour.2016.11.097,21/12/2016,LISICON-like,Pmn21 (31); P1 (1); R-3 (148);,1e-18,power_of_ten,ok
711,Li10GeP2S12,Scm?1,1.0 × 10 ? 2,10.1039/C9TA04289J,06/08/2019,LISICON-like,Pmn21 (31); P1 (1); R-3 (148);,0.01,single_sci,ok
712,Li10GeP2S12,mScm?1,12,10.1039/C5NR04339E,15/10/2015,LISICON-like,Pmn21 (31); P1 (1); R-3 (148);,12.0,single_plain,ok
718,Li10GeP2S12,Scm?1, 10 ? 3,10.1016/j.electacta.2019.134943,24/09/2019,LISICON-like,Pmn21 (31); P1 (1); R-3 (148);,0.001,power_of_ten_leading_dash,ok
730,Li10GeP2S12,Scm?1,1.2 × 10 ? 2,10.1016/j.jpowsour.2015.05.060,20/05/2015,LISICON-like,Pmn21 (31); P1 (1); R-3 (148);,0.012,single_sci,ok
754,Li10GeP2S12,Scm?1,0.012,10.1039/C8EE01419A,10/10/2018,LISICON-like,Pmn21 (31); P1 (1); R-3 (148);,0.012,single_plain,ok
759,Li3.25Ge0.25P0.75S4,Scm?1,to 1.2 × 10 ? 2,10.1039/C8CS00322J,28/08/2018,LISICON-like,Pmn21 (31); P1 (1); R-3 (148);,0.012,open_upper,ok
769,Li10GeP2S12,Scm?1,10 ? 2,10.1039/C3NJ01432K,17/03/2014,LISICON-like,Pmn21 (31); P1 (1); R-3 (148);,0.01,power_of_ten,ok
777,Li3PS4,Scm?1,1.0 × 10 ? 3 and 6.3 × 10 ? 3,10.1016/j.electacta.2014.08.139,21/09/2014,LISICON-like,Pmn21 (31); P1 (1); R-3 (148);,0.002509980079602228,multi_value,ok
794,Li3.833Sn0.833As0.166S4,Scm?1,1.39 × 10 ? 3 and 9.95 × 10 ? 4,10.1039/C3EE43357A,19/02/2014,LISICON-like,Pmn21 (31); P1 (1); R-3 (148);,0.0011760314621641712,multi_value,ok
803,Li10GeP2S12,Scm?1,1.2 × 10 ? 2,10.1039/C7CP05253G,29/11/2017,LISICON-like,Pmn21 (31); P1 (1); R-3 (148);,0.012,single_sci,ok
820,Li10GeP2S12,Scm?1,2.2 × 10 ? 3,10.1039/C1JM14588F,20/12/2011,LISICON-like,Pmn21 (31); P1 (1); R-3 (148);,0.0022,single_sci,ok
868,Li9.54Si1.74P1.44S11.7Cl0.3,mScm?1,0.6,10.1016/j.ensm.2018.02.020,28/02/2018,LISICON-like,Pmn21 (31); P1 (1); R-3 (148);,0.6,single_plain,ok
873,Li3PO4,Scm?1,10 ? 8,10.1016/j.jallcom.2019.01.072,08/01/2019,LISICON-like,Pmn21 (31); P1 (1); R-3 (148);,1e-08,power_of_ten,ok
876,Li4SnS4,S/cm,5,10.1016/j.ssi.2015.05.019,17/07/2015,LISICON-like,Pmn21 (31); P1 (1); R-3 (148);,5.0,single_plain,ok
922,Li3PO4,Scm?1,10  13,10.1016/j.ceramint.2018.10.219,28/10/2018,LISICON-like,Pmn21 (31); P1 (1); R-3 (148);,1e-13,power_of_ten,ok
939,Li10GeP2S12,Scm?1,10 ? 2,10.1016/j.apsusc.2017.03.268,02/04/2017,LISICON-like,Pmn21 (31); P1 (1); R-3 (148);,0.01,power_of_ten,ok
982,Li2MnSiO4 / C,Scm?1,to 2.3 × 10 ? 3,10.1016/j.jpowsour.2019.02.067,05/03/2019,LISICON-like,Pmn21 (31); P1 (1); R-3 (148);,0.0023,open_upper,ok
1022,Li3PO4,mScm?1,1.87,10.1039/C6TA10142A,07/02/2017,LISICON-like,Pmn21 (31); P1 (1); R-3 (148);,1.87,single_plain,ok
1041,Li10GeP2S12,mScm?1,12,10.1016/j.nanoen.2017.01.028,26/01/2017,LISICON-like,Pmn21 (31); P1 (1); R-3 (148);,12.0,single_plain,ok
1069,Li10GeP2S12,Scm?1,10 ? 2,10.1016/j.jpowsour.2017.04.083,02/05/2017,LISICON-like,Pmn21 (31); P1 (1); R-3 (148);,0.01,power_of_ten,ok
1077,Li3PO4,Scm?1,10 ? 13,10.1016/j.jpowsour.2010.11.138,02/12/2010,LISICON-like,Pmn21 (31); P1 (1); R-3 (148);,1e-13,power_of_ten,ok
1098,Li3PS4,Scm?1,5 × 10 ? 4,10.1016/j.jpowsour.2018.09.070,27/09/2018,LISICON-like,Pmn21 (31); P1 (1); R-3 (148);,0.0005,single_sci,ok
1110,Li4.11Zn0.04Cr0.03Si0.93O4,Scm?1,1.16 × 10 ? 5,10.1016/j.electacta.2014.08.054,21/09/2014,LISICON-like,Pmn21 (31); P1 (1); R-3 (148);,1.16e-05,single_sci,ok
1157,Li4GeS4Li3PS4,S/cm,1.2 × 10 ? 2,10.1016/j.jpowsour.2017.09.070,06/10/2017,LISICON-like,Pmn21 (31); P1 (1); R-3 (148);,0.012,single_sci,ok
1202,Li3.4Si0.4P0.6S4,S/cm,4,10.1016/j.ssi.2015.05.019,17/07/2015,LISICON-like,Pmn21 (31); P1 (1); R-3 (148);,4.0,single_plain,ok
1209,Li10SnP2S12,Scm?1,4 × 10 ? 3,10.1016/j.ensm.2018.02.020,28/02/2018,LISICON-like,Pmn21 (31); P1 (1); R-3 (148);,0.004,single_sci,ok
1283,Li3.833Sn0.833As0.166S4,mScm?1,1.39,10.1016/j.scib.2017.10.011,21/10/2017,LISICON-like,Pmn21 (31); P1 (1); R-3 (148);,1.39,single_plain,ok
1287,Li10GeP2S12,Scm?1,1.7 × 10 ? 2,10.1039/C7TA07972A,21/11/2017,LISICON-like,Pmn21 (31); P1 (1); R-3 (148);,0.017,single_sci,ok
1294,Li3.4Si0.4P0.6S4,S/cm,6.4 × 10 ? 4 and 2.2 × 10 ? 3,10.1016/j.electacta.2008.01.071,05/02/2008,LISICON-like,Pmn21 (31); P1 (1); R-3 (148);,0.001186591757935306,multi_value,ok
1301,Li3PO4,Scm?1,7.2 × 10 ? 4,10.1016/j.pmatsci.2017.04.007,08/04/2017,LISICON-like,Pmn21 (31); P1 (1); R-3 (148);,0.00072,single_sci,ok
1331,Li9.54Si1.74P1.44S11.7Cl0.3,Scm?1,2.5 × 10 ? 2,10.1016/j.jallcom.2017.08.167,19/08/2017,LISICON-like,Pmn21 (31); P1 (1); R-3 (148);,0.025,single_sci,ok
1379,Li3PO4,Scm?1,2.3 × 10 ? 6,10.1016/j.jpowsour.2017.04.026,12/04/2017,LISICON-like,Pmn21 (31); P1 (1); R-3 (148);,2.2999999999999996e-06,single_sci,ok
1383,Li3PO4,S/cm,7,10.1016/j.jpowsour.2016.11.097,21/12/2016,LISICON-like,Pmn21 (31); P1 (1); R-3 (148);,7.0,single_plain,ok
1388,Li3PO4,Scm?1,6.0 × 10 ? 8,10.1016/j.jpowsour.2016.03.024,22/03/2016,LISICON-like,Pmn21 (31); P1 (1); R-3 (148);,6.000000000000001e-08,single_sci,ok
1392,Li10SnP2S12,Scm?1,1.2 × 10 ? 2,10.1016/j.ensm.2016.02.004,02/03/2016,LISICON-like,Pmn21 (31); P1 (1); R-3 (148);,0.012,single_sci,ok
1403,Li3SbS4,Scm?1,1.5 × 10 ? 6,10.1016/j.ssi.2019.01.017,24/01/2019,LISICON-like,Pmn21 (31); P1 (1); R-3 (148);,1.5e-06,single_sci,ok
1441,Li9.54Si1.74P1.44S11.7Cl0.3,mScm?1,25,10.1039/C6TA07384K,08/11/2016,LISICON-like,Pmn21 (31); P1 (1); R-3 (148);,25.0,single_plain,ok
1476,Li10GeP2S12,S/cm,10 ? 2,10.1016/j.electacta.2016.08.081,18/08/2016,LISICON-like,Pmn21 (31); P1 (1); R-3 (148);,0.01,power_of_ten,ok
1484,Li10GeP2S12,Scm?1,10 ? 3,10.1016/j.jpowsour.2012.11.130,10/12/2012,LISICON-like,Pmn21 (31); P1 (1); R-3 (148);,0.001,power_of_ten,ok
1546,70Li2S·30P2S5,Scm?1,3.2 × 10 ? 3,10.1016/j.jpowsour.2006.04.037,24/05/2006,LISICON-like,Pmn21 (31); P1 (1); R-3 (148);,0.0032,single_sci,ok
1551,Li10GeP2S12,S/cm,1.0 × 10 ? 2,10.1016/j.jpowsour.2017.09.070,06/10/2017,LISICON-like,Pmn21 (31); P1 (1); R-3 (148);,0.01,single_sci,ok
1588,Li3PO4,Scm?1,to 8.62 × 10 ? 8,10.1016/j.jpowsour.2006.04.035,05/06/2006,LISICON-like,Pmn21 (31); P1 (1); R-3 (148);,8.619999999999999e-08,open_upper,ok
1621,Li10GeP2S12,mScm?1,17,10.1016/j.electacta.2018.07.191,26/07/2018,LISICON-like,Pmn21 (31); P1 (1); R-3 (148);,17.0,single_plain,ok
1678,Li3PO4,Scm?1,2.3 × 10 ? 6,10.1016/j.electacta.2018.07.191,26/07/2018,LISICON-like,Pmn21 (31); P1 (1); R-3 (148);,2.2999999999999996e-06,single_sci,ok
1682,Li4P2S6,Scm?1,4.0 × 10 ? 4,10.1039/C9TA04772G,30/07/2019,LISICON-like,Pmn21 (31); P1 (1); R-3 (148);,0.0004,single_sci,ok
1723,Li3PO4,Scm?1,7.3 × 10 ? 5,10.1039/C6CP03179J,03/08/2016,LISICON-like,Pmn21 (31); P1 (1); R-3 (148);,7.3e-05,single_sci,ok
1726,Li10GeP2S12,Scm?1,10 ? 2,10.1016/j.jpowsour.2012.10.079,03/11/2012,LISICON-like,Pmn21 (31); P1 (1); R-3 (148);,0.01,power_of_ten,ok
1819,Li10GeP2S12,Scm?1,2 × 10 ? 2,10.1039/C3TA10247E,07/05/2013,LISICON-like,Pmn21 (31); P1 (1); R-3 (148);,0.02,single_sci,ok
1821,Li10GeP2S12,Scm?1,1.7 × 10 ? 2,10.1016/j.ensm.2016.02.004,02/03/2016,LISICON-like,Pmn21 (31); P1 (1); R-3 (148);,0.017,single_sci,ok
1839,Li3.25Ge0.25P0.75S4,Scm?1,2.17 × 10 ? 3,10.1016/j.pmatsci.2017.04.007,08/04/2017,LISICON-like,Pmn21 (31); P1 (1); R-3 (148);,0.00217,single_sci,ok
1876,Li3PO4,Scm?1,7 × 10 ? 8 to 2 × 10 ? 6,10.1016/j.actamat.2012.10.034,19/01/2013,LISICON-like,Pmn21 (31); P1 (1); R-3 (148);,3.741657386773942e-07,range_to,ok
1878,Li2SGeS2P2S5,Scm?1,2.2 × 10 ? 3 and 3.2 × 10 ? 3,10.1039/C3EE41655K,22/01/2014,LISICON-like,Pmn21 (31); P1 (1); R-3 (148);,0.002653299832284319,multi_value,ok
1882,Li3PS4,Scm?1,2.7 × 10 ? 4,10.1016/j.jpowsour.2014.08.024,14/08/2014,LISICON-like,Pmn21 (31); P1 (1); R-3 (148);,0.00027000000000000006,single_sci,ok
1884,Li4.11Zn0.04Cr0.03Si0.93O4,Scm?1,3.16 × 10 ? 5,10.1016/j.electacta.2014.08.054,21/09/2014,LISICON-like,Pmn21 (31); P1 (1); R-3 (148);,3.16e-05,single_sci,ok
1913,Li4?xGe1?xPxS4,Scm?1,5 × 10 ? 3,10.1039/C4TA02289K,29/07/2014,LISICON-like,Pmn21 (31); P1 (1); R-3 (148);,0.005,single_sci,ok
1988,70Li2S·30P2S5,Scm?1,1.5 × 10 ? 3 and 5.0 × 10 ? 4,10.1016/j.jpowsour.2013.01.090,25/01/2013,LISICON-like,Pmn21 (31); P1 (1); R-3 (148);,0.0008660254037844387,multi_value,ok
2011,Li3.25Ge0.25P0.75S4,Scm?1,2.2 × 10 ? 3,10.1016/j.scib.2017.10.011,21/10/2017,LISICON-like,Pmn21 (31); P1 (1); R-3 (148);,0.0022,single_sci,ok
2012,Li3PO4,S/cm,2.8 × 10 ? 8,10.1016/j.jpowsour.2016.11.097,21/12/2016,LISICON-like,Pmn21 (31); P1 (1); R-3 (148);,2.8e-08,single_sci,ok
2019,Li9.54Si1.74P1.44S11.7Cl0.3,S/cm,2.5 × 10 ? 2,10.1016/j.jallcom.2017.10.262,31/10/2017,LISICON-like,Pmn21 (31); P1 (1); R-3 (148);,0.025,single_sci,ok
2035,Li2.05ZnAl0.05Si0.95O4,Scm?1,3.39 × 10 ? 5,10.1016/j.ceramint.2016.08.047,09/08/2016,LISICON-like,Pmn21 (31); P1 (1); R-3 (148);,3.3900000000000004e-05,single_sci,ok
2050,Li3PO4,S/cm,10 ? 10,10.1016/j.jpowsour.2016.11.097,21/12/2016,LISICON-like,Pmn21 (31); P1 (1); R-3 (148);,1e-10,power_of_ten,ok
2081,Li4P2S6,S/cm,6,10.1016/j.ssi.2015.10.015,19/11/2015,LISICON-like,Pmn21 (31); P1 (1); R-3 (148);,6.0,single_plain,ok
2083,Li3PO4,Scm?1,2.3 × 10 ? 6,10.1039/C7RA09335G,02/10/2017,LISICON-like,Pmn21 (31); P1 (1); R-3 (148);,2.2999999999999996e-06,single_sci,ok
2101,Li10GeP2S12,Scm?1,10 ? 2,10.1016/j.jpowsour.2018.05.003,16/05/2018,LISICON-like,Pmn21 (31); P1 (1); R-3 (148);,0.01,power_of_ten,ok
2137,Li10GeP2S12,Scm?1,1.2 × 10 ? 2,10.1016/j.actamat.2012.10.034,19/01/2013,LISICON-like,Pmn21 (31); P1 (1); R-3 (148);,0.012,single_sci,ok
2173,Li3PO4,Scm?1,10 ? 4,10.1016/j.ssi.2003.12.040,06/11/2004,LISICON-like,Pmn21 (31); P1 (1); R-3 (148);,0.0001,power_of_ten,ok
2182,Li10GeP2S12,Scm?1,1.0 × 10 ? 2,10.1039/C8TA08420C,27/11/2018,LISICON-like,Pmn21 (31); P1 (1); R-3 (148);,0.01,single_sci,ok
2191,Li3PO4,Scm?1,4 × 10 ? 8,10.1016/j.jpowsour.2017.01.030,13/01/2017,LISICON-like,Pmn21 (31); P1 (1); R-3 (148);,4e-08,single_sci,ok
2199,LiAlSiO4,Scm?1,1.4 × 10 ? 5,10.1039/C6EE02697D,18/01/2017,LISICON-like,Pmn21 (31); P1 (1); R-3 (148);,1.4e-05,single_sci,ok
2207,Li10GeP2S12,Scm?1,8.27 × 10 ? 3 and 1.54 × 10 ? 3,10.1016/j.ensm.2019.05.015,15/05/2019,LISICON-like,Pmn21 (31); P1 (1); R-3 (148);,0.003568725262611287,multi_value,ok
2222,70Li2S·30P2S5,Scm?1,8.0 × 10 ? 5 and 1.4 × 10 ? 3,10.1039/C3EE41655K,22/01/2014,LISICON-like,Pmn21 (31); P1 (1); R-3 (148);,0.00033466401061363034,multi_value,ok
2224,Li9.54Si1.74P1.44S11.7Cl0.3,mScm?1,10.2,10.1016/j.nanoen.2018.08.030,21/08/2018,LISICON-like,Pmn21 (31); P1 (1); R-3 (148);,10.2,single_plain,ok
2283,Li10GeP2S12,Scm?1,1.1 × 10 ? 2,10.1016/j.ensm.2018.02.020,28/02/2018,LISICON-like,Pmn21 (31); P1 (1); R-3 (148);,0.011000000000000001,single_sci,ok
2284,70Li2S·30P2S5,Scm?1,8.0 × 10 ? 5 and 1.4 × 10 ? 3,10.1039/C3EE41655K,22/01/2014,LISICON-like,Pmn21 (31); P1 (1); R-3 (148);,0.00033466401061363034,multi_value,ok
2302,Li3PS4,Scm?1,4.03 × 10 ? 4,10.1016/j.jpowsour.2018.03.016,29/03/2018,LISICON-like,Pmn21 (31); P1 (1); R-3 (148);,0.00040300000000000004,single_sci,ok
2323,Li10GeP2S12,Scm?1,1.1 × 10 ? 4 and 1.8 × 10 ? 3,10.1016/j.jpowsour.2017.05.112,13/06/2017,LISICON-like,Pmn21 (31); P1 (1); R-3 (148);,0.0004449719092257397,multi_value,ok
2331,Li7Ge3PS12,Scm?1,1.1 × 10 ? 4,10.1016/j.jssc.2016.12.001,06/12/2016,LISICON-like,Pmn21 (31); P1 (1); R-3 (148);,0.00011000000000000002,single_sci,ok
2338,Li10GeP2S12,mScm?1,12,10.1039/C2IC90006H,01/08/2012,LISICON-like,Pmn21 (31); P1 (1); R-3 (148);,12.0,single_plain,ok
2369,Li2.05ZnAl0.05Si0.95O4,Scm?1,3.38 × 10 ? 5,10.1016/j.ceramint.2016.08.047,09/08/2016,LISICON-like,Pmn21 (31); P1 (1); R-3 (148);,3.38e-05,single_sci,ok
2374,Li10GeP2S12?xOx,Scm?1,1.03 × 10 ? 2 and 8.43 × 10 ? 3,10.1016/j.jpowsour.2016.05.100,10/06/2016,LISICON-like,Pmn21 (31); P1 (1); R-3 (148);,0.009318207982224908,multi_value,ok
2409,Li4?xGe1?xPxS2(1+x)Se2(1?x),Scm?1,1.4 × 10 ? 3,10.1016/j.jpowsour.2010.02.042,20/02/2010,LISICON-like,Pmn21 (31); P1 (1); R-3 (148);,0.0014,single_sci,ok
2445,70Li2S·30P2S5,Scm?1,3.2 × 10 ? 3 and 1.3 × 10 ? 3,10.1016/j.jnoncrysol.2008.12.020,05/08/2009,LISICON-like,Pmn21 (31); P1 (1); R-3 (148);,0.002039607805437115,multi_value,ok
2477,Li4GeS4Li3PS4,Scm?1,to 1.8 × 10 ? 3,10.1039/C7TA01227F,30/05/2017,LISICON-like,Pmn21 (31); P1 (1); R-3 (148);,0.0018000000000000002,open_upper,ok
2495,Li10GeP2S12,Scm?1,1 × 10 ? 3,10.1016/j.nanoen.2017.01.028,26/01/2017,LISICON-like,Pmn21 (31); P1 (1); R-3 (148);,0.001,single_sci,ok
2511,Li3PO4,Scm?1,10 ? 6,10.1016/j.jpowsour.2010.08.042,03/09/2010,LISICON-like,Pmn21 (31); P1 (1); R-3 (148);,1e-06,power_of_ten,ok
2530,Li10GeP2S12,Scm?1,8.27 × 10 ? 3 and 1.54 × 10 ? 3,10.1039/C8TA03449D,26/06/2018,LISICON-like,Pmn21 (31); P1 (1); R-3 (148);,0.003568725262611287,multi_value,ok
2572,Li9.54Si1.74P1.44S11.7Cl0.3,mScm?1,25,10.1016/j.nanoen.2018.08.030,21/08/2018,LISICON-like,Pmn21 (31); P1 (1); R-3 (148);,25.0,single_plain,ok
2577,Li3PO4,S/cm,10 ? 8,10.1016/j.jpowsour.2016.11.097,21/12/2016,LISICON-like,Pmn21 (31); P1 (1); R-3 (148);,1e-08,power_of_ten,ok
2606,Li9.54Si1.74P1.44S11.7Cl0.3,mScm?1,25,10.1016/j.gee.2019.05.003,27/05/2019,LISICON-like,Pmn21 (31); P1 (1); R-3 (148);,25.0,single_plain,ok
2621,Li3PS4,Scm?1,6.0 × 10 ? 3 and 1.0 × 10 ? 3,10.1039/C6TA01628F,28/06/2016,LISICON-like,Pmn21 (31); P1 (1); R-3 (148);,0.0024494897427831787,multi_value,ok
2622,Li4P2S6,Scm?1,10 ? 6,10.1016/j.mseb.2016.03.005,04/05/2016,LISICON-like,Pmn21 (31); P1 (1); R-3 (148);,1e-06,power_of_ten,ok
2638,Li10.42Si1.5P1.5Cl0.08O11.92,Scm?1,10 ? 18,10.1039/C4RA11287C,23/12/2014,LISICON-like,Pmn21 (31); P1 (1); R-3 (148);,1e-18,power_of_ten,ok
2645,Li3.4Si0.4P0.6S4,Scm?1,1.2 × 10 ? 3,10.1016/j.jpowsour.2010.12.020,21/12/2010,LISICON-like,Pmn21 (31); P1 (1); R-3 (148);,0.0012,single_sci,ok
2658,Li10GeP2S12,Scm?1,1.2 × 10 ? 2,10.1039/C3EE41655K,22/01/2014,LISICON-like,Pmn21 (31); P1 (1); R-3 (148);,0.012,single_sci,ok
2706,Li10GeP2S12,Scm?1,2.5 × 10 ? 2,10.1016/j.ensm.2018.02.020,28/02/2018,LISICON-like,Pmn21 (31); P1 (1); R-3 (148);,0.025,single_sci,ok
2739,Li4P2S6,Scm?1,1.1 × 10 ? 6,10.1039/C7QI00737J,13/02/2018,LISICON-like,Pmn21 (31); P1 (1); R-3 (148);,1.1e-06,single_sci,ok
2749,Li10GeP2S12,mScm?1,12,10.1016/j.ensm.2017.01.006,13/01/2017,LISICON-like,Pmn21 (31); P1 (1); R-3 (148);,12.0,single_plain,ok
2788,Li10GeP2S12,Scm?1,2.2 × 10 ? 3,10.1016/j.electacta.2014.08.139,21/09/2014,LISICON-like,Pmn21 (31); P1 (1); R-3 (148);,0.0022,single_sci,ok
2825,Li9.54Si1.74P1.44S11.7Cl0.3,S/cm,2,10.1016/j.jpowsour.2018.02.062,24/02/2018,LISICON-like,Pmn21 (31); P1 (1); R-3 (148);,2.0,single_plain,ok
2878,Li9.54Si1.74P1.44S11.7Cl0.3,mScm?1,12,10.1016/j.nanoen.2018.09.061,27/09/2018,LISICON-like,Pmn21 (31); P1 (1); R-3 (148);,12.0,single_plain,ok
2888,Li10GeP2S12,S/cm,5.0 × 10 ? 4,10.1016/j.jpowsour.2017.09.070,06/10/2017,LISICON-like,Pmn21 (31); P1 (1); R-3 (148);,0.0005,single_sci,ok
2919,Li3PO4,Scm?1,1.87 × 10 ? 3,10.1016/j.rser.2019.04.035,20/04/2019,LISICON-like,Pmn21 (31); P1 (1); R-3 (148);,0.0018700000000000001,single_sci,ok
2927,Li9.54Si1.74P1.44S11.7Cl0.3,mScm?1,25,10.1039/C6TA05439K,11/10/2016,LISICON-like,Pmn21 (31); P1 (1); R-3 (148);,25.0,single_plain,ok
2930,Li2.05ZnAl0.05Si0.95O4,Scm?1,3,10.1016/j.ceramint.2016.08.047,09/08/2016,LISICON-like,Pmn21 (31); P1 (1); R-3 (148);,3.0,single_plain,ok
2934,Li3.25Ge0.25P0.75S4,Scm?1, 10 ? 2,10.1016/j.jpowsour.2016.02.088,12/03/2016,LISICON-like,Pmn21 (31); P1 (1); R-3 (148);,0.01,power_of_ten_leading_dash,ok
2962,Li3.25Ge0.25P0.75S4,Scm?1,1.7 × 10 ? 4,10.1016/j.jpowsour.2005.03.062,25/04/2005,LISICON-like,Pmn21 (31); P1 (1); R-3 (148);,0.00017,single_sci,ok
2966,Li2.05ZnAl0.05Si0.95O4,Scm?1,5,10.1016/j.ceramint.2016.08.047,09/08/2016,LISICON-like,Pmn21 (31); P1 (1); R-3 (148);,5.0,single_plain,ok
2969,Li3.833Sn0.833As0.166S4,mScm?1,1.39,10.1016/j.nanoen.2017.01.028,26/01/2017,LISICON-like,Pmn21 (31); P1 (1); R-3 (148);,1.39,single_plain,ok
3031,Li3PO4,Scm?1,10 ? 4,10.1016/j.jallcom.2016.09.205,21/09/2016,LISICON-like,Pmn21 (31); P1 (1); R-3 (148);,0.0001,power_of_ten,ok
3043,70Li2S·30P2S5,Scm?1,2.2 × 10 ? 3,10.1016/j.jpowsour.2006.04.037,24/05/2006,LISICON-like,Pmn21 (31); P1 (1); R-3 (148);,0.0022,single_sci,ok
3052,Li3.833Sn0.833As0.166S4,Scm?1,1.39 × 10 ? 3 and 9.95 × 10 ? 4,10.1039/C3EE43357A,19/02/2014,LISICON-like,Pmn21 (31); P1 (1); R-3 (148);,0.0011760314621641712,multi_value,ok
3055,NiV2S4,Scm?1,0.709 × 10 ? 3 and 0.576 × 10 ? 3,10.1039/C6TA07171F,08/11/2016,LISICON-like,Pmn21 (31); P1 (1); R-3 (148);,0.0006390492938733283,multi_value,ok
3085,Li4.11Zn0.04Cr0.03Si0.93O4,Scm?1,3,10.1016/j.electacta.2014.08.054,21/09/2014,LISICON-like,Pmn21 (31); P1 (1); R-3 (148);,3.0,single_plain,ok
3099,Li3PO4,Scm?1,4.6 × 10 ? 7,10.1016/j.jpowsour.2012.10.079,03/11/2012,LISICON-like,Pmn21 (31); P1 (1); R-3 (148);,4.5999999999999994e-07,single_sci,ok
3106,Li10GeP2S12,Scm?1,10 ? 2,10.1039/C8TA10790D,05/02/2019,LISICON-like,Pmn21 (31); P1 (1); R-3 (148);,0.01,power_of_ten,ok
3183,Li9.54Si1.74P1.44S11.7Cl0.3,mScm?1,25,10.1039/C6TA10142A,07/02/2017,LISICON-like,Pmn21 (31); P1 (1); R-3 (148);,25.0,single_plain,ok
3201,Li10GeP2S12,Scm?1,1.2 × 10 ? 2,10.1016/j.scib.2017.10.011,21/10/2017,LISICON-like,Pmn21 (31); P1 (1); R-3 (148);,0.012,single_sci,ok
3223,70Li2S·30P2S5,Scm?1,1.5 × 10 ? 3 and 5.0 × 10 ? 4,10.1016/j.jpowsour.2013.01.090,25/01/2013,LISICON-like,Pmn21 (31); P1 (1); R-3 (148);,0.0008660254037844387,multi_value,ok
3364,Li10SnP2S12,S/cm,3.12 × 10 ? 4,10.1016/j.nanoen.2018.08.030,21/08/2018,LISICON-like,Pmn21 (31); P1 (1); R-3 (148);,0.00031200000000000005,single_sci,ok
3377,Li10GeP2S12,mScm?1,12,10.1016/j.jpowsour.2015.06.074,27/06/2015,LISICON-like,Pmn21 (31); P1 (1); R-3 (148);,12.0,single_plain,ok
3397,Li10GeP2S12?xOx,Scm?1,1.03 × 10 ? 2 and 8.43 × 10 ? 3,10.1016/j.jpowsour.2016.05.100,10/06/2016,LISICON-like,Pmn21 (31); P1 (1); R-3 (148);,0.009318207982224908,multi_value,ok
3412,Li2.05ZnAl0.05Si0.95O4,Scm?1,4,10.1016/j.ceramint.2016.08.047,09/08/2016,LISICON-like,Pmn21 (31); P1 (1); R-3 (148);,4.0,single_plain,ok
3435,LiAlSiO4,Scm?1,10 ? 5,10.1039/C3TA14928E,03/06/2014,LISICON-like,Pmn21 (31); P1 (1); R-3 (148);,1e-05,power_of_ten,ok
3438,Li10GeP2S12,Scm?1,1.2 × 10 ? 2,10.1016/j.jascer.2013.03.005,09/04/2013,LISICON-like,Pmn21 (31); P1 (1); R-3 (148);,0.012,single_sci,ok
3439,Li10GeP2S12,Scm?1,2,10.1039/C4TA04332D,27/01/2015,LISICON-like,Pmn21 (31); P1 (1); R-3 (148);,2.0,single_plain,ok
3480,Li4?xGe1?xPxS4,S/cm,1.3 × 10 ? 1,10.1016/j.nanoen.2013.02.003,06/03/2013,LISICON-like,Pmn21 (31); P1 (1); R-3 (148);,0.13,single_sci,ok
3504,Li10GeP2S12,Scm?1,1.1 × 10 ? 4 and 1.8 × 10 ? 3,10.1016/j.jpowsour.2017.05.112,13/06/2017,LISICON-like,Pmn21 (31); P1 (1); R-3 (148);,0.0004449719092257397,multi_value,ok
3505,Li10.42Si1.5P1.5Cl0.08O11.92,Scm?1,1.03 × 10 ? 5 and 3.7 × 10 ? 5,10.1039/C4RA11287C,23/12/2014,LISICON-like,Pmn21 (31); P1 (1); R-3 (148);,1.952178270548058e-05,multi_value,ok
3524,Li3PO4,Scm?1,4.2 × 10 ? 18,10.1016/j.jpowsour.2016.03.024,22/03/2016,LISICON-like,Pmn21 (31); P1 (1); R-3 (148);,4.200000000000001e-18,single_sci,ok
3529,Li10GeP2S12,Scm?1,1.03 × 10 ? 2 to 8.43 × 10 ? 3,10.1016/j.jpowsour.2016.05.100,10/06/2016,LISICON-like,Pmn21 (31); P1 (1); R-3 (148);,0.009318207982224908,range_to,ok
3536,Li3PO4,Scm?1,10  13,10.1016/j.ceramint.2018.10.219,28/10/2018,LISICON-like,Pmn21 (31); P1 (1); R-3 (148);,1e-13,power_of_ten,ok
3581,70Li2S·30P2S5,Scm?1,10 ? 3,10.1039/C3EE41655K,22/01/2014,LISICON-like,Pmn21 (31); P1 (1); R-3 (148);,0.001,power_of_ten,ok
3600,Li2SGeS2P2S5,Scm?1,4.0 × 10 ? 4,10.1016/j.ssi.2004.08.028,17/11/2004,LISICON-like,Pmn21 (31); P1 (1); R-3 (148);,0.0004,single_sci,ok
3609,Li3PO4,Scm?1,4.6 × 10 ? 7,10.1016/j.jpowsour.2017.01.030,13/01/2017,LISICON-like,Pmn21 (31); P1 (1); R-3 (148);,4.5999999999999994e-07,single_sci,ok
3614,Li10GeP2S12,Scm?1,10 ? 2,10.1016/j.jpowsour.2013.09.117,05/10/2013,LISICON-like,Pmn21 (31); P1 (1); R-3 (148);,0.01,power_of_ten,ok
3615,Li3PO4,Scm?1,6.6 × 10 ? 8,10.1016/j.apsusc.2016.02.139,16/02/2016,LISICON-like,Pmn21 (31); P1 (1); R-3 (148);,6.6e-08,single_sci,ok
3628,Li10GeP2S12,Scm?1,8.27 × 10 ? 3 and 1.54 × 10 ? 3,10.1016/j.ensm.2019.05.015,15/05/2019,LISICON-like,Pmn21 (31); P1 (1); R-3 (148);,0.003568725262611287,multi_value,ok
3637,Li2.05ZnAl0.05Si0.95O4,Scm?1,4.17 × 10 ? 6,10.1016/j.ceramint.2016.08.047,09/08/2016,LISICON-like,Pmn21 (31); P1 (1); R-3 (148);,4.17e-06,single_sci,ok
3646,Li4GeS4Li3PS4,Scm?1,10 ? 3,10.1016/j.jnoncrysol.2008.12.020,05/08/2009,LISICON-like,Pmn21 (31); P1 (1); R-3 (148);,0.001,power_of_ten,ok
3650,Li3.4Si0.4P0.6S4,S/cm,6.4 × 10 ? 4 and 2.2 × 10 ? 3,10.1016/j.electacta.2008.01.071,05/02/2008,LISICON-like,Pmn21 (31); P1 (1); R-3 (148);,0.001186591757935306,multi_value,ok
3698,Li10GeP2S12,Scm?1,8.27 × 10 ? 3 and 1.54 × 10 ? 3,10.1039/C8TA03449D,26/06/2018,LISICON-like,Pmn21 (31); P1 (1); R-3 (148);,0.003568725262611287,multi_value,ok
3699,Li10GeP2S12,Scm?1,10 ? 2,10.1039/C3TA15090A,11/03/2014,LISICON-like,Pmn21 (31); P1 (1); R-3 (148);,0.01,power_of_ten,ok
3725,Li9.54Si1.74P1.44S11.7Cl0.3,mScm?1,25,10.1016/j.ensm.2018.02.020,28/02/2018,LISICON-like,Pmn21 (31); P1 (1); R-3 (148);,25.0,single_plain,ok
3744,Li3PS4,Scm?1,6.3 × 10 ? 3,10.1016/j.electacta.2014.08.139,21/09/2014,LISICON-like,Pmn21 (31); P1 (1); R-3 (148);,0.0063,single_sci,ok
3750,Li10GeP2S12,Scm?1,1.2 × 10 ? 2,10.1039/C6MH00218H,24/10/2016,LISICON-like,Pmn21 (31); P1 (1); R-3 (148);,0.012,single_sci,ok
3756,Li3PS4,Scm?1,2 × 10 ? 4,10.1016/j.jpowsour.2018.09.070,27/09/2018,LISICON-like,Pmn21 (31); P1 (1); R-3 (148);,0.0002,single_sci,ok
3772,Li4P2S6,mScm?1,10 ? 4,10.1016/j.jpowsour.2015.06.074,27/06/2015,LISICON-like,Pmn21 (31); P1 (1); R-3 (148);,0.0001,power_of_ten,ok
3779,Li2SGeS2P2S5,Scm?1,2.2 × 10 ? 3 and 3.2 × 10 ? 3,10.1039/C3EE41655K,22/01/2014,LISICON-like,Pmn21 (31); P1 (1); R-3 (148);,0.002653299832284319,multi_value,ok
3832,Li3PS4,Scm?1,1.2 × 10 ? 4,10.1039/C9TA04772G,30/07/2019,LISICON-like,Pmn21 (31); P1 (1); R-3 (148);,0.00012,single_sci,ok
3849,Li3PS4,Scm?1,2.0 × 10 ? 4,10.1039/C7TA06873E,10/10/2017,LISICON-like,Pmn21 (31); P1 (1); R-3 (148);,0.0002,single_sci,ok
3867,Li10GeP2S12,Scm?1,1.2 × 10 ? 2,10.1016/j.ensm.2018.02.020,28/02/2018,LISICON-like,Pmn21 (31); P1 (1); R-3 (148);,0.012,single_sci,ok
3874,Li3.25Ge0.25P0.75S4,Scm?1,10 ? 3,10.1016/j.ssi.2004.02.025,24/05/2004,LISICON-like,Pmn21 (31); P1 (1); R-3 (148);,0.001,power_of_ten,ok
3882,Li10GeP2S12,Scm?1,3.27 × 10 ? 3,10.1016/j.matlet.2019.04.022,06/04/2019,LISICON-like,Pmn21 (31); P1 (1); R-3 (148);,0.00327,single_sci,ok
3890,Li4?xGe1?xPxS4,S/cm,2.2 × 10 ? 3,10.1016/j.nanoen.2013.02.003,06/03/2013,LISICON-like,Pmn21 (31); P1 (1); R-3 (148);,0.0022,single_sci,ok
3924,Li3.25Ge0.25P0.75S4,Scm?1,0.9 × 10 ? 3 and 1.7 × 10 ? 4,10.1016/j.jpowsour.2005.03.062,25/04/2005,LISICON-like,Pmn21 (31); P1 (1); R-3 (148);,0.00039115214431215914,multi_value,ok
3936,Li4P2S6,S/cm,7,10.1016/j.ssi.2015.10.015,19/11/2015,LISICON-like,Pmn21 (31); P1 (1); R-3 (148);,7.0,single_plain,ok
3954,Li4SnS4,Scm?1,7.1 × 10 ? 5,10.1039/C3EE43357A,19/02/2014,LISICON-like,Pmn21 (31); P1 (1); R-3 (148);,7.1e-05,single_sci,ok
3966,70Li2S·30P2S5,Scm?1,1.0 × 10 ? 3,10.1039/C8TA08420C,27/11/2018,LISICON-like,Pmn21 (31); P1 (1); R-3 (148);,0.001,single_sci,ok
4,Na3PS4,S/cm,4.6 × 10 ? 4,10.1016/j.nanoms.2019.02.007,21/03/2019,NASICON-like,R-3c (167); R-3 (148); C2/c (15); P21/c (14); P1 (1),0.00045999999999999996,single_sci,ok
9,LiGe2(PO4)3,Scm?1,10 ? 5,10.1039/C7CE01910F,05/03/2018,NASICON-like,R-3c (167); R-3 (148); C2/c (15); P21/c (14); P1 (1),1e-05,power_of_ten,ok
11,Li3V2(PO4)3,Scm?1,2.4 × 10 ? 7,10.1016/j.jpowsour.2010.12.067,24/12/2010,NASICON-like,R-3c (167); R-3 (148); C2/c (15); P21/c (14); P1 (1),2.4e-07,single_sci,ok
22,Li3V2(PO4)3,Scm?1,3.04 × 10 ? 4 to 7.40 × 10 ? 3,10.1039/C1JM14758G,06/03/2012,NASICON-like,R-3c (167); R-3 (148); C2/c (15); P21/c (14); P1 (1),0.0014998666607402142,range_to,ok
23,Li1.3Al0.3Ti1.7 (PO4)3,Scm?1,2.34 × 10 ? 14,10.1016/j.matlet.2016.01.089,19/01/2016,NASICON-like,R-3c (167); R-3 (148); C2/c (15); P21/c (14); P1 (1),2.34e-14,single_sci,ok
26,Li3V2(PO4)3,Scm?1,2.4 × 10 ? 7,10.1016/j.jallcom.2017.12.348,30/12/2017,NASICON-like,R-3c (167); R-3 (148); C2/c (15); P21/c (14); P1 (1),2.4e-07,single_sci,ok
53,Li1+xAlxGe2?x(PO4)3,Scm?1,5 × 10 ? 4,10.1039/C9CE00386J,14/05/2019,NASICON-like,R-3c (167); R-3 (148); C2/c (15); P21/c (14); P1 (1),0.0005,single_sci,ok
78,Na3SbS4,Scm?1,2.52 × 10 ? 4,10.1016/j.nanoen.2019.104109,09/09/2019,NASICON-like,R-3c (167); R-3 (148); C2/c (15); P21/c (14); P1 (1),0.000252,single_sci,ok
82,Na3.9Sm0.6P0.3Si2.7O9,S/cm,9.07 × 10 ? 2,10.1016/j.jeurceramsoc.2005.07.029,08/08/2005,NASICON-like,R-3c (167); R-3 (148); C2/c (15); P21/c (14); P1 (1),0.0907,single_sci,ok
97,Li1.5Al0.5Ge1.5(PO4)3,S/cm,5.4?10?5,10.1016/j.jeurceramsoc.2019.03.023,11/03/2019,NASICON-like,R-3c (167); R-3 (148); C2/c (15); P21/c (14); P1 (1),,range_dash,manual_review
146,Na3PS4,Scm?1,7.4 × 10 ? 4,10.1039/C4RA00996G,08/04/2014,NASICON-like,R-3c (167); R-3 (148); C2/c (15); P21/c (14); P1 (1),0.0007400000000000001,single_sci,ok
164,Li3V2(PO4)3,Scm?1,9.7 × 10 ? 2,10.1039/C8RA10646K,12/03/2019,NASICON-like,R-3c (167); R-3 (148); C2/c (15); P21/c (14); P1 (1),0.09699999999999999,single_sci,ok
169,Li1.5Al0.5Ge1.5(PO4)3,S/cm,3.5 × 10 ? 6,10.1016/j.jallcom.2010.04.084,22/04/2010,NASICON-like,R-3c (167); R-3 (148); C2/c (15); P21/c (14); P1 (1),3.5e-06,single_sci,ok
171,Na3.5Zr0.5Sc1.5(PO4)3,S/cm,9.47 × 10 ? 4,10.1016/j.jpcs.2018.11.016,24/11/2018,NASICON-like,R-3c (167); R-3 (148); C2/c (15); P21/c (14); P1 (1),0.0009470000000000001,single_sci,ok
174,LiGe2(PO4)3,Scm?1,7.2 × 10 ? 7,10.1039/C7TA08968F,06/02/2018,NASICON-like,R-3c (167); R-3 (148); C2/c (15); P21/c (14); P1 (1),7.2e-07,single_sci,ok
175,Li3V2(PO4)3,S/cm,4.95 × 10 ? 3,10.1016/j.ensm.2016.02.002,13/02/2016,NASICON-like,R-3c (167); R-3 (148); C2/c (15); P21/c (14); P1 (1),0.00495,single_sci,ok
177,Li2OAl2O3SiO2P2O5TiO2GeO2,Scm?1,10 ? 4,10.1039/C5TA03335G,30/06/2015,NASICON-like,R-3c (167); R-3 (148); C2/c (15); P21/c (14); P1 (1),0.0001,power_of_ten,ok
179,Li3V2(PO4)3,Scm?1,10 ? 8,10.1016/j.jelechem.2011.05.024,17/06/2011,NASICON-like,R-3c (167); R-3 (148); C2/c (15); P21/c (14); P1 (1),1e-08,power_of_ten,ok
197,Na3PS4,mScm?1,0.2,10.1039/C6TA09809F,14/02/2017,NASICON-like,R-3c (167); R-3 (148); C2/c (15); P21/c (14); P1 (1),0.2,single_plain,ok
242,Li3V2(PO4)3,Scm?1,2.3 × 10 ? 8,10.1016/j.jpowsour.2010.11.086,24/11/2010,NASICON-like,R-3c (167); R-3 (148); C2/c (15); P21/c (14); P1 (1),2.2999999999999998e-08,single_sci,ok
266,Li1.3Al0.3Ti1.7(PO4)3,S/cm,6 × 10 ? 7,10.1016/j.nanoen.2013.02.003,06/03/2013,NASICON-like,R-3c (167); R-3 (148); C2/c (15); P21/c (14); P1 (1),6e-07,single_sci,ok
267,Li1.3Al0.3Ti1.7(PO4)3,Scm?1,6.5·10?5,10.1016/S0167-2738(98)00462-7,01/02/1999,NASICON-like,R-3c (167); R-3 (148); C2/c (15); P21/c (14); P1 (1),6.500000000000001e-05,single_sci,ok
289,Li1+x+yTi2?xAlxP3?ySiyO12,Scm?1,4.7 × 10 ? 4,10.1016/j.jpowsour.2009.11.023,13/11/2009,NASICON-like,R-3c (167); R-3 (148); C2/c (15); P21/c (14); P1 (1),0.00047000000000000004,single_sci,ok
299,Na3Zr2Si2PO12,Scm?1,4.1 × 10 ? 5,10.1016/j.matt.2019.03.008,29/05/2019,NASICON-like,R-3c (167); R-3 (148); C2/c (15); P21/c (14); P1 (1),4.1e-05,single_sci,ok
314,LiTi2(PO4)3,Scm?1,10 ? 8,10.1039/C4RA04943H,23/07/2014,NASICON-like,R-3c (167); R-3 (148); C2/c (15); P21/c (14); P1 (1),1e-08,power_of_ten,ok
339,Na3Zr2Si2PO12,Scm?1,1.3 × 10 ? 3,10.1016/j.electacta.2016.09.113,22/09/2016,NASICON-like,R-3c (167); R-3 (148); C2/c (15); P21/c (14); P1 (1),0.0013000000000000002,single_sci,ok
362,Li3V2(PO4)3,Scm?1,"2.46 × 10 ? 4 , 2.26 × 10 ? 4 , 1.93 × 10 ? 3 and 2.01 × 10 ? 4",10.1039/C4RA09389E,17/12/2014,NASICON-like,R-3c (167); R-3 (148); C2/c (15); P21/c (14); P1 (1),0.0003832209367782626,multi_value,ok
374,Li3V2(PO4)3,S/cm,3.0 × 10 ? 1,10.1016/j.electacta.2010.05.077,01/06/2010,NASICON-like,R-3c (167); R-3 (148); C2/c (15); P21/c (14); P1 (1),0.30000000000000004,single_sci,ok
375,Li3V2(PO4)3,Scm?1,2.4 × 10 ? 8,10.1016/j.jallcom.2017.06.315,29/06/2017,NASICON-like,R-3c (167); R-3 (148); C2/c (15); P21/c (14); P1 (1),2.4e-08,single_sci,ok
385,Li1.3Al0.3Ti1.7(PO4)3,S/cm,1 × 10 ? 4,10.1016/j.jeurceramsoc.2016.02.042,05/03/2016,NASICON-like,R-3c (167); R-3 (148); C2/c (15); P21/c (14); P1 (1),0.0001,single_sci,ok
387,Li3V2(PO4)3,Scm?1,2.4 × 10 ? 7,10.1039/C4RA05089D,27/08/2014,NASICON-like,R-3c (167); R-3 (148); C2/c (15); P21/c (14); P1 (1),2.4e-07,single_sci,ok
411,Li3V2(PO4)3,Scm?1,2.3 × 10 ? 8,10.1039/C3RA47734G,25/03/2014,NASICON-like,R-3c (167); R-3 (148); C2/c (15); P21/c (14); P1 (1),2.2999999999999998e-08,single_sci,ok
416,Na2SO4,mScm?1,85 ± 4,10.1016/j.electacta.2015.03.182,26/03/2015,NASICON-like,R-3c (167); R-3 (148); C2/c (15); P21/c (14); P1 (1),85.0,plus_minus,ok
444,Li1.3Al0.3Ti1.7(PO4)3,Scm?1,7 × 10 ? 4,10.1016/j.jpowsour.2017.12.021,14/12/2017,NASICON-like,R-3c (167); R-3 (148); C2/c (15); P21/c (14); P1 (1),0.0007,single_sci,ok
464,Li1.15Y0.15Zr1.85(PO4)3,Scm?1,1.4 × 10 ? 4 and 0.71 × 10 ? 4,10.1016/j.jpowsour.2013.03.175,08/04/2013,NASICON-like,R-3c (167); R-3 (148); C2/c (15); P21/c (14); P1 (1),9.969954864491607e-05,multi_value,ok
470,Li3V2(PO4)3,S/cm,7.2 × 10 ? 6,10.1016/j.ensm.2016.02.002,13/02/2016,NASICON-like,R-3c (167); R-3 (148); C2/c (15); P21/c (14); P1 (1),7.2e-06,single_sci,ok
479,Li1.3Al0.3Ti1.7(PO4)3,Scm?1,6.47 × 10 ? 6,10.1016/j.matlet.2016.01.089,19/01/2016,NASICON-like,R-3c (167); R-3 (148); C2/c (15); P21/c (14); P1 (1),6.469999999999999e-06,single_sci,ok
484,Li1.3Al0.3Ti1.7(PO4)3,Scm?1,7 × 10 ? 4,10.1039/C5EE01604E,26/08/2015,NASICON-like,R-3c (167); R-3 (148); C2/c (15); P21/c (14); P1 (1),0.0007,single_sci,ok
504,Na3SbS4-xSex,Scm?1,4.03 × 10 ? 3,10.1016/j.nanoen.2019.104109,09/09/2019,NASICON-like,R-3c (167); R-3 (148); C2/c (15); P21/c (14); P1 (1),0.004030000000000001,single_sci,ok
513,Li3V2(PO4)3,Scm?1,2.4 × 10 ? 7,10.1016/j.ceramint.2016.07.075,13/07/2016,NASICON-like,R-3c (167); R-3 (148); C2/c (15); P21/c (14); P1 (1),2.4e-07,single_sci,ok
514,Li3V2(PO4)3,Scm?1,2.4 × 10 ? 7,10.1016/j.ceramint.2014.08.082,28/08/2014,NASICON-like,R-3c (167); R-3 (148); C2/c (15); P21/c (14); P1 (1),2.4e-07,single_sci,ok
539,Li3V2(PO4)3,Scm?1,2 × 10 ? 8,10.1016/j.jallcom.2015.07.244,30/07/2015,NASICON-like,R-3c (167); R-3 (148); C2/c (15); P21/c (14); P1 (1),2e-08,single_sci,ok
564,Li1+xAlxGe2?x(PO4)3,Scm?1,4.22 × 10 ? 3,10.1039/C6MH00218H,24/10/2016,NASICON-like,R-3c (167); R-3 (148); C2/c (15); P21/c (14); P1 (1),0.00422,single_sci,ok
611,Li1.3Al0.3Ti1.7(PO4)3,Scm?1,3.00 × 10 ? 3,10.1016/j.ceramint.2015.11.131,02/12/2015,NASICON-like,R-3c (167); R-3 (148); C2/c (15); P21/c (14); P1 (1),0.003,single_sci,ok
619,Na0.92CrO2,Scm?1,10 ? 9,10.1039/C5EE00695C,01/07/2015,NASICON-like,R-3c (167); R-3 (148); C2/c (15); P21/c (14); P1 (1),1e-09,power_of_ten,ok
633,Li3V2(PO4)3,Scm?1,"2.46 × 10 ? 4 , 2.26 × 10 ? 4 , 1.93 × 10 ? 3 and 2.01 × 10 ? 4",10.1039/C4RA09389E,17/12/2014,NASICON-like,R-3c (167); R-3 (148); C2/c (15); P21/c (14); P1 (1),0.0003832209367782626,multi_value,ok
636,Li1.1Zr1.9La0.1(PO4)3,S/cm,5,10.1016/j.electacta.2018.03.115,23/03/2018,NASICON-like,R-3c (167); R-3 (148); C2/c (15); P21/c (14); P1 (1),5.0,single_plain,ok
652,Li1.3Cr0.3Ge1.7(PO4)3,S/cm,5.7 × 10 ? 4,10.1016/j.matlet.2004.05.080,29/07/2004,NASICON-like,R-3c (167); R-3 (148); C2/c (15); P21/c (14); P1 (1),0.0005700000000000001,single_sci,ok
654,Li1.3Al0.3Ti1.7 (PO4)3,S/cm,10 ? 4,10.1016/j.physb.2016.08.020,18/08/2016,NASICON-like,R-3c (167); R-3 (148); C2/c (15); P21/c (14); P1 (1),0.0001,power_of_ten,ok
656,Li3V2(PO3)4,Scm?1,10 ? 9,10.1039/C1JM12291F,20/09/2011,NASICON-like,R-3c (167); R-3 (148); C2/c (15); P21/c (14); P1 (1),1e-09,power_of_ten,ok
659,LiTi2(PO4)3,Scm?1,1.83 × 10 ? 6,10.1016/j.ceramint.2011.06.025,21/06/2011,NASICON-like,R-3c (167); R-3 (148); C2/c (15); P21/c (14); P1 (1),1.83e-06,single_sci,ok
684,Li3V2(PO4)3,Scm?1,2.4 × 10 ? 8,10.1039/C4RA15880F,10/02/2015,NASICON-like,R-3c (167); R-3 (148); C2/c (15); P21/c (14); P1 (1),2.4e-08,single_sci,ok
685,Na2B12H12,Scm?1,0.1,10.1039/C3CC49805K,11/03/2014,NASICON-like,R-3c (167); R-3 (148); C2/c (15); P21/c (14); P1 (1),0.1,single_plain,ok
686,Li1.3Al0.3Ti1.7(PO4)3,mScm?1,0.266 to 0.622,10.1016/j.jallcom.2015.04.019,18/04/2015,NASICON-like,R-3c (167); R-3 (148); C2/c (15); P21/c (14); P1 (1),0.40675791326045524,range_to,ok
688,Li1.3Al0.3Ti1.7(PO4)3,S/cm,2.10 ? 3,10.1016/S0167-2738(01)00833-5,08/06/2001,NASICON-like,R-3c (167); R-3 (148); C2/c (15); P21/c (14); P1 (1),,unknown,manual_review
693,Li1+xAlxGe2?x(PO4)3,Scm?1,1.0 × 10 ? 5,10.1016/j.matlet.2016.04.172,25/04/2016,NASICON-like,R-3c (167); R-3 (148); C2/c (15); P21/c (14); P1 (1),1e-05,single_sci,ok
709,Li3V2(PO4)3,Scm?1,3.7 × 10 ? 5,10.1016/j.apsusc.2016.09.156,01/10/2016,NASICON-like,R-3c (167); R-3 (148); C2/c (15); P21/c (14); P1 (1),3.7000000000000005e-05,single_sci,ok
713,Li1.3Al0.3Ti1.7(PO4)3,Scm?1,to 1.12 × 10 ? 3,10.1039/C6TA05439K,11/10/2016,NASICON-like,R-3c (167); R-3 (148); C2/c (15); P21/c (14); P1 (1),0.0011200000000000001,open_upper,ok
729,Li1+xAlxTi2?x(PO4)3,S/cm,to 3.4 × 10 ? 3,10.1016/j.electacta.2011.05.007,11/05/2011,NASICON-like,R-3c (167); R-3 (148); C2/c (15); P21/c (14); P1 (1),0.0034,open_upper,ok
744,Li3V2(PO4)3,Scm?1,2.3 × 10 ? 8,10.1039/C4RA09389E,17/12/2014,NASICON-like,R-3c (167); R-3 (148); C2/c (15); P21/c (14); P1 (1),2.2999999999999998e-08,single_sci,ok
770,Li1+xAlxTi2?x(PO4)3,Scm?1,1.1 × 10 ? 6,10.1016/j.ceramint.2015.05.062,21/05/2015,NASICON-like,R-3c (167); R-3 (148); C2/c (15); P21/c (14); P1 (1),1.1e-06,single_sci,ok
780,Li3V2(PO4)3,Scm?1,10 ? 9,10.1016/j.ceramint.2016.03.144,19/03/2016,NASICON-like,R-3c (167); R-3 (148); C2/c (15); P21/c (14); P1 (1),1e-09,power_of_ten,ok
791,LiGe2(PO4)3,S/cm,1.91 × 10 ? 4,10.1016/j.ceramint.2018.04.172,20/04/2018,NASICON-like,R-3c (167); R-3 (148); C2/c (15); P21/c (14); P1 (1),0.000191,single_sci,ok
814,Li1+x+yTi2?xAlxP3?ySiyO12,Scm?1,10 ? 4,10.1016/j.pecs.2015.01.002,07/02/2015,NASICON-like,R-3c (167); R-3 (148); C2/c (15); P21/c (14); P1 (1),0.0001,power_of_ten,ok
824,LiGe2(PO4)3,Scm?1,1.23 × 10 ? 8,10.1016/j.jpowsour.2015.05.060,20/05/2015,NASICON-like,R-3c (167); R-3 (148); C2/c (15); P21/c (14); P1 (1),1.23e-08,single_sci,ok
835,Na3Zr2Si2PO12,S/cm,10 ? 3,10.1016/j.nanoms.2019.02.007,21/03/2019,NASICON-like,R-3c (167); R-3 (148); C2/c (15); P21/c (14); P1 (1),0.001,power_of_ten,ok
851,Li1.3Al0.3Ti1.7 (PO4)3,Scm?1,1.22 × 10 ? 5,10.1016/j.matlet.2016.01.089,19/01/2016,NASICON-like,R-3c (167); R-3 (148); C2/c (15); P21/c (14); P1 (1),1.22e-05,single_sci,ok
872,Li3V2(PO4)3,Scm?1,2 × 10 ? 8,10.1016/j.jpowsour.2011.10.133,06/11/2011,NASICON-like,R-3c (167); R-3 (148); C2/c (15); P21/c (14); P1 (1),2e-08,single_sci,ok
877,Li3V2(PO4)3,Scm?1, 10 ? 7,10.1016/j.jpowsour.2017.07.004,17/07/2017,NASICON-like,R-3c (167); R-3 (148); C2/c (15); P21/c (14); P1 (1),1e-07,power_of_ten_leading_dash,ok
880,Li1.1Zr1.9La0.1(PO4)3,S/cm,10 ? 8,10.1016/j.electacta.2018.03.115,23/03/2018,NASICON-like,R-3c (167); R-3 (148); C2/c (15); P21/c (14); P1 (1),1e-08,power_of_ten,ok
901,Na3Zr2Si2PO12,Scm?1,6.7 × 10 ? 4,10.1016/j.jmst.2018.10.007,10/10/2018,NASICON-like,R-3c (167); R-3 (148); C2/c (15); P21/c (14); P1 (1),0.00067,single_sci,ok
905,Na3PS4,S/cm,10 ? 4,10.1016/j.nanoms.2019.02.007,21/03/2019,NASICON-like,R-3c (167); R-3 (148); C2/c (15); P21/c (14); P1 (1),0.0001,power_of_ten,ok
924,Li1+xAlxGe2?x(PO4)3,Scm?1,to 3.4 × 10 ? 3,10.1016/j.scib.2017.10.011,21/10/2017,NASICON-like,R-3c (167); R-3 (148); C2/c (15); P21/c (14); P1 (1),0.0034,open_upper,ok
937,Na3Zr2Si2PO12,S/cm,6.7 × 10 ? 4,10.1016/j.nanoms.2019.02.007,21/03/2019,NASICON-like,R-3c (167); R-3 (148); C2/c (15); P21/c (14); P1 (1),0.00067,single_sci,ok
977,Li1.3Al0.3Ti1.7 (PO4)3,Scm?1,1.12 × 10 ? 6,10.1016/j.matlet.2016.01.089,19/01/2016,NASICON-like,R-3c (167); R-3 (148); C2/c (15); P21/c (14); P1 (1),1.12e-06,single_sci,ok
979,Li3V2(PO4)3,Scm?1,2.3 × 10 ? 8,10.1039/C1JM14758G,06/03/2012,NASICON-like,R-3c (167); R-3 (148); C2/c (15); P21/c (14); P1 (1),2.2999999999999998e-08,single_sci,ok
985,Li3V2(PO4)3,Scm?1, 10 ? 7,10.1016/j.jpowsour.2013.12.080,27/12/2013,NASICON-like,R-3c (167); R-3 (148); C2/c (15); P21/c (14); P1 (1),1e-07,power_of_ten_leading_dash,ok
1001,Li1+xAlxTi2?x(PO4)3,S/cm,10 ? 4,10.1016/j.electacta.2011.05.007,11/05/2011,NASICON-like,R-3c (167); R-3 (148); C2/c (15); P21/c (14); P1 (1),0.0001,power_of_ten,ok
1019,Li1+xAlxTi2?x(PO4)3,S/cm,3.25 × 10 ? 3 and 1.12 × 10 ? 3,10.1016/j.materresbull.2007.08.007,06/08/2007,NASICON-like,R-3c (167); R-3 (148); C2/c (15); P21/c (14); P1 (1),0.0019078784028338921,multi_value,ok
1036,Na2SO4,Scm?1,0.092,10.1039/C6CP06214H,19/10/2016,NASICON-like,R-3c (167); R-3 (148); C2/c (15); P21/c (14); P1 (1),0.092,single_plain,ok
1039,Na10GeP2S12,mScm?1,10 ? 3,10.1039/C5TA01616A,09/06/2015,NASICON-like,R-3c (167); R-3 (148); C2/c (15); P21/c (14); P1 (1),0.001,power_of_ten,ok
1045,Na2SO4,Scm?1,5.9 × 10 ? 8,10.1016/j.jascer.2015.10.002,06/11/2015,NASICON-like,R-3c (167); R-3 (148); C2/c (15); P21/c (14); P1 (1),5.9000000000000006e-08,single_sci,ok
1070,Li3V2(PO3)4,Scm?1,4.76 × 10 ? 2,10.1016/j.jpowsour.2012.04.078,26/05/2012,NASICON-like,R-3c (167); R-3 (148); C2/c (15); P21/c (14); P1 (1),0.047599999999999996,single_sci,ok
1119,Li1.3Al0.3Ti1.7(PO4)3,Scm?1,3 × 10 ? 3,10.1016/j.pmatsci.2017.04.007,08/04/2017,NASICON-like,R-3c (167); R-3 (148); C2/c (15); P21/c (14); P1 (1),0.003,single_sci,ok
1121,Li3V2(PO4)3,Scm?1,"7.73 × 10 ? 8 , 7.23 × 10 ? 5 and 7.83 × 10 ? 5",10.1039/C2JM31004J,15/05/2012,NASICON-like,R-3c (167); R-3 (148); C2/c (15); P21/c (14); P1 (1),7.592063835955021e-06,multi_value,ok
1131,Li3V2(PO4)3,Scm?1,- 10 ? 7,10.1016/j.jallcom.2017.04.313,29/04/2017,NASICON-like,R-3c (167); R-3 (148); C2/c (15); P21/c (14); P1 (1),1e-07,power_of_ten_leading_dash,ok
1133,Na3SbS4-xSex,Scm?1,5.98 × 10 ? 4,10.1016/j.nanoen.2019.104109,09/09/2019,NASICON-like,R-3c (167); R-3 (148); C2/c (15); P21/c (14); P1 (1),0.0005980000000000001,single_sci,ok
1154,Li1.3Al0.3Ti1.7(PO4)3,Scm?1,to 1.7 × 10 ? 4,10.1016/j.ensm.2018.02.014,24/02/2018,NASICON-like,R-3c (167); R-3 (148); C2/c (15); P21/c (14); P1 (1),0.00017,open_upper,ok
1168,Na10SnP2S12,mScm?1,0.94,10.1016/j.nanoen.2018.01.046,31/01/2018,NASICON-like,R-3c (167); R-3 (148); C2/c (15); P21/c (14); P1 (1),0.94,single_plain,ok
1169,Li1+xAlxGe2?x(PO4)3,S/cm,4.62 × 10 ? 3,10.1016/j.jallcom.2010.04.084,22/04/2010,NASICON-like,R-3c (167); R-3 (148); C2/c (15); P21/c (14); P1 (1),0.00462,single_sci,ok
1173,Li1.3Cr0.3Ge1.7(PO4)3,S/cm,4.0 × 10 ? 4,10.1016/j.matlet.2004.05.080,29/07/2004,NASICON-like,R-3c (167); R-3 (148); C2/c (15); P21/c (14); P1 (1),0.0004,single_sci,ok
1175,Na3PS4,Scm?1,3.0 × 10 ? 3,10.1016/j.nanoen.2019.104109,09/09/2019,NASICON-like,R-3c (167); R-3 (148); C2/c (15); P21/c (14); P1 (1),0.003,single_sci,ok
1192,Li3V2(PO4)3,Scm?1,2.4 × 10 ? 7,10.1016/j.ceramint.2016.01.142,28/01/2016,NASICON-like,R-3c (167); R-3 (148); C2/c (15); P21/c (14); P1 (1),2.4e-07,single_sci,ok
1204,Li3.94Cr0.02Zr0.06Si0.94O4,Scm?1,3,10.1016/j.ceramint.2013.11.031,28/11/2013,NASICON-like,R-3c (167); R-3 (148); C2/c (15); P21/c (14); P1 (1),3.0,single_plain,ok
1220,Na10SnP2S12,mScm?1,0.4,10.1039/C8TA10498K,02/04/2019,NASICON-like,R-3c (167); R-3 (148); C2/c (15); P21/c (14); P1 (1),0.4,single_plain,ok
1244,Li6Y(BO3)3,Scm?1,2.2 × 10 ? 3,10.1039/C5TA09436D,03/05/2016,NASICON-like,R-3c (167); R-3 (148); C2/c (15); P21/c (14); P1 (1),0.0022,single_sci,ok
1253,Li1.3Al0.3Ti1.7(PO4)3,Scm?1,1.2 × 10 ? 4 and 6.7 × 10 ? 5,10.1016/j.matlet.2003.09.013,27/10/2003,NASICON-like,R-3c (167); R-3 (148); C2/c (15); P21/c (14); P1 (1),8.966604708583946e-05,multi_value,ok
1263,Na3Zr2Si2PO12,Scm?1,4,10.1016/j.electacta.2018.05.020,03/05/2018,NASICON-like,R-3c (167); R-3 (148); C2/c (15); P21/c (14); P1 (1),4.0,single_plain,ok
1267,Na2SO4,mScm?1,68.2,10.1016/j.jallcom.2019.01.046,06/01/2019,NASICON-like,R-3c (167); R-3 (148); C2/c (15); P21/c (14); P1 (1),68.2,single_plain,ok
1268,Li3V2(PO4)3,S/cm,10 ? 5,10.1016/j.ensm.2016.02.002,13/02/2016,NASICON-like,R-3c (167); R-3 (148); C2/c (15); P21/c (14); P1 (1),1e-05,power_of_ten,ok
1296,Li1+x+yTi2?xAlxP3?ySiyO12,Scm?1,1 × 10 ? 3,10.1016/j.jpowsour.2012.09.028,29/09/2012,NASICON-like,R-3c (167); R-3 (148); C2/c (15); P21/c (14); P1 (1),0.001,single_sci,ok
1297,Li1+xAlxTi2?x(PO4)3,S/cm,2.03 × 10 ? 3,10.1016/j.electacta.2011.05.007,11/05/2011,NASICON-like,R-3c (167); R-3 (148); C2/c (15); P21/c (14); P1 (1),0.0020299999999999997,single_sci,ok
1300,NaCrO2,Scm?1,10 ? 1,10.1039/C5EE00695C,01/07/2015,NASICON-like,R-3c (167); R-3 (148); C2/c (15); P21/c (14); P1 (1),0.1,power_of_ten,ok
1314,Li3V2(PO4)3,Scm?1,2.4 × 10 ? 7,10.1016/j.jpowsour.2013.03.171,06/04/2013,NASICON-like,R-3c (167); R-3 (148); C2/c (15); P21/c (14); P1 (1),2.4e-07,single_sci,ok
1332,Li3V2(PO4)3,S/cm,1.2 × 10 ? 2,10.1016/j.ensm.2016.06.004,15/06/2016,NASICON-like,R-3c (167); R-3 (148); C2/c (15); P21/c (14); P1 (1),0.012,single_sci,ok
1349,Na3PS4,mScm?1,0.2,10.1016/j.ssi.2019.05.014,02/07/2019,NASICON-like,R-3c (167); R-3 (148); C2/c (15); P21/c (14); P1 (1),0.2,single_plain,ok
1359,Li3V2(PO4)3,Scm?1,2.4 × 10 ? 7,10.1016/j.ssi.2018.06.003,07/06/2018,NASICON-like,R-3c (167); R-3 (148); C2/c (15); P21/c (14); P1 (1),2.4e-07,single_sci,ok
1360,Li1+x+yTi2?xAlxP3?ySiyO12,Scm?1,10 ? 4,10.1039/C3CP00006K,24/04/2013,NASICON-like,R-3c (167); R-3 (148); C2/c (15); P21/c (14); P1 (1),0.0001,power_of_ten,ok
1362,Li1+xAlxTi2?x(PO4)3,S/cm,2.25 × 10 ? 4,10.1016/j.ssi.2019.01.007,09/01/2019,NASICON-like,R-3c (167); R-3 (148); C2/c (15); P21/c (14); P1 (1),0.00022500000000000002,single_sci,ok
1367,Li1+xAlxGe2?x(PO4)3,Scm?1,? 4  5 × 10 ? 3,10.1039/C3CP54165G,22/01/2014,NASICON-like,R-3c (167); R-3 (148); C2/c (15); P21/c (14); P1 (1),,unknown,manual_review
1390,LiTi2(PO4)3,Scm?1,4.4 × 10 ? 8,10.1039/C2CP40603A,28/03/2012,NASICON-like,R-3c (167); R-3 (148); C2/c (15); P21/c (14); P1 (1),4.4000000000000004e-08,single_sci,ok
1411,LiTi2(PO4)3,Scm?1,3.3 × 10 ? 5,10.1039/C7TA00482F,13/06/2017,NASICON-like,R-3c (167); R-3 (148); C2/c (15); P21/c (14); P1 (1),3.3e-05,single_sci,ok
1419,Li3V2(PO4)3,S/cm,2.3 × 10 ? 8,10.1016/j.electacta.2010.07.049,23/07/2010,NASICON-like,R-3c (167); R-3 (148); C2/c (15); P21/c (14); P1 (1),2.2999999999999998e-08,single_sci,ok
1426,Li3V2(PO3)4,Scm?1,2 × 10 ? 8,10.1016/j.jpowsour.2012.04.078,26/05/2012,NASICON-like,R-3c (167); R-3 (148); C2/c (15); P21/c (14); P1 (1),2e-08,single_sci,ok
1481,Li2AlZr[PO4]3,Scm?1,1 × 10 ? 5,10.1016/j.jpowsour.2005.07.071,17/11/2005,NASICON-like,R-3c (167); R-3 (148); C2/c (15); P21/c (14); P1 (1),1e-05,single_sci,ok
1490,Li1.3Al0.3Ti1.7(PO4)3,Scm?1,3 × 10 ? 3,10.1016/j.actamat.2012.10.034,19/01/2013,NASICON-like,R-3c (167); R-3 (148); C2/c (15); P21/c (14); P1 (1),0.003,single_sci,ok
1505,Li3V2(PO4)3,Scm?1,2.4 × 10 ? 7,10.1016/j.electacta.2010.11.073,29/11/2010,NASICON-like,R-3c (167); R-3 (148); C2/c (15); P21/c (14); P1 (1),2.4e-07,single_sci,ok
1509,Li3V2(PO4)3,Scm?1,"7.73 × 10 ? 8 , 7.23 × 10 ? 5 and 7.83 × 10 ? 5",10.1039/C2JM31004J,15/05/2012,NASICON-like,R-3c (167); R-3 (148); C2/c (15); P21/c (14); P1 (1),7.592063835955021e-06,multi_value,ok
1526,Li1.15Y0.15Zr1.85(PO4)3,Scm?1,1.4 × 10 ? 4,10.1016/j.jpowsour.2013.03.175,08/04/2013,NASICON-like,R-3c (167); R-3 (148); C2/c (15); P21/c (14); P1 (1),0.00014,single_sci,ok
1528,Na3PS4,Scm?1,10 ? 4,10.1016/j.jpowsour.2014.06.158,07/07/2014,NASICON-like,R-3c (167); R-3 (148); C2/c (15); P21/c (14); P1 (1),0.0001,power_of_ten,ok
1531,Li1+xAlxTi2?x(PO4)3,Scm?1,0.52 × 10 ? 4,10.1016/j.scib.2017.10.011,21/10/2017,NASICON-like,R-3c (167); R-3 (148); C2/c (15); P21/c (14); P1 (1),5.2000000000000004e-05,single_sci,ok
1538,Li1+xAlxGe2?x(PO4)3,S/cm,5.8 × 10 ? 4,10.1016/j.physb.2011.07.033,27/07/2011,NASICON-like,R-3c (167); R-3 (148); C2/c (15); P21/c (14); P1 (1),0.00058,single_sci,ok
1572,Li1.4Al0.4(Ge0.67Ti0.33)1.6(PO4)3,S/cm,6.21 × 10 ? 4,10.1016/j.ssi.2004.05.009,03/07/2004,NASICON-like,R-3c (167); R-3 (148); C2/c (15); P21/c (14); P1 (1),0.000621,single_sci,ok
1584,Li1+xAlxTi2?x(PO4)3,Scm?1,1.30 × 10 ? 3,10.1039/C7RA09335G,02/10/2017,NASICON-like,R-3c (167); R-3 (148); C2/c (15); P21/c (14); P1 (1),0.0013000000000000002,single_sci,ok
1592,Li3V2(PO4)3,S/cm,7.0 × 10 ? 1,10.1016/j.ensm.2016.02.002,13/02/2016,NASICON-like,R-3c (167); R-3 (148); C2/c (15); P21/c (14); P1 (1),0.7000000000000001,single_sci,ok
1598,Li1+xAlxTi2?x(PO4)3,S/cm,to 1 × 10 ? 5,10.1016/j.jeurceramsoc.2012.08.005,21/12/2012,NASICON-like,R-3c (167); R-3 (148); C2/c (15); P21/c (14); P1 (1),1e-05,open_upper,ok
1606,Na0.67Co0.33Ti0.67O2,Scm?1,to 8.4 × 10 ? 2,10.1016/S0167-2738(02)00451-4,29/08/2002,NASICON-like,R-3c (167); R-3 (148); C2/c (15); P21/c (14); P1 (1),0.084,open_upper,ok
1607,Na4S0.5O0.5I2,mScm?1,0.347,10.1039/C9TA02166C,24/04/2019,NASICON-like,R-3c (167); R-3 (148); C2/c (15); P21/c (14); P1 (1),0.347,single_plain,ok
1624,Na2SiO3,Scm?1,1.02 × 10 ? 3,10.1016/S0014-3057(97)00269-3,11/01/2000,NASICON-like,R-3c (167); R-3 (148); C2/c (15); P21/c (14); P1 (1),0.00102,single_sci,ok
1637,Li1.5Al0.5Ge1.5(PO4)3,Scm?1,20.1 × 10 ? 4,10.1039/C5RA09837H,31/07/2015,NASICON-like,R-3c (167); R-3 (148); C2/c (15); P21/c (14); P1 (1),0.00201,single_sci,ok
1642,Na3SbS4,mScm?1,0.2,10.1039/C7TA09242C,16/01/2018,NASICON-like,R-3c (167); R-3 (148); C2/c (15); P21/c (14); P1 (1),0.2,single_plain,ok
1649,Na3Zr2Si2PO12,Scm?1,10 ? 1,10.1016/j.jpowsour.2013.09.051,20/09/2013,NASICON-like,R-3c (167); R-3 (148); C2/c (15); P21/c (14); P1 (1),0.1,power_of_ten,ok
1651,Li1.5Al0.5Ge1.5(PO4)3,Scm?1,2 × 10 ? 4,10.1016/j.jpowsour.2011.03.065,06/04/2011,NASICON-like,R-3c (167); R-3 (148); C2/c (15); P21/c (14); P1 (1),0.0002,single_sci,ok
1652,Na1.82Mg1.09P2O7,Scm?1,1.10 × 10 ? 11,10.1039/C4TA03356F,14/10/2014,NASICON-like,R-3c (167); R-3 (148); C2/c (15); P21/c (14); P1 (1),1.1e-11,single_sci,ok
1661,Li1+xAlxGe2?x(PO4)3,Scm?1,1.2 × 10 ? 6,10.1016/j.matlet.2016.04.172,25/04/2016,NASICON-like,R-3c (167); R-3 (148); C2/c (15); P21/c (14); P1 (1),1.2e-06,single_sci,ok
1674,Li3V2(PO4)3,Scm?1,10 ? 7,10.1016/j.jpowsour.2010.02.009,10/02/2010,NASICON-like,R-3c (167); R-3 (148); C2/c (15); P21/c (14); P1 (1),1e-07,power_of_ten,ok
1680,Na3Zr2Si2PO12,Scm?1,1.3 × 10 ? 3,10.1016/j.nanoen.2018.04.074,01/05/2018,NASICON-like,R-3c (167); R-3 (148); C2/c (15); P21/c (14); P1 (1),0.0013000000000000002,single_sci,ok
1692,Na2.2Zn0.9(MoO4)2,Scm?1,2.34 × 10 ? 3,10.1039/C7NJ00202E,26/06/2017,NASICON-like,R-3c (167); R-3 (148); C2/c (15); P21/c (14); P1 (1),0.00234,single_sci,ok
1696,Li1+x+yTi2?xAlxP3?ySiyO12,Scm?1,1.6 × 10 ? 4 to 4.8 × 10 ? 7,10.1016/j.jpowsour.2009.11.023,13/11/2009,NASICON-like,R-3c (167); R-3 (148); C2/c (15); P21/c (14); P1 (1),8.763560920082664e-06,range_to,ok
1741,LiTi2(PO4)3,Scm?1,10 ? 3,10.1016/j.actamat.2012.10.034,19/01/2013,NASICON-like,R-3c (167); R-3 (148); C2/c (15); P21/c (14); P1 (1),0.001,power_of_ten,ok
1747,Li1+xAlxGe2?x(PO4)3,Scm?1,2 × 10 ? 4,10.1016/j.jpowsour.2011.03.065,06/04/2011,NASICON-like,R-3c (167); R-3 (148); C2/c (15); P21/c (14); P1 (1),0.0002,single_sci,ok
1753,NaCrO2,Scm?1,10 ? 5,10.1039/C5EE00695C,01/07/2015,NASICON-like,R-3c (167); R-3 (148); C2/c (15); P21/c (14); P1 (1),1e-05,power_of_ten,ok
1768,Li3.94Cr0.02Zr0.06Si0.94O4,Scm?1,1.83 × 10 ? 4,10.1016/j.ceramint.2013.11.031,28/11/2013,NASICON-like,R-3c (167); R-3 (148); C2/c (15); P21/c (14); P1 (1),0.000183,single_sci,ok
1771,Li1+xAlxGe2?x(PO4)3,S/cm,10 ? 4,10.1016/j.physb.2011.07.033,27/07/2011,NASICON-like,R-3c (167); R-3 (148); C2/c (15); P21/c (14); P1 (1),0.0001,power_of_ten,ok
1776,Li3V2(PO4)3,Scm?1,to 2.3 × 10 ? 3,10.1016/j.electacta.2010.02.026,13/02/2010,NASICON-like,R-3c (167); R-3 (148); C2/c (15); P21/c (14); P1 (1),0.0023,open_upper,ok
1787,Li3V2(PO4)3,Scm?1,2.4 × 10 ? 7,10.1016/j.electacta.2009.11.096,03/12/2009,NASICON-like,R-3c (167); R-3 (148); C2/c (15); P21/c (14); P1 (1),2.4e-07,single_sci,ok
1806,LiTi2(PO4)3,Scm?1,7 × 10 ? 4,10.1016/j.jpowsour.2015.05.060,20/05/2015,NASICON-like,R-3c (167); R-3 (148); C2/c (15); P21/c (14); P1 (1),0.0007,single_sci,ok
1829,Li1+xAlxTi2?x(PO4)3,Scm?1,to 5.63 × 10 ? 3,10.1039/C5TA08545D,19/01/2016,NASICON-like,R-3c (167); R-3 (148); C2/c (15); P21/c (14); P1 (1),0.00563,open_upper,ok
1853,Li3V2(PO4)3,S/cm,2.0 × 10 ? 8,10.1016/j.ensm.2016.06.004,15/06/2016,NASICON-like,R-3c (167); R-3 (148); C2/c (15); P21/c (14); P1 (1),2e-08,single_sci,ok
1857,Li3V2(PO4)3,Scm?1,"2.46 × 10 ? 4 , 2.26 × 10 ? 4 , 1.93 × 10 ? 3 and 2.01 × 10 ? 4",10.1039/C4RA09389E,17/12/2014,NASICON-like,R-3c (167); R-3 (148); C2/c (15); P21/c (14); P1 (1),0.0003832209367782626,multi_value,ok
1879,Na3PS4,Scm?1,2.6 × 10 ? 4 and 4.3 × 10 ? 4,10.1016/j.jpowsour.2019.04.069,02/05/2019,NASICON-like,R-3c (167); R-3 (148); C2/c (15); P21/c (14); P1 (1),0.00033436506994601007,multi_value,ok
1897,Na10SnP2S12,Scm?1,10 ? 4,10.1016/j.jpowsour.2018.06.054,21/06/2018,NASICON-like,R-3c (167); R-3 (148); C2/c (15); P21/c (14); P1 (1),0.0001,power_of_ten,ok
1899,Na3Zr2Si2PO12,S/cm,10 ? 4,10.1016/j.ensm.2019.04.009,12/04/2019,NASICON-like,R-3c (167); R-3 (148); C2/c (15); P21/c (14); P1 (1),0.0001,power_of_ten,ok
1900,Na2SO4,mScm?1,170,10.1016/j.electacta.2013.08.095,30/08/2013,NASICON-like,R-3c (167); R-3 (148); C2/c (15); P21/c (14); P1 (1),170.0,single_plain,ok
1905,Li1+xAlxTi2?x(PO4)3,Scm?1,10 ? 4,10.1016/j.jpowsour.2013.05.039,18/05/2013,NASICON-like,R-3c (167); R-3 (148); C2/c (15); P21/c (14); P1 (1),0.0001,power_of_ten,ok
1934,Li1.3Al0.3Ti1.7(PO4)3,S/cm,7.8 × 10 ? 4,10.1016/j.jallcom.2018.12.183,15/12/2018,NASICON-like,R-3c (167); R-3 (148); C2/c (15); P21/c (14); P1 (1),0.00078,single_sci,ok
1935,Li1+xAlxTi2?x(PO4)3,S/cm,3.25 × 10 ? 3 and 1.12 × 10 ? 3,10.1016/j.materresbull.2007.08.007,06/08/2007,NASICON-like,R-3c (167); R-3 (148); C2/c (15); P21/c (14); P1 (1),0.0019078784028338921,multi_value,ok
1940,Li1.3Al0.3Ti1.7(PO4)3,mScm?1,to 0.52,10.1016/j.jallcom.2015.04.019,18/04/2015,NASICON-like,R-3c (167); R-3 (148); C2/c (15); P21/c (14); P1 (1),0.52,open_upper,ok
2023,Na2.2Zn0.9(MoO4)2,Scm?1,3.8 × 10 ? 2,10.1039/C7NJ00202E,26/06/2017,NASICON-like,R-3c (167); R-3 (148); C2/c (15); P21/c (14); P1 (1),0.038,single_sci,ok
2030,Li3V2(PO4)3,Scm?1,7,10.1016/j.jelechem.2011.05.024,17/06/2011,NASICON-like,R-3c (167); R-3 (148); C2/c (15); P21/c (14); P1 (1),7.0,single_plain,ok
2046,Li3V2(PO4)3,S/cm,2.3 × 10 ? 8,10.1016/j.electacta.2010.05.077,01/06/2010,NASICON-like,R-3c (167); R-3 (148); C2/c (15); P21/c (14); P1 (1),2.2999999999999998e-08,single_sci,ok
2069,Na3Zr2Si2PO12,Scm?1,6.28 × 10 ? 4,10.1016/j.ceramint.2017.03.095,20/03/2017,NASICON-like,R-3c (167); R-3 (148); C2/c (15); P21/c (14); P1 (1),0.0006280000000000001,single_sci,ok
2071,Li1.3Al0.3Ti1.7(PO4)3,Scm?1,10 ? 11,10.1016/j.matlet.2003.09.013,27/10/2003,NASICON-like,R-3c (167); R-3 (148); C2/c (15); P21/c (14); P1 (1),1e-11,power_of_ten,ok
2084,Na3SbS4,S/cm,7.4 × 10 ? 4,10.1016/j.nanoms.2019.02.007,21/03/2019,NASICON-like,R-3c (167); R-3 (148); C2/c (15); P21/c (14); P1 (1),0.0007400000000000001,single_sci,ok
2092,Na3Zr2Si2PO12,Scm?1,4.7 × 10 ? 3,10.1039/C5TA01616A,09/06/2015,NASICON-like,R-3c (167); R-3 (148); C2/c (15); P21/c (14); P1 (1),0.0047,single_sci,ok
2102,Na4SiS4,Scm?1,6 × 10 ? 6,10.1039/C4RA00996G,08/04/2014,NASICON-like,R-3c (167); R-3 (148); C2/c (15); P21/c (14); P1 (1),6e-06,single_sci,ok
2110,Li3V2(PO4)3,Scm?1,2.4 × 10 ? 7,10.1039/C6CC03629E,05/07/2016,NASICON-like,R-3c (167); R-3 (148); C2/c (15); P21/c (14); P1 (1),2.4e-07,single_sci,ok
2136,Li1+xAlxGe2?x(PO4)3,Scm?1,3.6 × 10 ? 6,10.1016/j.matlet.2016.04.172,25/04/2016,NASICON-like,R-3c (167); R-3 (148); C2/c (15); P21/c (14); P1 (1),3.6e-06,single_sci,ok
2166,Na3Zr2Si2PO12,Scm?1,1.5 × 10 ? 3 and 1.9 × 10 ? 4,10.1016/j.jpowsour.2013.09.051,20/09/2013,NASICON-like,R-3c (167); R-3 (148); C2/c (15); P21/c (14); P1 (1),0.0005338539126015655,multi_value,ok
2169,Li1.3Al0.3Ti1.7(PO4)3,Scm?1,7 × 10 ? 4,10.1039/C6TA05439K,11/10/2016,NASICON-like,R-3c (167); R-3 (148); C2/c (15); P21/c (14); P1 (1),0.0007,single_sci,ok
2187,Li1+xAlxTi2?x(PO4)3,Scm?1,1.73 × 10 ? 3,10.1039/C5TA08545D,19/01/2016,NASICON-like,R-3c (167); R-3 (148); C2/c (15); P21/c (14); P1 (1),0.00173,single_sci,ok
2188,Li1.3Al0.3Ti1.7(PO4)3,S/cm,to 1 × 10 ? 5,10.1016/j.jeurceramsoc.2012.08.005,21/12/2012,NASICON-like,R-3c (167); R-3 (148); C2/c (15); P21/c (14); P1 (1),1e-05,open_upper,ok
2203,Li3Cr(MoO4)3 @ C,Scm?1,2.0 × 10 ? 5,10.1039/C8TA07782G,09/10/2018,NASICON-like,R-3c (167); R-3 (148); C2/c (15); P21/c (14); P1 (1),2e-05,single_sci,ok
2211,Na3PS4,Scm?1,4.6 × 10 ? 4,10.1016/j.ssi.2018.02.042,11/03/2018,NASICON-like,R-3c (167); R-3 (148); C2/c (15); P21/c (14); P1 (1),0.00045999999999999996,single_sci,ok
2227,Na2(B12H12)0.5(B10H10)0.5,mScm?1,0.9,10.1039/C7CC00794A,11/04/2017,NASICON-like,R-3c (167); R-3 (148); C2/c (15); P21/c (14); P1 (1),0.9,single_plain,ok
2235,Li3V2(PO4)3,Scm?1,? 2 to 103,10.1016/j.electacta.2010.02.026,13/02/2010,NASICON-like,R-3c (167); R-3 (148); C2/c (15); P21/c (14); P1 (1),,unknown,manual_review
2251,Na2.6V1.6Zr0.4(PO4)3,Scm?1,5 × 10 ? 6 and 6 × 10 ? 6,10.1039/C8CC00734A,22/03/2018,NASICON-like,R-3c (167); R-3 (148); C2/c (15); P21/c (14); P1 (1),5.477225575051662e-06,multi_value,ok
2272,Li3V2(PO4)3,Scm?1,9.5 × 10 ? 4,10.1016/j.apsusc.2016.09.156,01/10/2016,NASICON-like,R-3c (167); R-3 (148); C2/c (15); P21/c (14); P1 (1),0.00095,single_sci,ok
2297,Li1.5Al0.5Ge1.5(PO4)3,Scm?1,to 2 × 10 ? 4,10.1039/C7CE01910F,05/03/2018,NASICON-like,R-3c (167); R-3 (148); C2/c (15); P21/c (14); P1 (1),0.0002,open_upper,ok
2298,Na2B12H12,Scm?1,0.1,10.1039/C5EE02941D,25/11/2015,NASICON-like,R-3c (167); R-3 (148); C2/c (15); P21/c (14); P1 (1),0.1,single_plain,ok
2333,Na0.92CrO2,Scm?1,10 ? 9,10.1016/j.ensm.2016.04.001,13/04/2016,NASICON-like,R-3c (167); R-3 (148); C2/c (15); P21/c (14); P1 (1),1e-09,power_of_ten,ok
2351,Li1+xAlxTi2?x(PO4)3,Scm?1,10 ? 2,10.1039/C6MH00218H,24/10/2016,NASICON-like,R-3c (167); R-3 (148); C2/c (15); P21/c (14); P1 (1),0.01,power_of_ten,ok
2352,Li3V2(PO4)3,Scm?1,2 × 10 ? 8,10.1016/j.mseb.2016.05.008,21/06/2016,NASICON-like,R-3c (167); R-3 (148); C2/c (15); P21/c (14); P1 (1),2e-08,single_sci,ok
2372,Na3Zr2Si2PO12,Scm?1,4.4 × 10 ? 4,10.1016/j.electacta.2018.05.020,03/05/2018,NASICON-like,R-3c (167); R-3 (148); C2/c (15); P21/c (14); P1 (1),0.00044000000000000007,single_sci,ok
2376,Li1.3Cr0.3Ge1.7(PO4)3,S/cm,10 ? 8,10.1016/j.elecom.2004.09.024,02/11/2004,NASICON-like,R-3c (167); R-3 (148); C2/c (15); P21/c (14); P1 (1),1e-08,power_of_ten,ok
2377,Li1.3Al0.3Ti1.7(PO4)3,Scm?1,3 × 10 ? 3 and 9 × 10 ? 4,10.1016/j.ssi.2018.11.005,27/11/2018,NASICON-like,R-3c (167); R-3 (148); C2/c (15); P21/c (14); P1 (1),0.0016431676725154993,multi_value,ok
2383,Li1+x+yTi2?xAlxP3?ySiyO12,Scm?1,1.6 × 10 ? 4 to 4.8 × 10 ? 7,10.1016/j.jpowsour.2009.11.023,13/11/2009,NASICON-like,R-3c (167); R-3 (148); C2/c (15); P21/c (14); P1 (1),8.763560920082664e-06,range_to,ok
2392,Li3V2(PO4)3,Scm?1,2.4 × 10 ? 7,10.1039/C6RA28014E,19/04/2017,NASICON-like,R-3c (167); R-3 (148); C2/c (15); P21/c (14); P1 (1),2.4e-07,single_sci,ok
2424,Li3V2(PO4)3,Scm?1,2.4 × 10 ? 7,10.1039/C2JM16417E,28/02/2012,NASICON-like,R-3c (167); R-3 (148); C2/c (15); P21/c (14); P1 (1),2.4e-07,single_sci,ok
2430,Li1+xAlxTi2?x(PO4)3,Scm?1,7.7 × 10 ? 3,10.1039/C5TA08545D,19/01/2016,NASICON-like,R-3c (167); R-3 (148); C2/c (15); P21/c (14); P1 (1),0.0077,single_sci,ok
2432,Li1+xAlxTi2?x(PO4)3,Scm?1,3.4 × 10 ? 3,10.1039/C5TA08545D,19/01/2016,NASICON-like,R-3c (167); R-3 (148); C2/c (15); P21/c (14); P1 (1),0.0034,single_sci,ok
2437,Nb2O5-doped m-Li3Fe2(PO4)3,Scm?1,7.40 × 10 ? 6,10.1016/j.jallcom.2016.12.427,01/01/2017,NASICON-like,R-3c (167); R-3 (148); C2/c (15); P21/c (14); P1 (1),7.4e-06,single_sci,ok
2439,Li1+xAlxGe2?x(PO4)3,S/cm,3.5 × 10 ? 6,10.1016/j.jallcom.2010.04.084,22/04/2010,NASICON-like,R-3c (167); R-3 (148); C2/c (15); P21/c (14); P1 (1),3.5e-06,single_sci,ok
2451,NaCrO2,Scm?1,to 0.47,10.1039/C5EE00695C,01/07/2015,NASICON-like,R-3c (167); R-3 (148); C2/c (15); P21/c (14); P1 (1),0.47,open_upper,ok
2456,Na3PSe4,mScm?1,0.74,10.1039/C7TA09242C,16/01/2018,NASICON-like,R-3c (167); R-3 (148); C2/c (15); P21/c (14); P1 (1),0.74,single_plain,ok
2493,Li1.5Al0.5Ge1.5(PO4)3,Scm?1,10 ? 4,10.1016/j.compositesb.2017.05.025,09/05/2017,NASICON-like,R-3c (167); R-3 (148); C2/c (15); P21/c (14); P1 (1),0.0001,power_of_ten,ok
2521,Na2B12H12,Scm?1,0.01,10.1039/C5EE02941D,25/11/2015,NASICON-like,R-3c (167); R-3 (148); C2/c (15); P21/c (14); P1 (1),0.01,single_plain,ok
2527,Na3SbS4,mScm?1,to 1.6,10.1016/j.jpowsour.2018.05.037,02/09/2018,NASICON-like,R-3c (167); R-3 (148); C2/c (15); P21/c (14); P1 (1),1.6,open_upper,ok
2552,Li3V2(PO4)3,S/cm,2.3 × 10 ? 8,10.1016/j.electacta.2009.05.002,14/05/2009,NASICON-like,R-3c (167); R-3 (148); C2/c (15); P21/c (14); P1 (1),2.2999999999999998e-08,single_sci,ok
2553,Na3(VO1?x)2(PO4)2F1+2x,Scm?1,10 ? 12,10.1039/C6CC00065G,23/02/2016,NASICON-like,R-3c (167); R-3 (148); C2/c (15); P21/c (14); P1 (1),1e-12,power_of_ten,ok
2569,Li1.1Zr1.9La0.1(PO4)3,S/cm,0.72 × 10 ? 4,10.1016/j.electacta.2018.03.115,23/03/2018,NASICON-like,R-3c (167); R-3 (148); C2/c (15); P21/c (14); P1 (1),7.2e-05,single_sci,ok
2585,Li1.3Al0.3Ti1.7(PO4)3,Scm?1,3 × 10 ? 3 and 9 × 10 ? 4,10.1016/j.ssi.2018.11.005,27/11/2018,NASICON-like,R-3c (167); R-3 (148); C2/c (15); P21/c (14); P1 (1),0.0016431676725154993,multi_value,ok
2620,Li1.3Al0.3Ti1.7(PO4)3,mScm?1,0.266 to 0.622,10.1016/j.jallcom.2015.04.019,18/04/2015,NASICON-like,R-3c (167); R-3 (148); C2/c (15); P21/c (14); P1 (1),0.40675791326045524,range_to,ok
2633,Li3V2(PO4)3,Scm?1,2.0 × 10 ? 8,10.1039/C4NR04488F,09/10/2014,NASICON-like,R-3c (167); R-3 (148); C2/c (15); P21/c (14); P1 (1),2e-08,single_sci,ok
2661,Li3V2(PO4)3,Scm?1,2.4 × 10 ? 7,10.1016/j.jpowsour.2014.04.153,14/05/2014,NASICON-like,R-3c (167); R-3 (148); C2/c (15); P21/c (14); P1 (1),2.4e-07,single_sci,ok
2670,Na2B12H12,mScm?1,0.9,10.1039/C7CC00794A,11/04/2017,NASICON-like,R-3c (167); R-3 (148); C2/c (15); P21/c (14); P1 (1),0.9,single_plain,ok
2687,Na3PS4,mScm?1,0.1,10.1039/C7TA08391B,05/12/2017,NASICON-like,R-3c (167); R-3 (148); C2/c (15); P21/c (14); P1 (1),0.1,single_plain,ok
2693,Na3PS4,Scm?1,2.6 × 10 ? 4,10.1016/j.jpowsour.2019.04.069,02/05/2019,NASICON-like,R-3c (167); R-3 (148); C2/c (15); P21/c (14); P1 (1),0.00026000000000000003,single_sci,ok
2699,Li1.3Cr0.3Ge1.7(PO4)3,S/cm,4,10.1016/j.matlet.2004.05.080,29/07/2004,NASICON-like,R-3c (167); R-3 (148); C2/c (15); P21/c (14); P1 (1),4.0,single_plain,ok
2713,Li3V2(PO4)3,Scm?1,2.4 × 10 ? 7,10.1016/j.jpowsour.2013.03.160,26/04/2013,NASICON-like,R-3c (167); R-3 (148); C2/c (15); P21/c (14); P1 (1),2.4e-07,single_sci,ok
2721,Na3Zr2Si2PO12,mScm?1,0.09,10.1016/j.jpowsour.2018.09.048,28/09/2018,NASICON-like,R-3c (167); R-3 (148); C2/c (15); P21/c (14); P1 (1),0.09,single_plain,ok
2725,Na2SO4,Scm?1,6.51 × 10 ? 2,10.1016/j.jpowsour.2018.01.083,04/02/2018,NASICON-like,R-3c (167); R-3 (148); C2/c (15); P21/c (14); P1 (1),0.0651,single_sci,ok
2727,NaOCl,Scm?1,8.3 × 10 ? 6,10.1039/C5RA07408H,18/06/2015,NASICON-like,R-3c (167); R-3 (148); C2/c (15); P21/c (14); P1 (1),8.3e-06,single_sci,ok
2741,Li1.3Al0.3Ti1.7(PO4)3,Scm?1,1.22 × 10 ? 5,10.1016/j.matlet.2016.01.089,19/01/2016,NASICON-like,R-3c (167); R-3 (148); C2/c (15); P21/c (14); P1 (1),1.22e-05,single_sci,ok
2753,Li3V2(PO4)3,Scm?1, 10 ? 2,10.1016/j.nanoen.2014.12.008,25/12/2014,NASICON-like,R-3c (167); R-3 (148); C2/c (15); P21/c (14); P1 (1),0.01,power_of_ten_leading_dash,ok
2799,Na3PS4,mScm?1,0.67,10.1016/j.nanoen.2018.01.046,31/01/2018,NASICON-like,R-3c (167); R-3 (148); C2/c (15); P21/c (14); P1 (1),0.67,single_plain,ok
2801,Li3V2(PO4)3,Scm?1,2.58 × 10 ? 2,10.1016/j.jpowsour.2012.02.055,23/02/2012,NASICON-like,R-3c (167); R-3 (148); C2/c (15); P21/c (14); P1 (1),0.0258,single_sci,ok
2815,Li3V2(PO3)4,Scm?1,10 ? 9,10.1016/j.electacta.2010.11.051,21/11/2010,NASICON-like,R-3c (167); R-3 (148); C2/c (15); P21/c (14); P1 (1),1e-09,power_of_ten,ok
2816,Li1.5Al0.5Ge1.5(PO4)3,S/cm,5 × 10 ? 3,10.1016/j.ceramint.2017.05.201,25/05/2017,NASICON-like,R-3c (167); R-3 (148); C2/c (15); P21/c (14); P1 (1),0.005,single_sci,ok
2823,Na3PS4,Scm?1,3 × 10 ? 4,10.1039/C5TA03030G,18/08/2015,NASICON-like,R-3c (167); R-3 (148); C2/c (15); P21/c (14); P1 (1),0.00030000000000000003,single_sci,ok
2846,Na3Zr2Si2PO12,Scm?1,1.43 × 10 ? 3 and 1.10 × 10 ? 3,10.1016/j.ceramint.2017.03.095,20/03/2017,NASICON-like,R-3c (167); R-3 (148); C2/c (15); P21/c (14); P1 (1),0.0012541929676090516,multi_value,ok
2851,LiTi2(PO4)3,S/cm,7,10.1016/j.ssi.2012.01.035,18/02/2012,NASICON-like,R-3c (167); R-3 (148); C2/c (15); P21/c (14); P1 (1),7.0,single_plain,ok
2864,Na3PS4,Scm?1,4.6 × 10 ? 4,10.1016/j.jpowsour.2014.02.054,22/02/2014,NASICON-like,R-3c (167); R-3 (148); C2/c (15); P21/c (14); P1 (1),0.00045999999999999996,single_sci,ok
2868,Li1.3Al0.3Ti1.7 (PO4)3,Scm?1,10 ? 10,10.1016/j.matlet.2016.01.089,19/01/2016,NASICON-like,R-3c (167); R-3 (148); C2/c (15); P21/c (14); P1 (1),1e-10,power_of_ten,ok
2870,LiGe2(PO4)3,Scm?1,1.3 × 10 ? 4,10.1016/S0378-7753(97)02541-X,14/04/1998,NASICON-like,R-3c (167); R-3 (148); C2/c (15); P21/c (14); P1 (1),0.00013000000000000002,single_sci,ok
2904,Na3Zr2Si2PO12,Scm?1,1.2 × 10 ? 3,10.1016/j.electacta.2018.05.020,03/05/2018,NASICON-like,R-3c (167); R-3 (148); C2/c (15); P21/c (14); P1 (1),0.0012,single_sci,ok
2907,Li1.3Al0.3Ti1.7(PO4)3,S/cm,1 × 10 ? 4 to 1.6 × 10 ? 4,10.1016/j.jeurceramsoc.2012.08.005,21/12/2012,NASICON-like,R-3c (167); R-3 (148); C2/c (15); P21/c (14); P1 (1),0.0001264911064067352,range_to,ok
2908,Li1.3Al0.3Ti1.7(PO4)3,Scm?1,1.2 × 10 ? 4 and 6.7 × 10 ? 5,10.1016/j.matlet.2003.09.013,27/10/2003,NASICON-like,R-3c (167); R-3 (148); C2/c (15); P21/c (14); P1 (1),8.966604708583946e-05,multi_value,ok
2921,Li1+xAlxTi2?x(PO4)3,S/cm,1 × 10 ? 4 to 1.6 × 10 ? 4,10.1016/j.jeurceramsoc.2012.08.005,21/12/2012,NASICON-like,R-3c (167); R-3 (148); C2/c (15); P21/c (14); P1 (1),0.0001264911064067352,range_to,ok
2924,Li3V2(PO4)3,Scm?1,2.0 × 10 ? 8,10.1016/j.jpowsour.2013.01.164,08/02/2013,NASICON-like,R-3c (167); R-3 (148); C2/c (15); P21/c (14); P1 (1),2e-08,single_sci,ok
2931,Na2SO4,mScm?1,60,10.1016/j.electacta.2013.08.095,30/08/2013,NASICON-like,R-3c (167); R-3 (148); C2/c (15); P21/c (14); P1 (1),60.0,single_plain,ok
2952,Li3V2(PO4)3,Scm?1,2.4 × 10 ? 7,10.1039/C4NJ00083H,19/05/2014,NASICON-like,R-3c (167); R-3 (148); C2/c (15); P21/c (14); P1 (1),2.4e-07,single_sci,ok
2956,Li1+xAlxTi2?x(PO4)3,Scm?1,1.6 × 10 ? 3,10.1039/C5TA08545D,19/01/2016,NASICON-like,R-3c (167); R-3 (148); C2/c (15); P21/c (14); P1 (1),0.0016,single_sci,ok
2967,Li3V2(PO4)3,Scm?1,1.1 × 10 ? 4,10.1016/j.jallcom.2009.08.134,01/09/2009,NASICON-like,R-3c (167); R-3 (148); C2/c (15); P21/c (14); P1 (1),0.00011000000000000002,single_sci,ok
2971,Li1.3Al0.3Ti1.7(PO4)3,Scm?1,10 ? 3,10.1039/C5EE01604E,26/08/2015,NASICON-like,R-3c (167); R-3 (148); C2/c (15); P21/c (14); P1 (1),0.001,power_of_ten,ok
2973,Li3V2(PO4)3,Scm?1,2.3 × 10 ? 8,10.1039/C9TA02740H,18/06/2019,NASICON-like,R-3c (167); R-3 (148); C2/c (15); P21/c (14); P1 (1),2.2999999999999998e-08,single_sci,ok
2987,Li1.3Al0.3Ti1.7(PO4)3,Scm?1,4.8 × 10 ? 4,10.1016/j.jallcom.2018.04.333,03/05/2018,NASICON-like,R-3c (167); R-3 (148); C2/c (15); P21/c (14); P1 (1),0.00048,single_sci,ok
2993,Li9Mg3[PO4]4F3,Scm?1,10 ? 4,10.1039/C3DT52587B,24/12/2013,NASICON-like,R-3c (167); R-3 (148); C2/c (15); P21/c (14); P1 (1),0.0001,power_of_ten,ok
3016,Na2SO4,Scm?1,1.36,10.1039/C9RA00494G,12/03/2019,NASICON-like,R-3c (167); R-3 (148); C2/c (15); P21/c (14); P1 (1),1.36,single_plain,ok
3023,Na2B12H12,Scm?1,0.1,10.1016/j.ccr.2015.12.003,14/12/2015,NASICON-like,R-3c (167); R-3 (148); C2/c (15); P21/c (14); P1 (1),0.1,single_plain,ok
3030,LiGe2(PO4)3,S/cm,2.45 × 10 ? 4,10.1016/j.ceramint.2018.04.172,20/04/2018,NASICON-like,R-3c (167); R-3 (148); C2/c (15); P21/c (14); P1 (1),0.00024500000000000005,single_sci,ok
3032,Li3V2(PO4)3,Scm?1,10 ? 8,10.1016/j.jallcom.2018.09.214,19/09/2018,NASICON-like,R-3c (167); R-3 (148); C2/c (15); P21/c (14); P1 (1),1e-08,power_of_ten,ok
3037,Na3SbS4,Scm?1,1.16 × 10 ? 3,10.1016/j.nanoen.2019.104109,09/09/2019,NASICON-like,R-3c (167); R-3 (148); C2/c (15); P21/c (14); P1 (1),0.00116,single_sci,ok
3044,Na3PS4,Scm?1,8.1 × 10 ? 6,10.1016/j.jpowsour.2019.04.069,02/05/2019,NASICON-like,R-3c (167); R-3 (148); C2/c (15); P21/c (14); P1 (1),8.099999999999999e-06,single_sci,ok
3064,Na3Zr2Si2PO12,mScm?1,1 × 10 ? 4,10.1016/j.jpowsour.2017.12.041,04/01/2018,NASICON-like,R-3c (167); R-3 (148); C2/c (15); P21/c (14); P1 (1),0.0001,single_sci,ok
3118,Li3V2(PO4)3,S/cm,3.7 × 10 ? 8,10.1016/j.ensm.2016.02.002,13/02/2016,NASICON-like,R-3c (167); R-3 (148); C2/c (15); P21/c (14); P1 (1),3.7e-08,single_sci,ok
3144,Li3V2(PO4)3,Scm?1,1.6,10.1016/j.jpowsour.2006.08.008,15/09/2006,NASICON-like,R-3c (167); R-3 (148); C2/c (15); P21/c (14); P1 (1),1.6,single_plain,ok
3148,Na4SiS4,Scm?1,7.4 × 10 ? 4,10.1016/j.ssi.2018.02.042,11/03/2018,NASICON-like,R-3c (167); R-3 (148); C2/c (15); P21/c (14); P1 (1),0.0007400000000000001,single_sci,ok
3163,Na3PSe4,Scm?1,4,10.1016/j.nanoen.2019.104109,09/09/2019,NASICON-like,R-3c (167); R-3 (148); C2/c (15); P21/c (14); P1 (1),4.0,single_plain,ok
3175,LiTi2(PO4)3,Scm?1,1 × 10 ? 2,10.1039/B211367H,20/02/2003,NASICON-like,R-3c (167); R-3 (148); C2/c (15); P21/c (14); P1 (1),0.01,single_sci,ok
3178,Li1+xAlxTi2?x(PO4)3,Scm?1,1.3 × 10 ? 3,10.1016/j.nanoen.2017.01.028,26/01/2017,NASICON-like,R-3c (167); R-3 (148); C2/c (15); P21/c (14); P1 (1),0.0013000000000000002,single_sci,ok
3197,Na3Zr2Si2PO12,Scm?1,1.935 × 10 ? 4,10.1016/j.ceramint.2018.10.062,10/10/2018,NASICON-like,R-3c (167); R-3 (148); C2/c (15); P21/c (14); P1 (1),0.00019350000000000001,single_sci,ok
3203,Li1+xAlxGe2?x(PO4)3,Scm?1,4.0 × 10 ? 4,10.1016/j.jpowsour.2016.11.076,29/11/2016,NASICON-like,R-3c (167); R-3 (148); C2/c (15); P21/c (14); P1 (1),0.0004,single_sci,ok
3212,Li3V2(PO4)3,Scm?1,4.95 × 10 ? 3,10.1016/j.jallcom.2011.04.048,15/04/2011,NASICON-like,R-3c (167); R-3 (148); C2/c (15); P21/c (14); P1 (1),0.00495,single_sci,ok
3226,Li3V2(PO4)3,Scm?1,2.4 × 10 ? 7,10.1016/j.jpowsour.2011.04.057,04/05/2011,NASICON-like,R-3c (167); R-3 (148); C2/c (15); P21/c (14); P1 (1),2.4e-07,single_sci,ok
3242,Na3SbS4,Scm?1,2 × 10 ? 4,10.1039/C9TA04772G,30/07/2019,NASICON-like,R-3c (167); R-3 (148); C2/c (15); P21/c (14); P1 (1),0.0002,single_sci,ok
3248,Na10SnP2S12,mScm?1,0.4,10.1039/C7TA08391B,05/12/2017,NASICON-like,R-3c (167); R-3 (148); C2/c (15); P21/c (14); P1 (1),0.4,single_plain,ok
3255,Li3V2(PO4)3,S/cm,6.74 × 10 ? 3,10.1016/j.ensm.2016.02.002,13/02/2016,NASICON-like,R-3c (167); R-3 (148); C2/c (15); P21/c (14); P1 (1),0.00674,single_sci,ok
3289,Na3Zr2Si2PO12,Scm?1,1.5 × 10 ? 3 and 1.9 × 10 ? 4,10.1016/j.jpowsour.2013.09.051,20/09/2013,NASICON-like,R-3c (167); R-3 (148); C2/c (15); P21/c (14); P1 (1),0.0005338539126015655,multi_value,ok
3304,Na3SbS4,mScm?1,1.13,10.1039/C7TA09242C,16/01/2018,NASICON-like,R-3c (167); R-3 (148); C2/c (15); P21/c (14); P1 (1),1.13,single_plain,ok
3307,Na3Zr2Si2PO12,Scm?1,6.74 × 10 ? 4 and 4.56 × 10 ? 4,10.1016/j.ceramint.2017.03.095,20/03/2017,NASICON-like,R-3c (167); R-3 (148); C2/c (15); P21/c (14); P1 (1),0.000554386147013072,multi_value,ok
3321,Na3PS4,Scm?1,2 × 10 ? 4,10.1016/j.jpowsour.2014.02.054,22/02/2014,NASICON-like,R-3c (167); R-3 (148); C2/c (15); P21/c (14); P1 (1),0.0002,single_sci,ok
3326,Na2.6V1.6Zr0.4(PO4)3,Scm?1,5 × 10 ? 6 and 6 × 10 ? 6,10.1039/C8CC00734A,22/03/2018,NASICON-like,R-3c (167); R-3 (148); C2/c (15); P21/c (14); P1 (1),5.477225575051662e-06,multi_value,ok
3361,Li3V2(PO4)3,Scm?1,"2.46 × 10 ? 4 , 2.26 × 10 ? 4 , 1.93 × 10 ? 3 and 2.01 × 10 ? 4",10.1039/C4RA09389E,17/12/2014,NASICON-like,R-3c (167); R-3 (148); C2/c (15); P21/c (14); P1 (1),0.0003832209367782626,multi_value,ok
3391,Li4VO(PO4)2,S/cm,10 ? 4,10.1016/j.jssc.2007.06.019,26/06/2007,NASICON-like,R-3c (167); R-3 (148); C2/c (15); P21/c (14); P1 (1),0.0001,power_of_ten,ok
3392,Li1+xAlxTi2?x(PO4)3,S/cm,1.6 × 10 ? 4,10.1016/j.jeurceramsoc.2012.08.005,21/12/2012,NASICON-like,R-3c (167); R-3 (148); C2/c (15); P21/c (14); P1 (1),0.00016,single_sci,ok
3393,Na3Zr2Si2PO12,S/cm,4,10.1016/j.ssi.2013.10.034,16/11/2013,NASICON-like,R-3c (167); R-3 (148); C2/c (15); P21/c (14); P1 (1),4.0,single_plain,ok
3409,Na2SiO3,Scm?1,1.03 × 10 ? 3,10.1016/S0014-3057(97)00269-3,11/01/2000,NASICON-like,R-3c (167); R-3 (148); C2/c (15); P21/c (14); P1 (1),0.00103,single_sci,ok
3411,Li3V2(PO4)3,Scm?1,2.4 × 10 ? 7,10.1016/j.jpowsour.2017.08.078,11/09/2017,NASICON-like,R-3c (167); R-3 (148); C2/c (15); P21/c (14); P1 (1),2.4e-07,single_sci,ok
3420,Na2.2Zn0.9(MoO4)2,Scm?1, 10 ? 2,10.1039/C7NJ00202E,26/06/2017,NASICON-like,R-3c (167); R-3 (148); C2/c (15); P21/c (14); P1 (1),0.01,power_of_ten_leading_dash,ok
3447,Na3PS4,mScm?1,0.2,10.1016/j.jpowsour.2019.05.031,10/06/2019,NASICON-like,R-3c (167); R-3 (148); C2/c (15); P21/c (14); P1 (1),0.2,single_plain,ok
3456,Li1.3Al0.3Ti1.7(PO4)3,S/cm,1 × 10 ? 4 to 1.6 × 10 ? 4,10.1016/j.jeurceramsoc.2012.08.005,21/12/2012,NASICON-like,R-3c (167); R-3 (148); C2/c (15); P21/c (14); P1 (1),0.0001264911064067352,range_to,ok
3474,Na3PS4,mScm?1,1.46,10.1016/j.scib.2017.10.011,21/10/2017,NASICON-like,R-3c (167); R-3 (148); C2/c (15); P21/c (14); P1 (1),1.46,single_plain,ok
3492,Na3.1Sn0.1P0.9S4,Scm?1,2.5 × 10 ? 4,10.1039/C6TA09809F,14/02/2017,NASICON-like,R-3c (167); R-3 (148); C2/c (15); P21/c (14); P1 (1),0.00025,single_sci,ok
3502,Li1.3Al0.3Ti1.7(PO4)3,Scm?1,0.52 × 10 ? 4,10.1016/j.scib.2017.10.011,21/10/2017,NASICON-like,R-3c (167); R-3 (148); C2/c (15); P21/c (14); P1 (1),5.2000000000000004e-05,single_sci,ok
3507,Na3Zr2Si2PO12,Scm?1,6.7·10?4,10.1016/j.jpowsour.2014.09.137,28/09/2014,NASICON-like,R-3c (167); R-3 (148); C2/c (15); P21/c (14); P1 (1),0.00067,single_sci,ok
3512,Na3SbS4,Scm?1,9.7 × 10 ? 4,10.1039/C7TA06873E,10/10/2017,NASICON-like,R-3c (167); R-3 (148); C2/c (15); P21/c (14); P1 (1),0.0009699999999999999,single_sci,ok
3525,Na3PS4,Scm?1,10 ? 4,10.1016/j.jpowsour.2019.04.069,02/05/2019,NASICON-like,R-3c (167); R-3 (148); C2/c (15); P21/c (14); P1 (1),0.0001,power_of_ten,ok
3539,Na2SO4,mScm?1,87,10.1016/j.elecom.2008.07.025,17/07/2008,NASICON-like,R-3c (167); R-3 (148); C2/c (15); P21/c (14); P1 (1),87.0,single_plain,ok
3543,Li3V2(PO4)3,Scm?1,2.3 × 10 ? 8,10.1016/j.electacta.2014.10.133,30/10/2014,NASICON-like,R-3c (167); R-3 (148); C2/c (15); P21/c (14); P1 (1),2.2999999999999998e-08,single_sci,ok
3551,LiTi2(PO4)3,Scm?1,7 × 10 ? 4,10.1016/j.rser.2019.04.035,20/04/2019,NASICON-like,R-3c (167); R-3 (148); C2/c (15); P21/c (14); P1 (1),0.0007,single_sci,ok
3569,Li1.3Al0.3Ti1.7(PO4)3,Scm?1,to 1.608 × 10 ? 4,10.1016/j.ceramint.2019.04.192,24/04/2019,NASICON-like,R-3c (167); R-3 (148); C2/c (15); P21/c (14); P1 (1),0.0001608,open_upper,ok
3571,Na4SiS4,Scm?1,2 × 10 ? 5,10.1039/C4RA00996G,08/04/2014,NASICON-like,R-3c (167); R-3 (148); C2/c (15); P21/c (14); P1 (1),2e-05,single_sci,ok
3593,Li3V2(PO4)3,S/cm,2.5 × 10 ? 4,10.1016/j.ensm.2016.02.002,13/02/2016,NASICON-like,R-3c (167); R-3 (148); C2/c (15); P21/c (14); P1 (1),0.00025,single_sci,ok
3602,Na3AlH6,S/cm,5 × 10 ? 7,10.1016/j.jallcom.2013.01.058,24/01/2013,NASICON-like,R-3c (167); R-3 (148); C2/c (15); P21/c (14); P1 (1),5e-07,single_sci,ok
3604,Li1.3Al0.3Ti1.7(PO4)3,Scm?1,7 × 10 ? 4,10.1016/S0167-2738(00)00768-2,30/10/2000,NASICON-like,R-3c (167); R-3 (148); C2/c (15); P21/c (14); P1 (1),0.0007,single_sci,ok
3631,Li1.3Al0.3Ti1.7(PO4)3,Scm?1,1 × 10 ? 5,10.1016/j.jpowsour.2013.09.010,29/10/2013,NASICON-like,R-3c (167); R-3 (148); C2/c (15); P21/c (14); P1 (1),1e-05,single_sci,ok
3649,Li3V2(PO4)3,Scm?1,"7.73 × 10 ? 8 , 7.23 × 10 ? 5 and 7.83 × 10 ? 5",10.1039/C2JM31004J,15/05/2012,NASICON-like,R-3c (167); R-3 (148); C2/c (15); P21/c (14); P1 (1),7.592063835955021e-06,multi_value,ok
3692,Li3Cr(MoO4)3 @ C,Scm?1,0.2,10.1039/C8TA07782G,09/10/2018,NASICON-like,R-3c (167); R-3 (148); C2/c (15); P21/c (14); P1 (1),0.2,single_plain,ok
3695,Li3V2(PO4)3,Scm?1,2.4 × 10 ? 7,10.1016/j.electacta.2013.08.163,06/09/2013,NASICON-like,R-3c (167); R-3 (148); C2/c (15); P21/c (14); P1 (1),2.4e-07,single_sci,ok
3701,Li3V2(PO4)3,S/cm,7.0 × 10 ? 1,10.1016/j.electacta.2009.05.002,14/05/2009,NASICON-like,R-3c (167); R-3 (148); C2/c (15); P21/c (14); P1 (1),0.7000000000000001,single_sci,ok
3740,Na1.82Mg1.09P2O7,Scm?1,to 9.30 × 10 ? 6,10.1039/C4TA03356F,14/10/2014,NASICON-like,R-3c (167); R-3 (148); C2/c (15); P21/c (14); P1 (1),9.3e-06,open_upper,ok
3764,Li1.3Cr0.3Ge1.7(PO4)3,S/cm,10 ? 6,10.1016/j.matlet.2004.05.080,29/07/2004,NASICON-like,R-3c (167); R-3 (148); C2/c (15); P21/c (14); P1 (1),1e-06,power_of_ten,ok
3794,Li3V2(PO4)3,Scm?1,2.4 × 10 ? 7,10.1016/j.jpcs.2017.08.029,19/08/2017,NASICON-like,R-3c (167); R-3 (148); C2/c (15); P21/c (14); P1 (1),2.4e-07,single_sci,ok
3795,Li3V2(PO4)3,Scm?1,2.4 × 10 ? 7,10.1016/j.jpowsour.2012.02.055,23/02/2012,NASICON-like,R-3c (167); R-3 (148); C2/c (15); P21/c (14); P1 (1),2.4e-07,single_sci,ok
3804,Li1.3Al0.3Ti1.7(PO4)3,Scm?1,4.7 × 10 ? 5,10.1016/j.jeurceramsoc.2019.08.032,06/09/2019,NASICON-like,R-3c (167); R-3 (148); C2/c (15); P21/c (14); P1 (1),4.7000000000000004e-05,single_sci,ok
3824,Li1.3Al0.3Ti1.7(PO4)3,S/cm,10 ? 4,10.1016/j.physb.2016.08.020,18/08/2016,NASICON-like,R-3c (167); R-3 (148); C2/c (15); P21/c (14); P1 (1),0.0001,power_of_ten,ok
3825,Na2SO4,Scm?1,6,10.1016/j.matchemphys.2007.04.044,30/05/2007,NASICON-like,R-3c (167); R-3 (148); C2/c (15); P21/c (14); P1 (1),6.0,single_plain,ok
3836,Na2SO4,Scm?1,0.075,10.1039/C6CP06214H,19/10/2016,NASICON-like,R-3c (167); R-3 (148); C2/c (15); P21/c (14); P1 (1),0.075,single_plain,ok
3844,NaCo2As3O10,Scm?1,1.2 × 10 ? 5,10.1016/j.jssc.2014.09.029,15/10/2014,NASICON-like,R-3c (167); R-3 (148); C2/c (15); P21/c (14); P1 (1),1.2e-05,single_sci,ok
3855,Li1.3Al0.3Ti1.7(PO4)3,Scm?1,6.26 × 10 ? 4,10.1039/C8RA08436J,04/12/2018,NASICON-like,R-3c (167); R-3 (148); C2/c (15); P21/c (14); P1 (1),0.000626,single_sci,ok
3857,Li1+xAlxTi2?x(PO4)3,Scm?1,to 1.3 × 10 ? 3,10.1039/C7CE01910F,05/03/2018,NASICON-like,R-3c (167); R-3 (148); C2/c (15); P21/c (14); P1 (1),0.0013000000000000002,open_upper,ok
3859,Na2SO4,Scm?1,to 29 × 10 ? 6,10.1039/C2NR33056C,14/02/2013,NASICON-like,R-3c (167); R-3 (148); C2/c (15); P21/c (14); P1 (1),2.9e-05,open_upper,ok
3866,Na3PSe4,mScm?1,0.11,10.1039/C7TA08391B,05/12/2017,NASICON-like,R-3c (167); R-3 (148); C2/c (15); P21/c (14); P1 (1),0.11,single_plain,ok
3878,Li1.3Al0.3Ti1.7 (PO4)3,Scm?1,6.47 × 10 ? 6,10.1016/j.matlet.2016.01.089,19/01/2016,NASICON-like,R-3c (167); R-3 (148); C2/c (15); P21/c (14); P1 (1),6.469999999999999e-06,single_sci,ok
3887,Li1.5Al0.5Ge1.5(PO4)3,S/cm,5.8 × 10 ? 4,10.1016/j.physb.2011.07.033,27/07/2011,NASICON-like,R-3c (167); R-3 (148); C2/c (15); P21/c (14); P1 (1),0.00058,single_sci,ok
3931,Na3SbS4,mScm?1,to 0.7,10.1016/j.jpowsour.2018.05.037,02/09/2018,NASICON-like,R-3c (167); R-3 (148); C2/c (15); P21/c (14); P1 (1),0.7,open_upper,ok
3932,Li1.4Al0.4(Ge0.67Ti0.33)1.6(PO4)3,S/cm,4,10.1016/j.ssi.2004.05.009,03/07/2004,NASICON-like,R-3c (167); R-3 (148); C2/c (15); P21/c (14); P1 (1),4.0,single_plain,ok
3947,Li1.5Al0.5Ge1.5(PO4)3,S/cm,10-Apr,10.1016/j.jeurceramsoc.2019.03.023,11/03/2019,NASICON-like,R-3c (167); R-3 (148); C2/c (15); P21/c (14); P1 (1),,unknown,manual_review
3953,Li3V2(PO4)3,S/cm, 10 ? 2,10.1016/j.ensm.2016.02.002,13/02/2016,NASICON-like,R-3c (167); R-3 (148); C2/c (15); P21/c (14); P1 (1),0.01,power_of_ten_leading_dash,ok
3956,Na4SiS4,mScm?1,0.74,10.1039/C7TA08391B,05/12/2017,NASICON-like,R-3c (167); R-3 (148); C2/c (15); P21/c (14); P1 (1),0.74,single_plain,ok
3973,NaCrO2,Scm?1,10 ? 1,10.1016/j.ensm.2016.04.001,13/04/2016,NASICON-like,R-3c (167); R-3 (148); C2/c (15); P21/c (14); P1 (1),0.1,power_of_ten,ok
3997,LiTi2(PO4)3,Scm?1,10 ? 4,10.1039/C7CE01910F,05/03/2018,NASICON-like,R-3c (167); R-3 (148); C2/c (15); P21/c (14); P1 (1),0.0001,power_of_ten,ok
4020,LiTi2(PO4)3,Scm?1,3.12 × 10 ? 6 to 1.73 × 10 ? 3,10.1039/C5TA08545D,19/01/2016,NASICON-like,R-3c (167); R-3 (148); C2/c (15); P21/c (14); P1 (1),7.346836053703664e-05,range_to,ok
2,LLTO,Scm?1,10 ? 7,10.1016/j.jpowsour.2015.04.044,08/04/2015,,Unknown,1e-07,power_of_ten,ok
3,LaCuOS,Scm?1,1.65,10.1039/C0CP02562C,03/05/2011,,Unknown,1.65,single_plain,ok
7,LiPF6,Scm?1,"7.41 × 10 ? 5 , 7.76 × 10 ? 5 and 3.02 × 10 ? 6",10.1016/j.memsci.2010.10.004,10/10/2010,,Unknown,2.5895777649319774e-05,multi_value,ok
8,Al2O3,Scm?1,4.24 × 10 ? 4,10.1016/j.ssi.2018.11.005,27/11/2018,,Unknown,0.00042400000000000006,single_sci,ok
10,LiPF6,mScm?1,0.21,10.1039/C3TA00167A,11/06/2013,,Unknown,0.21,single_plain,ok
12,NH4NO3,Scm?1,1.285 × 10 ? 7,10.1016/j.carbpol.2016.09.026,11/09/2016,,Unknown,1.285e-07,single_sci,ok
13,LiFePO4 / C,Scm?1,4.4 × 10 ? 6 and 2.1 × 10 ? 6,10.1016/j.electacta.2011.01.082,28/01/2011,,Unknown,3.039736830714135e-06,multi_value,ok
17,LiPF6,mScm?1,5.4,10.1016/j.jpowsour.2012.01.027,08/01/2012,,Unknown,5.4,single_plain,ok
18,Hydroxide,mScm?1,0.6,10.1016/j.ijhydene.2016.04.060,13/05/2016,,Unknown,0.6,single_plain,ok
20,LiNaSO4,S/cm,1,10.1016/S0167-2738(01)00849-9,24/07/2001,,Unknown,1.0,single_plain,ok
21,LLZO,Scm?1,8 × 10 ? 5,10.1016/j.electacta.2012.11.059,24/11/2012,,Unknown,8e-05,single_sci,ok
24,LiFePO4,Scm?1,1.55 × 10 ? 9 and 1.44 × 10 ? 9,10.1016/j.jpowsour.2006.09.082,17/11/2006,,Unknown,1.4939879517586465e-09,multi_value,ok
25,LiClO4,mScm?1,8.7 × 10 ? 2,10.1016/j.ensm.2019.04.030,30/04/2019,,Unknown,0.087,single_sci,ok
28,PEO,Scm?1,10 ? 7,10.1016/j.matchemphys.2011.03.007,08/04/2011,,Unknown,1e-07,power_of_ten,ok
29,LiVPO4F,Scm?1,10 ? 11,10.1039/C8RA00370J,13/02/2018,,Unknown,1e-11,power_of_ten,ok
30,PVdF-HFP,mScm?1,1.846,10.1016/j.jpowsour.2015.04.182,15/05/2015,,Unknown,1.846,single_plain,ok
31,LiPON / A-LLTO,Scm?1,2.25 × 10 ? 4,10.1039/C6TA03653H,12/07/2016,,Unknown,0.00022500000000000002,single_sci,ok
33,GeSe,Scm?1,4.7 × 10 ? 6,10.1039/C2CS35364D,11/03/2013,,Unknown,4.7e-06,single_sci,ok
34,Li3VO4,Scm?1,1.66 × 10 ? 10,10.1016/j.jpowsour.2016.04.048,16/04/2016,,Unknown,1.66e-10,single_sci,ok
35,Co(OH)2 electrodes,Scm?1,2.0 × 10 ? 3 and 3.6 × 10 ? 5,10.1016/j.jpowsour.2013.09.134,06/10/2013,,Unknown,0.00026832815729997494,multi_value,ok
36,LiClO4,Scm?1,10 ? 4,10.1016/S0013-4686(99)00300-X,22/11/1999,,Unknown,0.0001,power_of_ten,ok
37,SiO2,mScm?1,1.16,10.1016/j.matchemphys.2008.11.062,08/01/2009,,Unknown,1.16,single_plain,ok
38,Li2MnO3,Scm?1,10 ? 10,10.1039/C4CP02098G,16/07/2014,,Unknown,1e-10,power_of_ten,ok
39,LiClO4,S/cm,1.53 × 10 ? 4 to 3.1 × 10 ? 4,10.1016/j.solmat.2015.03.022,07/04/2015,,Unknown,0.00021778429695457844,range_to,ok
41,LiMnPO4,Scm?1,1.8 × 10 ? 9,10.1016/j.jpcs.2012.11.010,20/12/2012,,Unknown,1.8000000000000002e-09,single_sci,ok
42,V2O5P2O5,Scm?1,1.1 × 10 ? 5,10.1039/C5CC07161E,15/10/2015,,Unknown,1.1000000000000001e-05,single_sci,ok
43,LiClO4,Scm?1,6.7 × 10 ? 7,10.1016/j.electacta.2004.07.027,05/10/2004,,Unknown,6.699999999999999e-07,single_sci,ok
44,P2S5,Scm?1,- 10 ? 2,10.1016/j.rser.2019.04.035,20/04/2019,,Unknown,0.01,power_of_ten_leading_dash,ok
45,Na0.44MnO2,Scm?1,7.7 × 10 ? 5,10.1016/j.nanoen.2016.07.021,18/07/2016,,Unknown,7.7e-05,single_sci,ok
48,LiFePO4,Scm?1,3.5 × 10 ? 5,10.1016/j.apsusc.2009.10.105,10/11/2009,,Unknown,3.5000000000000004e-05,single_sci,ok
49,LiFePO4 / C,Scm?1,3.5 × 10 ? 5,10.1016/j.apsusc.2009.10.105,10/11/2009,,Unknown,3.5000000000000004e-05,single_sci,ok
50,LiFePO4,Scm?1,2.4 × 10 ? 7,10.1016/j.electacta.2015.10.036,19/10/2015,,Unknown,2.4e-07,single_sci,ok
54,PVAc,S/cm,10 ? 3,10.1016/S0167-2738(01)00999-7,30/10/2001,,Unknown,0.001,power_of_ten,ok
55,TiO2,Scm?1,? 12 to 1 × 10 ? 7,10.1039/C7TA02823G,15/08/2017,,Unknown,,unknown,manual_review
56,NiOOH,Scm?1,10 ? 8,10.1039/C5NR01320H,09/04/2015,,Unknown,1e-08,power_of_ten,ok
57,Li2O,S/cm,2.35 × 10 ? 6,10.1016/j.materresbull.2010.06.033,16/06/2010,,Unknown,2.35e-06,single_sci,ok
58,P2S5,Scm?1,3.2 × 10 ? 3,10.1016/j.jpowsour.2006.04.037,24/05/2006,,Unknown,0.0032,single_sci,ok
59,NASICON,S/cm,1 × 10 ? 3,10.1016/j.jpowsour.2017.11.022,11/11/2017,,Unknown,0.001,single_sci,ok
60,LiPON,Scm?1,2 × 10 ? 6,10.1016/j.jpowsour.2015.12.057,13/01/2016,,Unknown,2e-06,single_sci,ok
61,LiFePO4,Scm?1,10 ? 5,10.1016/j.jtice.2018.04.026,21/05/2018,,Unknown,1e-05,power_of_ten,ok
63,LiMn2O4,Scm?1,10 ? 9,10.1039/C6CP05694F,30/11/2016,,Unknown,1e-09,power_of_ten,ok
64,NaCl,Scm?1,0.047,10.1016/j.seppur.2018.06.041,21/06/2018,,Unknown,0.047,single_plain,ok
65,LiPF6,Scm?1,0.001,10.1039/B820555H,19/08/2009,,Unknown,0.001,single_plain,ok
67,YPO4,mScm?1,to 0.5,10.1039/C7CE01910F,05/03/2018,,Unknown,0.5,open_upper,ok
68,Co2P,Scm?1,10 ? 4,10.1039/C8TA04063J,31/07/2018,,Unknown,0.0001,power_of_ten,ok
69,CoOOH,Scm?1,10 ? 2,10.1039/C5NR01320H,09/04/2015,,Unknown,0.01,power_of_ten,ok
70,LiBF4LiClO4,Scm?1,10 ? 2,10.1016/S0167-2738(02)00031-0,05/02/2002,,Unknown,0.01,power_of_ten,ok
71,FeF2.5·0.5H2O,Scm?1,1.348 × 10 ? 6 and 3.164 × 10 ? 1,10.1039/C6RA20314K,13/10/2016,,Unknown,0.0006530751870956363,multi_value,ok
72,H3PO4,S/cm,3.2 × 10 ? 3,10.1016/j.electacta.2005.07.010,15/08/2005,,Unknown,0.0032,single_sci,ok
73,LiBF4,mScm?1,to 0.96,10.1016/j.electacta.2011.10.041,20/10/2011,,Unknown,0.96,open_upper,ok
74,LiTa2PO8,Scm?1,3 × 10 ? 3,10.1039/C8TA09170F,20/11/2018,,Unknown,0.003,single_sci,ok
75,LiBiO2,S/cm,8,10.1016/j.ssi.2015.10.016,01/12/2015,,Unknown,8.0,single_plain,ok
76,LiFePO4,Scm?1,10 ? 10,10.1016/j.jestch.2015.06.002,20/08/2015,,Unknown,1e-10,power_of_ten,ok
77,YPO4,mScm?1,10 ? 3,10.1039/C7CE01910F,05/03/2018,,Unknown,0.001,power_of_ten,ok
79,ZrO2,Scm?1,1.53 × 10 ? 3,10.1016/j.memsci.2007.07.044,03/08/2007,,Unknown,0.0015300000000000001,single_sci,ok
80,Al2O3,mScm?1,1.2,10.1039/C8CC02094A,22/05/2018,,Unknown,1.2,single_plain,ok
84,Polyethylene oxide,Scm?1,10 ? 8,10.1016/j.ijhydene.2013.04.045,06/05/2013,,Unknown,1e-08,power_of_ten,ok
86,LiMn2O4,Scm?1,10 ? 6,10.1016/j.commatsci.2017.08.045,15/09/2017,,Unknown,1e-06,power_of_ten,ok
87,LiPON,Scm?1, 10 ? 3,10.1016/j.jechem.2019.02.003,21/02/2019,,Unknown,0.001,power_of_ten_leading_dash,ok
88,LiOH,Scm?1,3.17 × 10 ? 4 to 2.25 × 10 ? 4,10.1016/j.electacta.2017.07.110,22/07/2017,,Unknown,0.0002670674072214728,range_to,ok
89,V2O5P2O5,Scm?1,1.7 × 10 ? 8,10.1039/C5CC07161E,15/10/2015,,Unknown,1.7e-08,single_sci,ok
91,LiBF4,Scm?1,10 ? 3,10.1016/j.jpowsour.2007.06.103,27/06/2007,,Unknown,0.001,power_of_ten,ok
93,H2SO4,Scm?1,1.05 × 10 ? 3,10.1016/j.electacta.2010.09.076,30/09/2010,,Unknown,0.0010500000000000002,single_sci,ok
94,LiFePO4,Scm?1,3.7 × 10 ? 9,10.1039/C9RA02248A,10/05/2019,,Unknown,3.7000000000000005e-09,single_sci,ok
96,Li2S,S/cm,5 × 10 ? 8,10.1016/j.powtec.2019.07.004,03/07/2019,,Unknown,5e-08,single_sci,ok
98,CoOOH,Scm?1,10 ? 2,10.1016/j.electacta.2017.12.065,12/12/2017,,Unknown,0.01,power_of_ten,ok
99,LiFePO4,Scm?1,2.4 × 10 ? 7,10.1039/C5NJ02212F,11/04/2016,,Unknown,2.4e-07,single_sci,ok
101,H2SO4,mS/cm,10 ? 1,10.1016/j.memsci.2010.07.037,03/08/2010,,Unknown,0.1,power_of_ten,ok
103,LiPON,Scm?1,4.62 × 10 ? 7,10.1016/j.jpowsour.2006.04.042,05/06/2006,,Unknown,4.62e-07,single_sci,ok
104,LiCr(MoO4)2,Scm?1,8.7 × 10 ? 5,10.1039/C8TA10274K,02/01/2019,,Unknown,8.7e-05,single_sci,ok
105,Polyethylene oxide,Scm?1,10 ? 5,10.1016/j.jpowsour.2006.04.020,06/06/2006,,Unknown,1e-05,power_of_ten,ok
107,Na+ / Na,Scm?1,1.47 × 10 ? 5 and 2.15 × 10 ? 2,10.1016/j.nanoen.2015.04.032,14/05/2015,,Unknown,0.0005621832441473159,multi_value,ok
108,Li2MnSiO4,Scm?1,5 × 10 ? 16,10.1039/C5RA18594G,19/11/2015,,Unknown,5e-16,single_sci,ok
109,LiFePO4,Scm?1,1.7 × 10 ? 8,10.1039/C5CC03070F,16/06/2015,,Unknown,1.7e-08,single_sci,ok
110,Li2S,Scm?1,10 ? 4.8,10.1016/S0013-4686(03)00178-6,29/04/2003,,Unknown,,unknown,manual_review
112,LiClO4,S/cm,10 ? 15,10.1016/S0013-4686(00)00741-6,20/03/2001,,Unknown,1e-15,power_of_ten,ok
114,LiClO4,Scm?1,5.71 × 10 ? 3,10.1039/C6TA07846J,22/11/2016,,Unknown,0.00571,single_sci,ok
115,LiClO4,mScm?1,0.51,10.1039/C7TA03920D,18/07/2017,,Unknown,0.51,single_plain,ok
116,PPy / MoO3,Scm?1,10 ? 5,10.1039/C6TA10433A,07/02/2017,,Unknown,1e-05,power_of_ten,ok
118,Ce0.8Sm0.2O1.9,S/cm,1.21 × 10 ? 2,10.1016/S1002-0721(14)60434-8,26/04/2015,,Unknown,0.0121,single_sci,ok
119,Li2.9B0.9S0.1O3.1,S/cm,3.0 × 10 ? 4,10.1016/j.jpowsour.2017.09.070,06/10/2017,,Unknown,0.00030000000000000003,single_sci,ok
120,LiFePO4,Scm?1,3.9 × 10 ? 7,10.1016/j.jpowsour.2013.05.093,31/05/2013,,Unknown,3.8999999999999997e-07,single_sci,ok
121,Li2O,Scm?1,1.43 × 10 ? 3 and 2.1 × 10 ? 4,10.1016/j.jpowsour.2014.10.146,29/10/2014,,Unknown,0.0005479963503528102,multi_value,ok
123,TiO2,S/cm,2.745 × 10 ? 3,10.1016/j.apsusc.2017.11.272,02/12/2017,,Unknown,0.002745,single_sci,ok
124,PDAN / TiO2,Scm?1,10 ? 4,10.1039/C8NJ02767F,10/09/2018,,Unknown,0.0001,power_of_ten,ok
126,LiCoO2,Scm?1,to 1.0,10.1039/C7TA01227F,30/05/2017,,Unknown,1.0,open_upper,ok
127,SiO2,S/cm,5,10.1016/j.solmat.2011.11.021,15/12/2011,,Unknown,5.0,single_plain,ok
129,La8Y2(GeO4)5(CoO4)O2.5,Scm?1,0.027,10.1039/B704426G,14/08/2007,,Unknown,0.027,single_plain,ok
130,70Li2S30P2S5,mScm?1,17,10.1039/C6TA05439K,11/10/2016,,Unknown,17.0,single_plain,ok
133,Na2O,S/cm,1.96 × 10 ? 44,10.1016/j.jpowsour.2016.11.077,06/12/2016,,Unknown,1.96e-44,single_sci,ok
134,TiO2,Scm?1,3.7 × 10 ? 3,10.1016/j.jpcs.2016.04.008,27/04/2016,,Unknown,0.0037,single_sci,ok
135,Li2S,Scm?1,10 ? 14,10.1016/j.electacta.2017.04.171,04/05/2017,,Unknown,1e-14,power_of_ten,ok
136,50Li2O20Li2WO430B2O3,Scm?1,10 ? 6,10.1016/j.jiec.2019.01.030,30/01/2019,,Unknown,1e-06,power_of_ten,ok
137,LiClO4,Scm?1,1.13 × 10 ? 4 and 6.61 × 10 ? 4,10.1016/j.electacta.2012.03.021,21/03/2012,,Unknown,0.00027330020124397995,multi_value,ok
138,TiO2,Scm?1,10 ? 13,10.1016/j.jpowsour.2015.12.032,18/12/2015,,Unknown,1e-13,power_of_ten,ok
139,LiClO4,Scm?1,6.9 × 10 ? 3,10.1016/j.jpowsour.2013.03.097,26/03/2013,,Unknown,0.006900000000000001,single_sci,ok
140,FeCl3,Scm?1,5.6,10.1039/C1SM05750B,18/10/2011,,Unknown,5.6,single_plain,ok
141,LiFePO4,Scm?1, 10 ? 10,10.1016/j.ceramint.2014.01.054,21/01/2014,,Unknown,1e-10,power_of_ten_leading_dash,ok
143,TiO2,Scm?1,10 ? 12,10.1016/j.materresbull.2015.08.025,28/08/2015,,Unknown,1e-12,power_of_ten,ok
145,TiO2,Scm?1,3,10.1016/j.memsci.2008.02.007,14/02/2008,,Unknown,3.0,single_plain,ok
147,Li2S,Scm?1,10 ? 6,10.1016/j.ssi.2003.12.040,06/11/2004,,Unknown,1e-06,power_of_ten,ok
148,NBSC,Scm?1,0.25,10.1039/C6EE03501A,15/02/2017,,Unknown,0.25,single_plain,ok
149,TiO2,Scm?1,- 3.1 × 10 ? 4 and 9.8 × 10 ? 4,10.1016/j.electacta.2014.01.117,07/02/2014,,Unknown,,multi_value,manual_review
150,LiMnPO4,Scm?1,10 ? 8,10.1039/C2TA00939K,22/01/2013,,Unknown,1e-08,power_of_ten,ok
151,LiFePO4,Scm?1,3.9 × 10 ? 7,10.1039/C3TA13021E,21/01/2014,,Unknown,3.8999999999999997e-07,single_sci,ok
152,LiFePO4,Scm?1,"1.12 × 10 ? 2 , 1.09 × 10 ? 2 , 9.95 × 10 ? 3 and 9.92 × 10 ? 3",10.1016/j.jallcom.2010.07.003,07/07/2010,,Unknown,0.010477189966810019,multi_value,ok
153,Polyethylene oxide,Scm?1,10 ? 7,10.1016/j.cej.2018.10.092,12/10/2018,,Unknown,1e-07,power_of_ten,ok
155,FePO4,Scm?1,10 ? 8,10.1039/C5CC03070F,16/06/2015,,Unknown,1e-08,power_of_ten,ok
156,Tungsten oxide hydrates,Scm?1,0.1,10.1039/C8TA11974K,05/03/2019,,Unknown,0.1,single_plain,ok
157,PVdF-HFP,Scm?1,6.58 × 10 ? 4,10.1039/C5TC00940E,09/07/2015,,Unknown,0.0006580000000000001,single_sci,ok
158,Li2S2,Scm?1,5 × 10 ? 30,10.1039/C8SE00185E,25/09/2018,,Unknown,5.0000000000000004e-30,single_sci,ok
159,MnO2,Scm?1,1.12 × 10 ? 4,10.1016/j.matlet.2015.01.146,07/02/2015,,Unknown,0.00011200000000000001,single_sci,ok
160,Hydroxide,S/cm,0.032,10.1016/j.memsci.2016.09.033,22/09/2016,,Unknown,0.032,single_plain,ok
161,Lithium bis(trifluoromethanesulfonyl)imide,Scm?1,9.38 × 10 ? 7,10.1016/j.jpowsour.2016.01.032,01/02/2016,,Unknown,9.380000000000001e-07,single_sci,ok
163,La0.56Li0.258TiO2.928F0.072,S/cm,1.59 × 10 ? 3,10.1016/j.ssi.2005.06.032,08/08/2005,,Unknown,0.00159,single_sci,ok
165,Co2P,Scm?1,10 ? 9,10.1039/C8RA08785G,04/01/2019,,Unknown,1e-09,power_of_ten,ok
168,MnO2,S/cm, 10 ? 6,10.1016/j.cej.2019.05.207,29/05/2019,,Unknown,1e-06,power_of_ten_leading_dash,ok
170,70Li2S-30P2S5,Scm?1,2.85 × 10 ? 3,10.1016/j.jpowsour.2017.04.083,02/05/2017,,Unknown,0.00285,single_sci,ok
172,LiFePO4,S/cm,10 ? 3,10.1016/j.jallcom.2011.02.113,26/02/2011,,Unknown,0.001,power_of_ten,ok
178,Bicarbonate,mScm?1,7.2,10.1039/C9TA01167F,26/03/2019,,Unknown,7.2,single_plain,ok
180,TiO2,Scm?1,10 ? 13,10.1039/C6TA02548J,31/05/2016,,Unknown,1e-13,power_of_ten,ok
181,LiNiO2,Scm?1,4.34 × 10 ? 6,10.1016/j.jallcom.2012.08.026,31/08/2012,,Unknown,4.34e-06,single_sci,ok
182,SO3H,Scm?1,0.1,10.1039/C4PY01177E,10/02/2015,,Unknown,0.1,single_plain,ok
183,LiMnPO4,Scm?1,10 ? 9,10.1016/j.jallcom.2016.09.193,20/09/2016,,Unknown,1e-09,power_of_ten,ok
185,LiMnPO4,Scm?1,10 ? 10,10.1039/C0EE00831A,02/06/2011,,Unknown,1e-10,power_of_ten,ok
186,SnO2,S/cm,80 × 10 ? 6,10.1016/j.cattod.2009.07.063,14/08/2009,,Unknown,7.999999999999999e-05,single_sci,ok
187,TiO2,Scm?1,? 12 to 1 × 10 ? 7,10.1016/j.jallcom.2017.04.257,26/04/2017,,Unknown,,unknown,manual_review
188,TiO2,Scm?1,"3.46 × 10 ? 3 , 5.69 × 10 ? 5 and 3.14 × 10 ? 5",10.1016/j.jpowsour.2017.07.004,17/07/2017,,Unknown,0.00018352955197244064,multi_value,ok
189,Li2S,Scm?1,10 ? 30,10.1039/C4TA06097K,31/03/2015,,Unknown,1e-30,power_of_ten,ok
190,Hydroxide,mScm?1,30,10.1039/C9TA01167F,26/03/2019,,Unknown,30.0,single_plain,ok
192,LiCF3SO3,S/cm,5.4 × 10 ? 6,10.1016/S0167-2738(00)00760-8,21/09/2000,,Unknown,5.4e-06,single_sci,ok
193,LiFePO4,Scm?1,10 ? 9,10.1016/j.supflu.2010.09.026,23/09/2010,,Unknown,1e-09,power_of_ten,ok
194,NH4NO3,Scm?1,3,10.1016/j.jpowsour.2006.09.042,07/11/2006,,Unknown,3.0,single_plain,ok
195,H3PO4,S/cm,10 ? 4,10.1016/S0167-2738(00)00779-7,10/01/2001,,Unknown,0.0001,power_of_ten,ok
198,LiV3O8,Scm?1,3.52 × 10 ? 6 and 2.89 × 10 ? 5,10.1039/C4TA05616G,03/02/2015,,Unknown,1.0086029942450113e-05,multi_value,ok
199,LiMnPO4,Scm?1,10 ? 10,10.1016/j.apsusc.2017.09.247,29/09/2017,,Unknown,1e-10,power_of_ten,ok
200,NiMoO4,Scm?1,10 ? 6,10.1039/C5TA02795K,23/06/2015,,Unknown,1e-06,power_of_ten,ok
201,V2O5,Scm?1,1.43 × 10 ? 8,10.1016/j.electacta.2011.09.050,28/09/2011,,Unknown,1.4299999999999999e-08,single_sci,ok
202,MnO2,Scm?1,10 ? 6,10.1039/C5TA10515C,23/02/2016,,Unknown,1e-06,power_of_ten,ok
206,LiMn2O4,Scm?1,10 ? 2,10.1016/j.jelechem.2015.02.016,04/03/2015,,Unknown,0.01,power_of_ten,ok
209,LiNiPO4,Scm?1,5.48 × 10 ? 8,10.1016/j.apsusc.2017.12.060,12/12/2017,,Unknown,5.480000000000001e-08,single_sci,ok
211,SiO2,mScm?1,0.75 to 1.01,10.1039/C8TA01117F,03/04/2018,,Unknown,0.8703447592764605,range_to,ok
212,LiFePO4,Scm?1,10 ? 9,10.1016/j.jallcom.2012.08.026,31/08/2012,,Unknown,1e-09,power_of_ten,ok
215,NASICON,S/cm,10-Apr,10.1016/j.jeurceramsoc.2019.03.023,11/03/2019,,Unknown,,unknown,manual_review
217,FeCl3,S/cm,3,10.1016/0079-6786(96)00002-7,12/02/1999,,Unknown,3.0,single_plain,ok
218,LiBF4,Scm?1,3.1 × 10 ? 5,10.1039/B514140K,01/03/2006,,Unknown,3.1e-05,single_sci,ok
219,LiFePO4,Scm?1,10 ? 9,10.1016/j.matchemphys.2015.02.038,25/02/2015,,Unknown,1e-09,power_of_ten,ok
222,Hydroxide,mS/cm,43,10.1016/j.memsci.2016.01.008,12/01/2016,,Unknown,43.0,single_plain,ok
223,Cu2S,Scm?1,4,10.1039/C4NR03057E,07/08/2014,,Unknown,4.0,single_plain,ok
224,LiFePO4,Scm?1,2 × 10 ? 5 to 5 × 10 ? 5,10.1039/C1EE01263K,01/01/2012,,Unknown,3.1622776601683795e-05,range_to,ok
225,SiO2,mScm?1,6.25,10.1039/C5TA00856E,05/05/2015,,Unknown,6.25,single_plain,ok
226,LiPF6,mScm?1,9.3,10.1016/j.jpowsour.2015.09.105,08/10/2015,,Unknown,9.3,single_plain,ok
227,LiFePO4,Scm?1,1.8 × 10 ? 9,10.1016/j.jpowsour.2014.04.153,14/05/2014,,Unknown,1.8000000000000002e-09,single_sci,ok
228,SnO2,Scm?1, 10 ? 2,10.1039/C5CS00302D,03/08/2015,,Unknown,0.01,power_of_ten_leading_dash,ok
229,Fe3O4,S/cm,to 2.21 × 10 ? 2,10.1016/S0032-3861(02)00046-0,20/01/2002,,Unknown,0.0221,open_upper,ok
230,Li14Zn(GeO4)4,Scm?1,10 ? 7,10.1016/j.jpowsour.2010.12.020,21/12/2010,,Unknown,1e-07,power_of_ten,ok
231,NaNH2,Scm?1,1 × 10 ? 10,10.1039/C7TA09113C,12/12/2017,,Unknown,1e-10,single_sci,ok
232,Li2FeSiO4,Scm?1,5.6 × 10 ? 8,10.1039/C6RA07755B,16/05/2016,,Unknown,5.6e-08,single_sci,ok
233,MoO3,Scm?1,10 ? 4,10.1016/j.jallcom.2016.06.099,13/06/2016,,Unknown,0.0001,power_of_ten,ok
234,TiO2,Scm?1, 10 ? 7,10.1016/j.cej.2013.12.029,19/12/2013,,Unknown,1e-07,power_of_ten_leading_dash,ok
235,LiPON,Scm?1,4.66 × 10 ? 4,10.1039/C5TA06374D,03/11/2015,,Unknown,0.00046600000000000005,single_sci,ok
236,K3Sb4BO13,Scm?1,1.5 × 10 ? 4,10.1039/C8CE01712C,21/01/2019,,Unknown,0.00015000000000000001,single_sci,ok
237,H2SO4,S/cm,9.56 × 10 ? 2,10.1016/j.memsci.2019.01.008,10/01/2019,,Unknown,0.0956,single_sci,ok
239,Fe3O4,Scm?1,"2.38 × 10 ? 9 , 7.96 × 10 ? 9 and 2.73 × 10 ? 8",10.1016/j.jcis.2017.11.054,21/11/2017,,Unknown,8.026956152049714e-09,multi_value,ok
240,LiNiO2,Scm?1,10 ? 2,10.1016/j.jallcom.2012.08.026,31/08/2012,,Unknown,0.01,power_of_ten,ok
241,Li2MnSiO4,Scm?1,10 ? 14,10.1016/j.ceramint.2014.02.012,14/02/2014,,Unknown,1e-14,power_of_ten,ok
244,Li6.25PO4S1.25Cl,mScm?1,3.8,10.1039/C8TA11151K,05/03/2019,,Unknown,3.8,single_plain,ok
245,TiO2,Scm?1,10 ? 13,10.1016/j.jpowsour.2014.06.068,07/07/2014,,Unknown,1e-13,power_of_ten,ok
246,SiO2,Scm?1,2.56 × 10 ? 3,10.1016/j.jechem.2018.12.013,22/12/2018,,Unknown,0.00256,single_sci,ok
247,Na2Fe(SO4)2·2H2O,Scm?1,14,10.1039/C5TA07696J,26/01/2016,,Unknown,14.0,single_plain,ok
248,LiClO4,S/cm,2.6 × 10 ? 3 and 1.4 × 10 ? 3,10.1016/S0167-2738(03)00298-4,30/09/2003,,Unknown,0.0019078784028338921,multi_value,ok
249,La8Sr2(SiO4)6O2,Scm?1,5.6 × 10 ? 7,10.1039/B704426G,14/08/2007,,Unknown,5.599999999999999e-07,single_sci,ok
250,LiCF3SO3,Scm?1,1 × 10 ? 8 and 8 × 10 ? 5,10.1016/S0167-2738(98)00372-5,07/01/2000,,Unknown,8.944271909999161e-07,multi_value,ok
252,LiMn2O4,Scm?1,10 ? 3,10.1016/j.jpowsour.2006.10.010,13/11/2006,,Unknown,0.001,power_of_ten,ok
253,MoO3,Scm?1,"9.46 × 10 ? 7 , 8.49 × 10 ? 6 and 2.23 × 10 ? 6",10.1016/j.jallcom.2019.151920,17/08/2019,,Unknown,2.616382465425857e-06,multi_value,ok
257,40Li2O:30B2O3:15SiO2:15Li2SO4,S/cm,4,10.1016/j.ssi.2016.11.002,12/11/2016,,Unknown,4.0,single_plain,ok
258,Li0.97CoO2,Scm?1,0.1,10.1039/C8SE00436F,18/12/2018,,Unknown,0.1,single_plain,ok
260,NaYBSi,S/cm,2,10.1016/j.ssi.2012.05.010,01/06/2012,,Unknown,2.0,single_plain,ok
261,LiPON,Scm?1,10 ? 6,10.1016/j.rser.2019.04.035,20/04/2019,,Unknown,1e-06,power_of_ten,ok
263,Hydroxide,mS/cm,27,10.1016/j.desal.2013.12.039,07/02/2014,,Unknown,27.0,single_plain,ok
264,LiFePO4,Scm?1,10 ? 8,10.1039/C3CP53966K,18/12/2013,,Unknown,1e-08,power_of_ten,ok
265,LiFePO4,Scm?1,10 ? 10,10.1039/C6RA04468A,20/04/2016,,Unknown,1e-10,power_of_ten,ok
268,RuO2,Scm?1,10 ? 4,10.1016/j.electacta.2016.03.025,05/03/2016,,Unknown,0.0001,power_of_ten,ok
269,LiFePO4,S/cm,10,10.1016/j.ssi.2008.04.018,09/06/2008,,Unknown,10.0,single_plain,ok
270,NaOH,Scm?1,2 × 10 ? 6,10.1016/j.nanoen.2017.10.022,10/10/2017,,Unknown,2e-06,single_sci,ok
271,TiO2,Scm?1,10 ? 7,10.1016/j.electacta.2018.03.009,02/03/2018,,Unknown,1e-07,power_of_ten,ok
272,MoO3?x / CNT,Scm?1,10 ? 2,10.1039/C6TA10433A,07/02/2017,,Unknown,0.01,power_of_ten,ok
274,SPEs,Scm?1,10 ? 6,10.1039/C0CS00081G,18/04/2011,,Unknown,1e-06,power_of_ten,ok
275,Co3O4,Scm?1,0.1 × 10 ? 4,10.1016/j.electacta.2014.10.064,18/10/2014,,Unknown,1e-05,single_sci,ok
276,Na3.75Sn0.75Sb0.25S4,mScm?1,0.29,10.1039/C7TA09242C,16/01/2018,,Unknown,0.29,single_plain,ok
277,Li3BO3  Li2CO3,Scm?1,10 ? 3,10.1039/C8TA08761J,16/10/2018,,Unknown,0.001,power_of_ten,ok
278,Pd(II),Scm?1,2.43 × 10 ? 9,10.1039/C6DT03521C,20/12/2016,,Unknown,2.4300000000000005e-09,single_sci,ok
280,Polyethylene oxide,Scm?1,1.79 × 10 ? 4,10.1016/j.nanoen.2019.03.051,18/03/2019,,Unknown,0.00017900000000000001,single_sci,ok
281,MnO2,Scm?1, 10 ? 6,10.1039/C4NR04819A,20/11/2014,,Unknown,1e-06,power_of_ten_leading_dash,ok
282,Bi2WO6,Scm?1,10 ? 6,10.1039/C7RA08047F,29/08/2017,,Unknown,1e-06,power_of_ten,ok
283,Polyethylene oxide,Scm?1,1.78 × 10 ? 7 to 6.05 × 10 ? 5,10.1016/j.nanoen.2019.03.051,18/03/2019,,Unknown,3.2816154558387827e-06,range_to,ok
284,Polyethylene oxide,Scm?1,1 × 10 ? 4,10.1039/C4RA07919A,19/11/2014,,Unknown,0.0001,single_sci,ok
285,70Li2S-30P2S5,Scm?1,3.2 × 10 ? 3,10.1016/j.nanoen.2017.01.028,26/01/2017,,Unknown,0.0032,single_sci,ok
286,Li6PS5Br,Scm?1,3.1 × 10 ? 3,10.1039/C9TA04772G,30/07/2019,,Unknown,0.0031000000000000003,single_sci,ok
287,PPy / MoO3,Scm?1,4 × 10 ? 3,10.1039/B007591O,01/01/2001,,Unknown,0.004,single_sci,ok
288,MnO2,S/cm,10 ? 6,10.1016/j.partic.2012.12.006,05/03/2013,,Unknown,1e-06,power_of_ten,ok
290,LiBF4,Scm?1,6.3 × 10 ? 4,10.1016/j.ijhydene.2013.10.052,05/11/2013,,Unknown,0.00063,single_sci,ok
291,Li2FeSiO4,S/cm,3.66 × 10 ? 4,10.1016/j.ssi.2018.03.025,27/03/2018,,Unknown,0.000366,single_sci,ok
292,NaOH,Scm?1,10 ? 4,10.1016/j.memsci.2008.11.031,27/11/2008,,Unknown,0.0001,power_of_ten,ok
293,Li2S,Scm?1,10 ? 30,10.1016/j.jallcom.2017.06.276,27/06/2017,,Unknown,1e-30,power_of_ten,ok
294,LiClO4,S/cm,10 ? 4,10.1016/j.electacta.2006.08.007,09/10/2006,,Unknown,0.0001,power_of_ten,ok
296,AlCl3 / [BMIM]Cl,mScm?1,9.1,10.1039/C5TA06187C,10/11/2015,,Unknown,9.1,single_plain,ok
297,MoS2 / C,Scm?1,21.28,10.1016/j.ces.2019.06.043,25/06/2019,,Unknown,21.28,single_plain,ok
298,LiCF3SO3PC,Scm?1,5.39 × 10 ? 6 to 9.64 × 10 ? 4,10.1016/S0167-2738(97)00531-6,27/03/1998,,Unknown,7.208300770639358e-05,range_to,ok
301,LiFePO4,Scm?1,10 ? 4,10.1016/j.electacta.2012.07.086,28/07/2012,,Unknown,0.0001,power_of_ten,ok
302,LiClO4,Scm?1,1.35 × 10 ? 2,10.1016/S0167-2738(02)00086-3,14/03/2002,,Unknown,0.013500000000000002,single_sci,ok
303,LiMnPO4,Scm?1,10  14,10.1016/j.nanoen.2013.10.011,28/10/2013,,Unknown,1e-14,power_of_ten,ok
304,Co2P,Scm?1,10 ? 8,10.1016/j.electacta.2012.09.115,09/10/2012,,Unknown,1e-08,power_of_ten,ok
305,Mg(OPhCF3)2,mScm?1,0.1,10.1039/C3EE43143F,22/01/2014,,Unknown,0.1,single_plain,ok
306,Li2B12H12,Scm?1,1.0 × 10 ? 7,10.1039/C7DT02946B,26/09/2017,,Unknown,1e-07,single_sci,ok
307,LiClO4,S/cm,2.8 × 10 ? 4,10.1016/j.polymer.2009.01.022,15/01/2009,,Unknown,0.00028,single_sci,ok
308,NASICON,Scm?1,3.3 × 10 ? 4,10.1016/j.jallcom.2013.12.100,18/12/2013,,Unknown,0.00033,single_sci,ok
309,NH4NO3,Scm?1,10 ? 3,10.1016/j.electacta.2009.05.011,13/05/2009,,Unknown,0.001,power_of_ten,ok
311,LiClO4,Scm?1,10 ? 5,10.1016/j.jpowsour.2009.01.070,06/02/2009,,Unknown,1e-05,power_of_ten,ok
313,LiFePO4,Scm?1,10 ? 9,10.1039/C3TA11262D,04/06/2013,,Unknown,1e-09,power_of_ten,ok
315,H2SO4,mScm?1,to 90.0,10.1016/j.jpowsour.2003.09.054,03/12/2003,,Unknown,90.0,open_upper,ok
316,LiCl,mS/cm,146,10.1016/j.electacta.2012.03.004,09/03/2012,,Unknown,146.0,single_plain,ok
317,LiCF3SO3,S/cm,8,10.1016/j.ssi.2012.03.019,06/04/2012,,Unknown,8.0,single_plain,ok
318,LiPF6,mS/cm,10,10.1016/j.jcis.2014.12.080,17/01/2015,,Unknown,10.0,single_plain,ok
319,Li2FeSiO4,Scm?1,6 × 10 ? 14,10.1039/C4TA02384F,22/07/2014,,Unknown,6e-14,single_sci,ok
320,SiO2,Scm?1,4.2 × 10 ? 3,10.1039/C6RA25062A,13/01/2017,,Unknown,0.004200000000000001,single_sci,ok
321,Li1.3Ti1.7Al0.3(PO4)3,mScm?1,1.7,10.1016/j.actamat.2017.08.064,31/08/2017,,Unknown,1.7,single_plain,ok
322,MgCl2AlEtCl2,mScm?1,2.96,10.1039/C3TA14825D,11/02/2014,,Unknown,2.96,single_plain,ok
323,Fe2P,Scm?1,10 ? 1,10.1016/j.jpowsour.2006.02.071,29/03/2006,,Unknown,0.1,power_of_ten,ok
324,LiMn2O4,S/cm,10 ? 2,10.1016/S0378-7753(01)00832-1,27/11/2001,,Unknown,0.01,power_of_ten,ok
326,LiPF6,mS/cm,0.98,10.1016/j.memsci.2018.09.052,25/09/2018,,Unknown,0.98,single_plain,ok
327,LiFePO4 / C,Scm?1,8.01 × 10 ? 4,10.1039/C3NJ01285A,20/01/2014,,Unknown,0.0008010000000000001,single_sci,ok
328,Hydroxide,mScm?1,67,10.1039/C6EE03079C,18/01/2017,,Unknown,67.0,single_plain,ok
329,Al2(WO4)3,Scm?1,1.06 × 10 ? 5,10.1016/S0167-2738(00)00552-X,30/11/2000,,Unknown,1.0600000000000002e-05,single_sci,ok
330,Li2MnSiO4,Scm?1, 10 ? 16,10.1016/j.matlet.2015.10.113,25/10/2015,,Unknown,1e-16,power_of_ten_leading_dash,ok
331,LiMn2O4,S/cm,to 4,10.1016/S0167-2738(99)00121-6,09/07/1999,,Unknown,4.0,open_upper,ok
332,LiCoPO4,Scm?1,10 ? 9,10.1016/j.jpowsour.2011.03.059,06/04/2011,,Unknown,1e-09,power_of_ten,ok
333,LiPF6,Scm?1,3.56 × 10 ? 4,10.1016/j.ensm.2018.02.014,24/02/2018,,Unknown,0.00035600000000000003,single_sci,ok
334,LiFePO4,Scm?1,1.09 × 10 ? 9,10.1016/j.jpowsour.2013.01.073,21/01/2013,,Unknown,1.0900000000000002e-09,single_sci,ok
337,LiPF6,S/cm,7.72 × 10 ? 3,10.1016/j.electacta.2009.01.072,03/02/2009,,Unknown,0.00772,single_sci,ok
338,Polyethylene oxide,Scm?1,10 ? 5,10.1016/j.matchemphys.2011.03.007,08/04/2011,,Unknown,1e-05,power_of_ten,ok
341,LiPF6,mS/cm,1.21,10.1016/S0378-7753(03)00154-X,28/03/2003,,Unknown,1.21,single_plain,ok
342,Li2S2 / Li2S,Scm?1,5 × 10 ? 30,10.1039/C9QM00024K,27/06/2019,,Unknown,5.0000000000000004e-30,single_sci,ok
343,ZrO2,Scm?1,0.52 × 10 ? 7,10.1016/j.matchemphys.2003.12.012,25/02/2004,,Unknown,5.2e-08,single_sci,ok
344,V2O5,Scm?1,0.5,10.1016/j.snb.2004.09.024,14/11/2004,,Unknown,0.5,single_plain,ok
345,MoO3,Scm?1,"9.46 × 10 ? 7 , 8.49 × 10 ? 6 and 2.23 × 10 ? 6",10.1016/j.jallcom.2019.151920,17/08/2019,,Unknown,2.616382465425857e-06,multi_value,ok
346,LiTFSA / tetraglyme,mScm?1,1.6,10.1039/C9CP01839E,15/05/2019,,Unknown,1.6,single_plain,ok
347,IrO2,Scm?1,10 ? 4,10.1016/j.electacta.2016.03.025,05/03/2016,,Unknown,0.0001,power_of_ten,ok
350,LiFePO4,Scm?1,10 ? 9,10.1039/C4RA11453A,31/10/2014,,Unknown,1e-09,power_of_ten,ok
351,Polyethylene oxide,Scm?1,10 ? 8,10.1016/S0378-7753(02)00544-X,16/11/2002,,Unknown,1e-08,power_of_ten,ok
352,LiCoO2,S/cm,10 ? 2,10.1016/j.electacta.2005.11.015,13/12/2005,,Unknown,0.01,power_of_ten,ok
354,Li6.6?z / 2Alz / 2?0.4La3Zr1.6+zTa0.4?zO12,Scm?1,1.03 × 10 ? 3,10.1039/C6RA13317G,17/08/2016,,Unknown,0.00103,single_sci,ok
356,LiFePO4,Scm?1,10 ? 3,10.1016/j.ssi.2016.12.002,16/12/2016,,Unknown,0.001,power_of_ten,ok
357,SiOC,S/cm,10 ? 7,10.1016/j.ceramint.2018.08.102,11/08/2018,,Unknown,1e-07,power_of_ten,ok
359,Co3O4,Scm?1,0.3,10.1016/j.cossms.2018.05.005,06/06/2018,,Unknown,0.3,single_plain,ok
360,LiMnPO4,Scm?1,3 × 10 ? 9,10.1039/C1JM11541C,20/09/2011,,Unknown,3.0000000000000004e-09,single_sci,ok
361,Polyethylene oxide,Scm?1,1.78 × 10 ? 7 to 6.05 × 10 ? 5,10.1016/j.nanoen.2019.03.051,18/03/2019,,Unknown,3.2816154558387827e-06,range_to,ok
363,Li2O2,Scm?1,9 × 10 ? 12,10.1039/C4EE00496E,16/07/2014,,Unknown,9e-12,single_sci,ok
364,Na25Cs8Fe5(MoO4)24,Scm?1, 10 ? 3,10.1039/C7NJ00202E,26/06/2017,,Unknown,0.001,power_of_ten_leading_dash,ok
367,Co3O4,Scm?1,0.3,10.1016/j.jpowsour.2015.03.026,10/03/2015,,Unknown,0.3,single_plain,ok
369,LiNiPO4,Scm-1,Oct-14,10.1016/j.matpr.2019.03.221,31/05/2019,,Unknown,,unknown,manual_review
370,LiOH,Scm?1,10 ? 4,10.1016/j.ssi.2003.12.040,06/11/2004,,Unknown,0.0001,power_of_ten,ok
371,TiO2,Scm?1,9.54 × 10 ? 4 and 6.83 × 10 ? 3,10.1016/j.jpowsour.2013.01.167,13/02/2013,,Unknown,0.0025526104285613195,multi_value,ok
372,Li2O2,Scm?1, 10 ? 6,10.1039/C8CS00009C,23/04/2018,,Unknown,1e-06,power_of_ten_leading_dash,ok
373,Polyethylene oxide,Scm?1,1.35 × 10 ? 4,10.1016/j.nanoen.2017.01.028,26/01/2017,,Unknown,0.00013500000000000003,single_sci,ok
377,NiFe2O4,Scm?1,1.31 × 10 ? 8,10.1016/j.matchemphys.2011.06.043,19/07/2011,,Unknown,1.3100000000000001e-08,single_sci,ok
378,PVA : KBr,Scm?1,1.23 × 10 ? 5,10.1039/C8TA05336G,30/10/2018,,Unknown,1.23e-05,single_sci,ok
379,LiNbO3,Scm-1,10-Jul,10.1016/0927-0248(96)80002-X,07/03/2000,,Unknown,,unknown,manual_review
380,Polyethylene oxide,Scm?1,2.89 × 10 ? 4,10.1016/j.jiec.2018.04.022,23/04/2018,,Unknown,0.00028900000000000003,single_sci,ok
381,TiO2,Scm?1,3.5 × 10 ? 6,10.1016/j.jpowsour.2014.08.105,03/09/2014,,Unknown,3.5e-06,single_sci,ok
382,Polyethylene oxide,Scm?1,1.3 × 10 ? 5,10.1016/j.nanoen.2017.01.028,26/01/2017,,Unknown,1.3000000000000001e-05,single_sci,ok
383,Sb2O3,mScm?1,0.569,10.1016/j.cap.2008.12.009,31/12/2008,,Unknown,0.569,single_plain,ok
384,LiBF4,S/cm,0.52,10.1016/S0140-6701(00)94429-1,24/11/2003,,Unknown,0.52,single_plain,ok
386,LiClO4,S/cm,2.08 × 10 ? 5,10.1016/j.electacta.2019.06.069,15/06/2019,,Unknown,2.08e-05,single_sci,ok
388,LiCoO2,Scm?1,10 ? 5,10.1016/j.matlet.2012.07.110,08/08/2012,,Unknown,1e-05,power_of_ten,ok
389,LiPO3,S/cm,8,10.1016/j.ssi.2013.12.041,22/01/2014,,Unknown,8.0,single_plain,ok
390,LiCF3SO3,S/cm,5.4 × 10 ? 4,10.1016/j.ssi.2012.03.019,06/04/2012,,Unknown,0.0005400000000000001,single_sci,ok
391,LiClO4,S/cm,7.1 × 10 ? 4 and 1.8 × 10 ? 3,10.1016/j.electacta.2006.09.070,07/11/2006,,Unknown,0.001130486620885006,multi_value,ok
392,H2SO4,mScm?1,to 129.4,10.1016/j.jcis.2016.08.011,12/08/2016,,Unknown,129.4,open_upper,ok
393,MgTi co-doped LiFePO4,Scm?1,1.58 × 10 ? 3,10.1039/C7TA04426G,15/08/2017,,Unknown,0.00158,single_sci,ok
395,LiBF4,mScm?1,1,10.1039/C8CP04102D,17/10/2018,,Unknown,1.0,single_plain,ok
396,LiMn2O4,Scm?1,10 ? 14,10.1039/C3TA01521A,26/02/2013,,Unknown,1e-14,power_of_ten,ok
397,LiPF6,mScm?1,1,10.1039/C0JM04225K,28/06/2011,,Unknown,1.0,single_plain,ok
398,Al2O3,S/cm,? 6 to 2.38 × 10 ? 5,10.1016/j.jallcom.2013.04.195,07/05/2013,,Unknown,,unknown,manual_review
399,LiFePO4,Scm-1,5 × 10-5,10.1016/j.nanoen.2018.07.013,09/07/2018,,Unknown,5e-05,single_sci,ok
400,Li2O,Scm?1,3.66 × 10 ? 4,10.1016/S0167-2738(03)00032-8,01/04/2003,,Unknown,0.000366,single_sci,ok
401,Ni(OH)2,Scm?1,10 ? 5,10.1039/C5NR01320H,09/04/2015,,Unknown,1e-05,power_of_ten,ok
402,LiClO4,Scm?1,3.74 × 10 ? 5,10.1039/C7RA08471D,04/12/2017,,Unknown,3.740000000000001e-05,single_sci,ok
403,Hydroxide,mS/cm,180,10.1016/j.memsci.2016.09.033,22/09/2016,,Unknown,180.0,single_plain,ok
404,LiClO4,S/cm,5,10.1016/j.ssi.2006.03.018,22/05/2006,,Unknown,5.0,single_plain,ok
405,LiClO4,S/cm,to 1.8 × 10 ? 4,10.1016/j.electacta.2007.05.008,13/05/2007,,Unknown,0.00018,open_upper,ok
406,Nb2O5,Scm?1,3.4 × 10 ? 6,10.1016/j.jallcom.2018.10.345,28/10/2018,,Unknown,3.3999999999999996e-06,single_sci,ok
408,MoO3,Scm?1,0.032,10.1016/0921-5107(94)01155-9,28/04/2000,,Unknown,0.032,single_plain,ok
409,LiFePO4,Scm?1,2.1 × 10 ? 1,10.1016/j.electacta.2013.10.177,10/11/2013,,Unknown,0.21000000000000002,single_sci,ok
410,Li2S,Scm?1,1 × 10 ? 30,10.1039/C7TA01171G,11/04/2017,,Unknown,1e-30,single_sci,ok
412,SnO2,Scm?1,3.5 × 10 ? 3,10.1016/j.jallcom.2017.10.048,10/10/2017,,Unknown,0.0035,single_sci,ok
414,P2O5TiO2SiO2,S/cm, 10 ? 2,10.1016/j.jnoncrysol.2005.08.010,15/09/2005,,Unknown,0.01,power_of_ten_leading_dash,ok
415,NaOH,Scm?1,0.017,10.1039/C5RA09546H,30/06/2015,,Unknown,0.017,single_plain,ok
417,Li2CO3,Scm?1,10 ? 4,10.1016/j.nanoen.2018.04.062,26/04/2018,,Unknown,0.0001,power_of_ten,ok
418,LiMn1.5Ni0.5O4,S/cm,1.44 × 10 ? 4,10.1016/j.cjph.2017.06.010,15/07/2017,,Unknown,0.000144,single_sci,ok
419,LiPON,Scm?1,10 ? 6,10.1016/S0013-4686(03)00178-6,29/04/2003,,Unknown,1e-06,power_of_ten,ok
420,LiCoO2,Scm?1,2.3 × 10 ? 7,10.1016/j.jpowsour.2018.05.005,10/05/2018,,Unknown,2.2999999999999997e-07,single_sci,ok
421,LiPF6,Scm?1,0.85 × 10 ? 3,10.1016/j.jpowsour.2017.06.006,08/06/2017,,Unknown,0.00085,single_sci,ok
422,LiPF6,S/cm,0.082,10.1016/S0140-6701(00)94428-X,24/11/2003,,Unknown,0.082,single_plain,ok
423,LiPF6,mS/cm,1.01,10.1016/S0378-7753(03)00154-X,28/03/2003,,Unknown,1.01,single_plain,ok
424,V2O5,Scm?1,10 ? 3,10.1039/C4RA11015C,15/12/2014,,Unknown,0.001,power_of_ten,ok
425,Na3.75Sn0.75Sb0.25S4,mScm?1,0.23,10.1039/C7TA09242C,16/01/2018,,Unknown,0.23,single_plain,ok
426,LiClO4,S/cm,5.9 × 10 ? 11 to 7.4 × 10 ? 11,10.1016/j.electacta.2006.08.007,09/10/2006,,Unknown,6.60757141467272e-11,range_to,ok
427,LiFePO4,Scm?1,5.2 × 10 ? 11,10.1039/C5RA24488A,15/01/2016,,Unknown,5.2e-11,single_sci,ok
429,Polyethylene oxide,S/cm, 10 ? 8,10.1016/j.electacta.2009.10.076,06/11/2009,,Unknown,1e-08,power_of_ten_leading_dash,ok
431,LiPON,Scm?1,2.23 × 10 ? 6,10.1039/C8TA08761J,16/10/2018,,Unknown,2.23e-06,single_sci,ok
432,Al2O3,S/cm,5,10.1016/j.ssi.2006.08.022,12/10/2006,,Unknown,5.0,single_plain,ok
433,Li4P2O7,Scm?1,2 × 10 ? 7,10.1039/C7TA07928A,13/03/2018,,Unknown,2e-07,single_sci,ok
434,V2O5P2O5,Scm?1,2 × 10 ? 3,10.1016/j.jpowsour.2009.02.031,21/02/2009,,Unknown,0.002,single_sci,ok
436,P2S5,Scm?1,10 ? 3,10.1016/j.jpowsour.2006.04.037,24/05/2006,,Unknown,0.001,power_of_ten,ok
437,Li2.9B0.9S0.1O3.1,Scm?1,1.4 × 10 ? 5,10.1016/j.jpowsour.2014.07.061,18/07/2014,,Unknown,1.4e-05,single_sci,ok
438,LiClO4,Scm?1,6.4 × 10 ? 3,10.1039/C3RA47695B,07/03/2014,,Unknown,0.0064,single_sci,ok
439,Li2O,Scm?1,8.48 × 10 ? 4 and 1.06 × 10 ? 4,10.1016/j.jpowsour.2014.10.146,29/10/2014,,Unknown,0.00029981327522309633,multi_value,ok
440,LiMnPO4,Scm?1,10 ? 14,10.1016/j.jpowsour.2013.05.196,12/06/2013,,Unknown,1e-14,power_of_ten,ok
441,Li0.25Mg0.5Al2.25O4,Scm?1,10 ? 11,10.1039/C5CP03916A,28/10/2015,,Unknown,1e-11,power_of_ten,ok
442,Nb2O5,Scm?1,10 ? 6,10.1039/C8TA05904G,11/09/2018,,Unknown,1e-06,power_of_ten,ok
443,MoS2,mScm?1,1.4,10.1016/j.mtnano.2019.100049,24/07/2019,,Unknown,1.4,single_plain,ok
445,Poly(AcIm-2)2H3PO4,Scm?1,10 ? 2,10.1016/j.ssi.2010.08.018,05/10/2010,,Unknown,0.01,power_of_ten,ok
446,LiFePO4,Scm?1,8.09 × 10 ? 10,10.1039/C2CE25114K,04/06/2012,,Unknown,8.09e-10,single_sci,ok
447,FeCl3,S/cm,3.147 × 10 ? 10,10.1016/j.jnoncrysol.2009.08.041,30/09/2009,,Unknown,3.147e-10,single_sci,ok
448,MnO2,Scm?1,4.46 × 10 ? 4 to 3.18 × 10 ? 6,10.1016/j.physb.2011.02.063,04/03/2011,,Unknown,3.7660058417373724e-05,range_to,ok
449,PVdF-HFP,Scm?1,5.89 × 10 ? 3,10.1016/j.jpowsour.2018.08.098,04/09/2018,,Unknown,0.005889999999999999,single_sci,ok
450,CNF / VGCF2 / PPy,Scm?1,11.25,10.1039/C8RA07054G,29/11/2018,,Unknown,11.25,single_plain,ok
451,P2S5,Scm?1,2.4 × 10 ? 4 to 6.0 × 10 ? 4,10.1016/j.jpowsour.2014.03.036,19/03/2014,,Unknown,0.0003794733192202058,range_to,ok
452,Li2FeSiO4,Scm?1,"1.58 × 10 ? 5 , 4.94 × 10 ? 4 and 1.63 × 10 ? 3",10.1016/j.jpowsour.2011.09.066,29/09/2011,,Unknown,0.00023344820919408434,multi_value,ok
453,LiPON,Scm?1,2 × 10 ? 6,10.1039/C3EE40795K,22/01/2014,,Unknown,2e-06,single_sci,ok
454,Al2O3,Scm?1,3,10.1016/j.ssi.2018.06.016,03/07/2018,,Unknown,3.0,single_plain,ok
455,NH4CH3COO,Scm?1,7.2 × 10 ? 2,10.1016/j.ceramint.2014.12.119,29/12/2014,,Unknown,0.07200000000000001,single_sci,ok
456,Polyethylene oxide,S/cm, 10 ? 8,10.1016/S0167-577X(03)00409-9,11/06/2003,,Unknown,1e-08,power_of_ten_leading_dash,ok
458,Polyethylene oxide,S/cm,to 98,10.1016/j.solmat.2005.02.005,12/04/2005,,Unknown,98.0,open_upper,ok
459,LiCoO2,Scm?1,10 ? 4,10.1016/j.jpowsour.2006.11.024,21/12/2006,,Unknown,0.0001,power_of_ten,ok
460,LiPON,Scm?1,7.8 × 10 ? 7,10.1039/C6TA03653H,12/07/2016,,Unknown,7.799999999999999e-07,single_sci,ok
465,LiBF4,Scm?1,1.2886 × 10 ? 3,10.1016/S0378-7753(03)00591-3,03/07/2003,,Unknown,0.0012886,single_sci,ok
466,PI-LCO,Scm?1,1.1 × 10 ? 7,10.1039/C3TA11163F,24/09/2013,,Unknown,1.1e-07,single_sci,ok
469,LiFeBO3,S/cm,"1.52 × 10 ? 4 , 1.51 × 10 ? 4 and 1.54 × 10 ? 4",10.1016/j.electacta.2007.09.050,02/10/2007,,Unknown,0.00015232823804101867,multi_value,ok
471,Li2MnSiO4,Scm?1,5.13 × 10 ? 3,10.1016/j.jpowsour.2012.12.126,17/01/2013,,Unknown,0.00513,single_sci,ok
472,Polyethylene oxide,Scm?1,6.03 × 10 ? 6 and 2.69 × 10 ? 5,10.1039/C6GC00444J,27/06/2016,,Unknown,1.2736051193364455e-05,multi_value,ok
473,Polyethylene oxide,Scm?1,10 ? 3,10.1016/j.jpowsour.2004.11.064,10/02/2005,,Unknown,0.001,power_of_ten,ok
475,Mn(II),Scm?1,3.0 × 10 ? 13 to 1.2 × 10 ? 12,10.1039/C9TA04680A,16/07/2019,,Unknown,6.000000000000003e-13,range_to,ok
476,LiFePO4 / Li,Scm?1,4.8 × 10 ? 4,10.1016/j.electacta.2016.08.076,17/08/2016,,Unknown,0.00048,single_sci,ok
477,LiBF4,Scm?1,10 ? 5,10.1039/B402949F,19/11/2005,,Unknown,1e-05,power_of_ten,ok
478,LiPF6,Scm?1,1.9 × 10 ? 3,10.1016/j.electacta.2005.02.003,02/03/2005,,Unknown,0.0019,single_sci,ok
480,Lanthanum lithium titanate,S/cm,10 ? 3,10.1016/j.jallcom.2017.05.278,28/05/2017,,Unknown,0.001,power_of_ten,ok
481,LiFePO4,Scm?1,5.86 × 10 ? 9 to 1.08 × 10 ? 1,10.1016/j.synthmet.2011.01.008,31/01/2011,,Unknown,2.5157106351883988e-05,range_to,ok
482,TiO2,Scm?1,"4.87 × 10 ? 4 , 1.32 × 10 ? 4 and 4.22 × 10 ? 8",10.1016/j.electacta.2017.03.104,16/03/2017,,Unknown,1.3946710340550251e-05,multi_value,ok
483,Li2S,Scm?1,10 ? 13,10.1039/C9TA00327D,15/05/2019,,Unknown,1e-13,power_of_ten,ok
485,Li2S,Scm?1,6,10.1016/S0013-4686(03)00178-6,29/04/2003,,Unknown,6.0,single_plain,ok
486,Li2O2,Scm?1,10 ? 16,10.1039/C6CS00929H,22/05/2017,,Unknown,1e-16,power_of_ten,ok
487,SiO2,Scm?1,8.17 × 10 ? 4,10.1039/C6EE01219A,05/10/2016,,Unknown,0.000817,single_sci,ok
490,Li2O,Scm?1,8.48 × 10 ? 4 and 1.06 × 10 ? 4,10.1016/j.jpowsour.2014.10.146,29/10/2014,,Unknown,0.00029981327522309633,multi_value,ok
491,Li7Ti5O12,S/cm,10 ? 13,10.1016/j.electacta.2017.07.073,12/07/2017,,Unknown,1e-13,power_of_ten,ok
492,TiO2,Scm?1,to 2 × 10 ? 6,10.1016/j.nanoen.2015.06.017,27/06/2015,,Unknown,2e-06,open_upper,ok
494,Al2O3,Scm?1,10 ? 3,10.1016/S0378-7753(99)00529-7,24/05/2000,,Unknown,0.001,power_of_ten,ok
495,Li6PS5Br,Scm?1,2.6 × 10 ? 6,10.1016/j.ceramint.2017.09.241,11/10/2017,,Unknown,2.6e-06,single_sci,ok
496,LiFePO4,Scm?1,10 ? 2,10.1016/j.jpowsour.2006.04.086,08/06/2006,,Unknown,0.01,power_of_ten,ok
498,V2O5-2,Scm?1,5.60 × 10 ? 6,10.1039/C3NR00548H,16/05/2013,,Unknown,5.6e-06,single_sci,ok
499,NixCo3?xO4,Scm?1,3.1 × 10 ? 5,10.1039/C5RA23503K,24/02/2016,,Unknown,3.1e-05,single_sci,ok
500,LiCl,mScm?1,2.56 to 2.66,10.1016/j.jpowsour.2017.02.033,17/02/2017,,Unknown,2.6095210288480146,range_to,ok
501,MoS2,Scm?1,2.5 × 10 ? 3,10.1039/B103965M,01/01/2001,,Unknown,0.0025,single_sci,ok
502,TiO2,Scm?1,3.33 × 10 ? 5,10.1016/j.electacta.2019.04.051,11/04/2019,,Unknown,3.33e-05,single_sci,ok
506,TiO2,Scm?1,"2.66 × 10 ? 5 , 9.56 × 10 ? 5 , 9.13 × 10 ? 5 and 1.34 × 10 ? 4",10.1039/C6TA07359J,01/11/2016,,Unknown,7.468420737879519e-05,multi_value,ok
507,CO(NH2)2,Scm?1,7.02 × 10 ? 4,10.1039/C7RA09335G,02/10/2017,,Unknown,0.000702,single_sci,ok
509,Al2O3,Scm?1,10 ? 3,10.1016/j.electacta.2010.12.027,11/12/2010,,Unknown,0.001,power_of_ten,ok
510,Lithium bis(trifluoromethanesulfonyl)imide,Scm?1,10 ? 4.2,10.1016/S0013-4686(03)00178-6,29/04/2003,,Unknown,,unknown,manual_review
511,TiO2,Scm?1,1.8 × 10 ? 1,10.1039/C6TA04611H,02/08/2016,,Unknown,0.18000000000000002,single_sci,ok
515,Lithium bis(trifluoromethanesulfonyl)imide,Scm?1,6.24 × 10 ? 5,10.1016/j.nanoen.2017.12.037,24/12/2017,,Unknown,6.240000000000001e-05,single_sci,ok
516,Co3O4,Scm?1, 10 ? 4,10.1016/j.jallcom.2015.10.007,09/10/2015,,Unknown,0.0001,power_of_ten_leading_dash,ok
517,LTO / TiO2,Scm?1,7.9 × 10 ? 7,10.1039/C6TA06874J,01/11/2016,,Unknown,7.9e-07,single_sci,ok
519,TiO2,Scm?1,? 12 to 1 × 10 ? 7,10.1016/j.jallcom.2017.04.257,26/04/2017,,Unknown,,unknown,manual_review
520,Li2O2,Scm?1,- 10 ? 11,10.1016/j.electacta.2016.03.040,09/03/2016,,Unknown,1e-11,power_of_ten_leading_dash,ok
522,MoO3,Scm?1,0.06,10.1039/C7TA05003H,22/08/2017,,Unknown,0.06,single_plain,ok
523,70Li2S30P2S5,Scm?1,? 3 to 3.1 × 10 ? 3,10.1039/C4TA04332D,27/01/2015,,Unknown,,unknown,manual_review
524,P1113FSI,mScm?1,7.1,10.1039/C5CP00205B,27/03/2015,,Unknown,7.1,single_plain,ok
525,LiTa2PO8,Scm?1,1.5 × 10 ? 3,10.1039/C8TA09170F,20/11/2018,,Unknown,0.0015,single_sci,ok
526,Li2O2,Scm?1,9 × 10 ? 19,10.1039/C4CP05042H,11/03/2015,,Unknown,9e-19,single_sci,ok
528,LiCoO2,Scm?1,3,10.1016/j.jcrysgro.2010.09.005,07/09/2010,,Unknown,3.0,single_plain,ok
529,LiFePO4,Scm?1, 10 ? 10,10.1016/j.ceramint.2012.08.001,09/08/2012,,Unknown,1e-10,power_of_ten_leading_dash,ok
530,PbSnF4,Scm?1,10 ? 3,10.1039/C8CC05549A,09/10/2018,,Unknown,0.001,power_of_ten,ok
531,Li6PS5Br,Scm?1,10 ? 3,10.1016/j.electacta.2019.134943,24/09/2019,,Unknown,0.001,power_of_ten,ok
533,LaF3,Scm-1,10  6,10.1016/j.ensm.2018.10.010,12/10/2018,,Unknown,1e-06,power_of_ten,ok
534,NASICON,mScm?1,1.13,10.1016/j.ssi.2018.12.003,29/12/2018,,Unknown,1.13,single_plain,ok
535,Na3V2(PO4)3,Scm?1,10 ? 4,10.1016/j.jallcom.2019.03.346,26/03/2019,,Unknown,0.0001,power_of_ten,ok
536,Polyethylene oxide,Scm?1, 10 ? 8,10.1016/j.apsusc.2019.07.041,07/07/2019,,Unknown,1e-08,power_of_ten_leading_dash,ok
537,LiCoO2,Scm?1,1.5 × 10 ? 3,10.1016/j.jpowsour.2013.01.090,25/01/2013,,Unknown,0.0015,single_sci,ok
538,MnO2,Scm?1,10 ? 6,10.1039/C5RA09481J,15/10/2015,,Unknown,1e-06,power_of_ten,ok
540,LiMnPO4,Scm?1,10 ? 12,10.1016/j.ceramint.2016.02.156,27/02/2016,,Unknown,1e-12,power_of_ten,ok
541,LFP / C,Scm?1,8.94 × 10 ? 4 and 2.65 × 10 ? 3,10.1016/j.jpowsour.2013.08.047,27/08/2013,,Unknown,0.001539188097667079,multi_value,ok
542,LiCB11H12,Scm?1,0.1,10.1039/C5EE02941D,25/11/2015,,Unknown,0.1,single_plain,ok
543,P2O5,Scm?1,5.4 × 10 ? 3 and 4.6 × 10 ? 3,10.1016/j.jmst.2018.10.007,10/10/2018,,Unknown,0.004983974317750844,multi_value,ok
544,LiFePO4,Scm?1,2 × 10 ? 5 to 5 × 10 ? 5,10.1016/j.jpowsour.2008.07.032,25/07/2008,,Unknown,3.1622776601683795e-05,range_to,ok
546,SPEs,S/cm,3.27 × 10 ? 5,10.1016/j.ssi.2018.04.013,22/04/2018,,Unknown,3.27e-05,single_sci,ok
547,LiCB11H12,Scm?1,0.12,10.1039/C5EE02941D,25/11/2015,,Unknown,0.12,single_plain,ok
549,MoO3,Scm?1,10 ? 3,10.1039/C6TA10433A,07/02/2017,,Unknown,0.001,power_of_ten,ok
550,Polyethylene oxide,Scm?1,9 × 10 ? 4,10.1016/j.ensm.2018.03.016,20/03/2018,,Unknown,0.0009000000000000001,single_sci,ok
552,BaTiO3,Scm?1,7.21 × 10 ? 3,10.1016/j.materresbull.2012.11.002,16/11/2012,,Unknown,0.00721,single_sci,ok
553,LiCF3SO3,Scm?1,10 ? 6,10.1016/S0167-2738(00)00440-9,28/04/2000,,Unknown,1e-06,power_of_ten,ok
554,LiCoO2,S/cm,10 ? 6,10.1016/j.electacta.2005.11.015,13/12/2005,,Unknown,1e-06,power_of_ten,ok
556,V2O5,Scm?1, 10 ? 2,10.1016/j.apsusc.2019.07.100,17/07/2019,,Unknown,0.01,power_of_ten_leading_dash,ok
557,Mn3O4,Scm?1, 10 ? 8,10.1016/j.matlet.2017.04.019,04/04/2017,,Unknown,1e-08,power_of_ten_leading_dash,ok
558,MoS2,Scm?1,2.1 × 10 ? 6,10.1016/j.jallcom.2018.01.189,14/02/2018,,Unknown,2.1e-06,single_sci,ok
560,MnO2,S/cm, 10 ? 6,10.1016/j.apmt.2017.01.008,20/02/2017,,Unknown,1e-06,power_of_ten_leading_dash,ok
563,TiO2,Scm?1,"1 × 10 ? 5 , 7.8 × 10 ? 5 , 9.8 × 10 ? 5 and 7.9 × 10 ? 5",10.1039/C6TA06840E,31/01/2017,,Unknown,4.9572057231039914e-05,multi_value,ok
565,Nb2O5,Scm?1,9.61,10.1039/C6TA02971J,21/06/2016,,Unknown,9.61,single_plain,ok
566,Li5SiO4F,Scm?1,1.2 × 10 ? 7,10.1016/j.ssi.2018.10.014,30/10/2018,,Unknown,1.2e-07,single_sci,ok
567,TiO2,Scm?1,"3.46 × 10 ? 3 , 5.69 × 10 ? 5 and 3.14 × 10 ? 5",10.1016/j.jpowsour.2017.07.004,17/07/2017,,Unknown,0.00018352955197244064,multi_value,ok
568,NASICON,Scm?1,10 ? 1,10.1016/j.ceramint.2017.03.095,20/03/2017,,Unknown,0.1,power_of_ten,ok
569,LiFePO4,S/cm,5.86 × 10 ? 9,10.1016/j.elecom.2008.08.001,11/08/2008,,Unknown,5.860000000000001e-09,single_sci,ok
571,LiClO4,Scm?1,6 × 10 ? 3 to 3.6 × 10 ? 2,10.1016/S0167-2738(00)00723-2,30/10/2000,,Unknown,0.014696938456699072,range_to,ok
572,CoOOH,Scm?1,62,10.1016/j.electacta.2015.08.041,12/08/2015,,Unknown,62.0,single_plain,ok
573,Hydroxide,mScm?1,42,10.1039/C4PY01588F,03/03/2015,,Unknown,42.0,single_plain,ok
574,P2S5,Scm?1,1.2 × 10 ? 3,10.1016/j.rser.2019.04.035,20/04/2019,,Unknown,0.0012,single_sci,ok
576,LiFePO4,Scm?1,4.5 × 10 ? 5 and 2.18 × 10 ? 4,10.1016/j.jpowsour.2011.10.073,25/10/2011,,Unknown,9.904544411531512e-05,multi_value,ok
577,MoS2,Scm?1,13.1,10.1016/j.cej.2019.04.203,29/04/2019,,Unknown,13.1,single_plain,ok
578,La-doped LiCoO2,Scm?1,1.09 × 10 ? 3,10.1016/j.electacta.2008.09.050,04/10/2008,,Unknown,0.00109,single_sci,ok
579,LiFePO4,Scm?1,10 ? 8,10.1039/C3RA42035C,05/08/2013,,Unknown,1e-08,power_of_ten,ok
580,LiFePO4,Scm?1,10 ? 10,10.1016/j.matchemphys.2010.01.038,18/02/2010,,Unknown,1e-10,power_of_ten,ok
581,Polyethylene oxide,Scm?1,4.7 × 10 ? 5,10.1016/S0022-0728(98)00216-2,25/02/2000,,Unknown,4.7000000000000004e-05,single_sci,ok
583,LiFePO4 / C,Scm?1,"4.25 × 10 ? 4 , 5.46 × 10 ? 4 and 6.53 × 10 ? 4",10.1016/j.electacta.2013.02.132,07/03/2013,,Unknown,0.0005331281133183318,multi_value,ok
584,ZrO2,Scm?1,to 0.15,10.1016/j.ceramint.2014.01.118,01/02/2014,,Unknown,0.15,open_upper,ok
585,Li2S2,Scm?1,5 × 10 ? 30,10.1016/j.mtener.2018.12.007,03/01/2019,,Unknown,5.0000000000000004e-30,single_sci,ok
587,Hydroxide,mScm?1,89,10.1039/C7EE02468A,14/02/2018,,Unknown,89.0,single_plain,ok
589,LiClO4,Scm?1,8.7 × 10 ? 3,10.1016/S0378-7753(99)00474-7,05/04/2000,,Unknown,0.0087,single_sci,ok
590,LiCF3SO3,S/cm,1.10 × 10 ? 6,10.1016/j.saa.2007.05.029,24/05/2007,,Unknown,1.1e-06,single_sci,ok
591,TiO2,Scm?1,10 ? 7,10.1039/C5TA04009D,15/09/2015,,Unknown,1e-07,power_of_ten,ok
592,LiSO3CF3,Scm?1,7.0 × 10 ? 6,10.1016/j.electacta.2005.02.050,17/05/2005,,Unknown,7e-06,single_sci,ok
594,Li2S,Scm?1,5 × 10 ? 30,10.1016/j.memsci.2018.01.017,10/01/2018,,Unknown,5.0000000000000004e-30,single_sci,ok
596,LiOAc,Scm?1,7.6 × 10 ? 6,10.1016/j.carbpol.2003.08.018,30/10/2003,,Unknown,7.599999999999999e-06,single_sci,ok
597,TiO2,Scm?1,5.1 × 10 ? 5,10.1016/j.jpowsour.2006.08.022,02/10/2006,,Unknown,5.1e-05,single_sci,ok
598,LiMnPO4,S/cm,1.8 × 10 ? 9,10.1016/j.jallcom.2010.07.010,14/07/2010,,Unknown,1.8000000000000002e-09,single_sci,ok
599,LiPF6,mScm?1,0.6,10.1039/C9ME00050J,05/08/2019,,Unknown,0.6,single_plain,ok
600,Lithium bis(trifluoromethanesulfonyl)imide,Scm?1,6.56 × 10 ? 3,10.1039/C7MH01130J,08/05/2018,,Unknown,0.00656,single_sci,ok
601,LiPON,Scm?1,3.17 × 10 ? 4,10.1039/C5TA06374D,03/11/2015,,Unknown,0.000317,single_sci,ok
603,LiBO2,Scm?1,6.4 × 10 ? 4,10.1016/j.electacta.2018.01.122,31/01/2018,,Unknown,0.00064,single_sci,ok
606,LiFePO4,Scm?1,10 ? 7,10.1016/j.jpowsour.2014.11.055,14/11/2014,,Unknown,1e-07,power_of_ten,ok
607,Hydroxide,mScm?1,38 to 42,10.1039/C7EE02468A,14/02/2018,,Unknown,39.94996871087637,range_to,ok
608,TiO2,Scm?1, 10 ? 9,10.1016/j.jelechem.2015.03.007,04/03/2015,,Unknown,1e-09,power_of_ten_leading_dash,ok
609,Li7Ti5O12,Scm?1,10 ? 9,10.1039/C2RA21603E,08/10/2012,,Unknown,1e-09,power_of_ten,ok
610,SiO2,Scm?1,0.76,10.1016/j.electacta.2018.10.168,01/11/2018,,Unknown,0.76,single_plain,ok
612,Bicarbonate,mScm?1,8.6,10.1039/C7EE02468A,14/02/2018,,Unknown,8.6,single_plain,ok
613,LiClO4,Scm?1,7.3 × 10 ? 5,10.1039/C2NR31167D,28/09/2012,,Unknown,7.3e-05,single_sci,ok
614,LiMnPO4,Scm?1,10 ? 10,10.1016/j.jpowsour.2013.12.010,12/12/2013,,Unknown,1e-10,power_of_ten,ok
615,LiFePO4,Scm?1,10 ? 3,10.1039/C7TA04426G,15/08/2017,,Unknown,0.001,power_of_ten,ok
616,LiCF3SO3,Scm?1,10 ? 3,10.1016/S0167-2738(00)00440-9,28/04/2000,,Unknown,0.001,power_of_ten,ok
617,FePO4,S/cm,7,10.1016/j.ssi.2010.11.006,30/11/2010,,Unknown,7.0,single_plain,ok
618,Li2S,Scm?1,3.1 × 10 ? 4,10.1016/j.apsusc.2018.02.270,07/03/2018,,Unknown,0.00031,single_sci,ok
620,LiPF6,S/cm,3.7 × 10 ? 3,10.1016/S0378-7753(99)00154-8,20/01/2000,,Unknown,0.0037,single_sci,ok
621,LiFePO4,Scm?1,8,10.1016/j.jpowsour.2011.12.050,21/01/2012,,Unknown,8.0,single_plain,ok
622,V2O5,Scm?1,10 ? 3,10.1039/C5TA06844D,05/01/2016,,Unknown,0.001,power_of_ten,ok
623,LiClO4,S/cm,10 ? 10,10.1016/j.carbon.2015.02.059,25/02/2015,,Unknown,1e-10,power_of_ten,ok
624,LiPON,S/cm,2.4 × 10 ? 6,10.1016/j.ssi.2018.07.011,19/07/2018,,Unknown,2.4e-06,single_sci,ok
625,Li2NiGe3O8,Scm?1,10 ? 8,10.1039/C5CP03916A,28/10/2015,,Unknown,1e-08,power_of_ten,ok
626,LiFePO4,Scm?1,10 ? 9,10.1039/C8RA09154D,09/01/2019,,Unknown,1e-09,power_of_ten,ok
627,Al2O3,S/cm,5,10.1016/j.jallcom.2013.04.195,07/05/2013,,Unknown,5.0,single_plain,ok
629,LiCoO2,Scm?1,10 ? 10,10.1039/C1EE01263K,01/01/2012,,Unknown,1e-10,power_of_ten,ok
631,SnO2,Scm?1,10  16,10.1016/j.jallcom.2019.05.009,02/05/2019,,Unknown,1e-16,power_of_ten,ok
632,LiFePO4,Scm?1,10 ? 10,10.1016/j.jpcs.2012.11.010,20/12/2012,,Unknown,1e-10,power_of_ten,ok
635,LiMnPO4,Scm?1,? 3 ? 5,10.1016/j.jpowsour.2012.09.081,25/10/2012,,Unknown,,unknown,manual_review
641,LiMn2O4,S/cm,10 ? 4,10.1016/j.cossms.2012.05.002,15/06/2012,,Unknown,0.0001,power_of_ten,ok
642,LiTFSI / CH3CN,mScm?1,6.8,10.1039/C8EE01040D,07/11/2018,,Unknown,6.8,single_plain,ok
643,LiMn2O4,Scm?1,10 ? 3,10.1039/C8TA04063J,31/07/2018,,Unknown,0.001,power_of_ten,ok
645,Hydroxide,mScm?1,38 to 42,10.1039/C7EE02468A,14/02/2018,,Unknown,39.94996871087637,range_to,ok
646,NiFe2O4,Scm?1,1.42 × 10 ? 4,10.1016/j.matchemphys.2011.06.043,19/07/2011,,Unknown,0.000142,single_sci,ok
647,LiMnPO4,Scm?1,10 ? 8,10.1016/j.jallcom.2018.07.354,01/08/2018,,Unknown,1e-08,power_of_ten,ok
648,NASICON,Scm?1,4.5 × 10 ? 4 to 1.7 × 10 ? 3,10.1016/j.ensm.2019.04.009,12/04/2019,,Unknown,0.0008746427842267955,range_to,ok
649,UiO-66(Zr)-(COOH)2,Scm?1,2.3 × 10 ? 3,10.1039/C6CS00362A,12/09/2016,,Unknown,0.0023,single_sci,ok
651,TiO2,S/cm,0.26,10.1016/j.memsci.2014.02.004,11/02/2014,,Unknown,0.26,single_plain,ok
657,Co3O4,Scm?1, 10 ? 2,10.1016/j.ensm.2016.10.003,12/10/2016,,Unknown,0.01,power_of_ten_leading_dash,ok
658,LiClO4,S/cm,6  9 × 10 ? 4,10.1016/S0013-4686(00)00768-4,20/03/2001,,Unknown,,range_dash,manual_review
660,Co3O4,Scm?1,to 9.56 × 10 ? 4,10.1016/j.mseb.2011.09.036,25/10/2011,,Unknown,0.0009560000000000001,open_upper,ok
661,La0.95Sr0.05F2.95,Scm?1,1.0 × 10 ? 4 and 5.0 × 10 ? 4,10.1039/C1JM13535J,25/10/2011,,Unknown,0.00022360679774997895,multi_value,ok
662,LiPF6,mS/cm,3.9,10.1016/S0378-7753(01)00695-4,03/07/2001,,Unknown,3.9,single_plain,ok
663,Polyethylene oxide,S/cm,3.1 × 10 ? 4,10.1016/j.electacta.2009.01.070,03/02/2009,,Unknown,0.00031,single_sci,ok
664,LiFePO4,S/cm,8.04 × 10 ? 3,10.1016/j.electacta.2011.07.079,29/07/2011,,Unknown,0.008039999999999999,single_sci,ok
666,LiCoO2,Scm?1,10 ? 3,10.1039/C6TA10024D,21/02/2017,,Unknown,0.001,power_of_ten,ok
669,LiFePO4,Scm?1,4.5 × 10 ? 5 to 2.18 × 10 ? 4,10.1039/C2JM31149F,17/07/2012,,Unknown,9.904544411531512e-05,range_to,ok
670,LiCl,mScm?1,2.56 to 2.66,10.1016/j.jpowsour.2017.02.033,17/02/2017,,Unknown,2.6095210288480146,range_to,ok
671,NH4NO3,S/cm,5,10.1016/j.jnoncrysol.2017.11.027,22/11/2017,,Unknown,5.0,single_plain,ok
672,TiO2,Scm?1,1.11 × 10 ? 2,10.1039/C6RA20649B,26/09/2016,,Unknown,0.0111,single_sci,ok
674,LiFePO4,Scm?1,10 ? 2,10.1016/j.jpowsour.2007.12.093,04/01/2008,,Unknown,0.01,power_of_ten,ok
676,Li2O2,Scm?1,10 ? 13,10.1016/j.jpowsour.2018.05.033,15/05/2018,,Unknown,1e-13,power_of_ten,ok
677,Polyethylene oxide,Scm?1,1 × 10 ? 4,10.1016/j.jpowsour.2005.03.102,01/08/2005,,Unknown,0.0001,single_sci,ok
678,Co3O4,S/cm,"3.2 × 10 ? 4 , 5.1 × 10 ? 5 , 4.1 × 10 ? 5 and 1.4 × 10 ? 5",10.1016/j.mseb.2010.07.014,17/07/2010,,Unknown,5.5323291605442686e-05,multi_value,ok
679,Mg-doped CuCrO2,Scm?1,0.0045,10.1039/C5TC01070E,04/06/2015,,Unknown,0.0045,single_plain,ok
681,P2O5,Scm?1,3.0 × 10 ? 3,10.1016/j.jnoncrysol.2008.12.020,05/08/2009,,Unknown,0.003,single_sci,ok
682,MnO2,Scm?1,10 ? 2,10.1039/C5TA05523G,27/10/2015,,Unknown,0.01,power_of_ten,ok
683,MnO2,Scm?1, 10 ? 6,10.1039/C7CC00087A,21/02/2017,,Unknown,1e-06,power_of_ten_leading_dash,ok
689,Li2Ni2TeO6,Scm?1,2 × 10 ? 4,10.1039/C7DT02663C,26/09/2017,,Unknown,0.0002,single_sci,ok
690,LiFePO4,Scm?1,2 × 10 ? 5 to 5 × 10 ? 5,10.1016/j.jpowsour.2008.07.032,25/07/2008,,Unknown,3.1622776601683795e-05,range_to,ok
691,H2SO4,S/cm,2,10.1016/j.memsci.2019.01.008,10/01/2019,,Unknown,2.0,single_plain,ok
694,NASICON,Scm?1,2.7 × 10 ? 3,10.1016/S0167-2738(01)00701-9,21/03/2001,,Unknown,0.0027,single_sci,ok
695,V2O5,Scm?1,1 × 10 ? 5,10.1016/j.electacta.2011.09.070,20/10/2011,,Unknown,1e-05,single_sci,ok
696,LiFePO4,S/cm, 10 ? 10,10.1016/j.ensm.2016.02.002,13/02/2016,,Unknown,1e-10,power_of_ten_leading_dash,ok
697,Mn3O4,Scm?1,2 × 10 ? 7,10.1016/j.jpowsour.2012.03.055,07/04/2012,,Unknown,2e-07,single_sci,ok
698,MoS2 / C,Scm?1,19.83,10.1016/j.ces.2019.06.043,25/06/2019,,Unknown,19.83,single_plain,ok
700,TiO2,mS/cm,1.2,10.1016/j.desal.2013.07.016,15/08/2013,,Unknown,1.2,single_plain,ok
702,Li2S,mS/cm,3,10.1016/j.jpowsour.2017.09.012,28/09/2017,,Unknown,3.0,single_plain,ok
704,Fe2P,Scm?1,1.5,10.1016/j.electacta.2015.03.010,18/03/2015,,Unknown,1.5,single_plain,ok
705,ZrO2,Scm?1,1.4 × 10 ? 6,10.1016/S0167-577X(00)00103-8,16/08/2000,,Unknown,1.4e-06,single_sci,ok
707,TiO2,Scm?1,10 ? 12,10.1016/j.jallcom.2018.09.044,07/09/2018,,Unknown,1e-12,power_of_ten,ok
710,PEG(70) / PTMG(30) / LiCF3SO3,S/cm,8.04 × 10 ? 5,10.1016/S0167-2738(98)00265-3,28/12/1998,,Unknown,8.04e-05,single_sci,ok
714,LiMnPO4,Scm?1,1.8 × 10 ? 9,10.1016/j.matlet.2016.04.145,20/04/2016,,Unknown,1.8000000000000002e-09,single_sci,ok
715,LiPON,Scm?1,10 ? 6,10.1016/j.jpowsour.2017.05.037,25/05/2017,,Unknown,1e-06,power_of_ten,ok
716,Li2MnSiO4,Scm?1,5 × 10  16,10.1016/j.jssc.2012.01.051,31/01/2012,,Unknown,5e-16,single_sci,ok
717,LiPF6,Scm?1,"7.41 × 10 ? 5 , 7.76 × 10 ? 5 and 3.02 × 10 ? 6",10.1016/j.memsci.2010.10.004,10/10/2010,,Unknown,2.5895777649319774e-05,multi_value,ok
720,LiFePO4,Scm?1,2.4 × 10 ? 7,10.1016/j.jpowsour.2014.04.153,14/05/2014,,Unknown,2.4e-07,single_sci,ok
721,Hydroxide,Scm?1,10 ? 2,10.1016/j.memsci.2010.11.058,27/11/2010,,Unknown,0.01,power_of_ten,ok
722,Hydroxide,mScm?1,21.2,10.1039/C5EE03404C,09/02/2016,,Unknown,21.2,single_plain,ok
723,LiMn2O4,Scm?1,4.9 × 10 ? 2,10.1016/j.jechem.2018.12.013,22/12/2018,,Unknown,0.049,single_sci,ok
724,LiPO3,S/cm,8,10.1016/j.ssi.2008.04.015,17/06/2008,,Unknown,8.0,single_plain,ok
725,Fe3O4,Scm?1,50,10.1039/C4TA05939E,20/01/2015,,Unknown,50.0,single_plain,ok
726,LiPON,S/cm,2 × 10 ? 6,10.1016/j.tsf.2011.07.068,04/08/2011,,Unknown,2e-06,single_sci,ok
727,LiFePO4,Scm?1,10 ? 10,10.1016/j.matlet.2016.04.145,20/04/2016,,Unknown,1e-10,power_of_ten,ok
731,LiPON,Scm?1, 10 ? 4,10.1016/j.jpowsour.2016.06.068,23/06/2016,,Unknown,0.0001,power_of_ten_leading_dash,ok
735,H3PO4,S/cm,10 ? 2,10.1016/j.electacta.2005.07.010,15/08/2005,,Unknown,0.01,power_of_ten,ok
736,Cu2S,Scm?1,10 ? 3,10.1039/C9TA04640B,09/07/2019,,Unknown,0.001,power_of_ten,ok
738,LiFePO4,Scm?1,10 ? 9,10.1016/j.jpowsour.2011.02.039,23/02/2011,,Unknown,1e-09,power_of_ten,ok
739,LiFePO4,Scm?1,10 ? 8,10.1016/j.electacta.2012.08.067,24/08/2012,,Unknown,1e-08,power_of_ten,ok
740,NASICON,S/cm,10 ? 3,10.1016/j.electacta.2012.06.038,02/07/2012,,Unknown,0.001,power_of_ten,ok
741,LiBF4,mScm?1,2.5,10.1016/j.jpowsour.2004.12.035,20/02/2005,,Unknown,2.5,single_plain,ok
742,NixCo3?xO4,Scm?1,0.3,10.1016/j.nanoen.2014.09.015,28/09/2014,,Unknown,0.3,single_plain,ok
743,Li2S2,Scm?1,5 × 10 ? 30,10.1039/C4TA06624C,10/02/2015,,Unknown,5.0000000000000004e-30,single_sci,ok
745,LiPF6,S/cm,10 ? 3,10.1016/S0378-7753(00)00666-2,04/05/2001,,Unknown,0.001,power_of_ten,ok
746,LiFeSO4F,Scm?1,10 ? 6,10.1016/j.ssi.2010.06.043,24/07/2010,,Unknown,1e-06,power_of_ten,ok
747,LiCoO2,Scm?1,"6.5 × 10 ? 5 , 6 × 10 ? 5 , 1.5 × 10 ? 5 , 1.2 × 10 ? 5 and 1.0 × 10 ? 5",10.1039/C5EE01254F,01/07/2015,,Unknown,2.3402778513326935e-05,multi_value,ok
748,LiFePO4,Scm?1,to 7.5 × 10 ? 8,10.1016/j.jpowsour.2012.01.126,28/01/2012,,Unknown,7.5e-08,open_upper,ok
749,Li2S,Scm?1,5 × 10 ? 30,10.1039/C4RA02122C,16/04/2014,,Unknown,5.0000000000000004e-30,single_sci,ok
750,LiPF6,S/cm,3.92 × 10 ? 3,10.1016/j.electacta.2004.01.102,13/08/2004,,Unknown,0.00392,single_sci,ok
753,LiFePO4,Scm?1,2.0 × 10 ? 5,10.1039/C8TA10274K,02/01/2019,,Unknown,2e-05,single_sci,ok
755,LiFeSO4F,Scm?1,2.5 × 10 ? 11,10.1016/j.electacta.2012.08.073,03/09/2012,,Unknown,2.4999999999999998e-11,single_sci,ok
756,Hydroxide,mScm?1,177,10.1039/C7PY01084B,26/09/2017,,Unknown,177.0,single_plain,ok
757,V2O5,Scm?1,10 ? 4,10.1016/j.arabjc.2014.05.001,10/05/2014,,Unknown,0.0001,power_of_ten,ok
758,LiMnPO4,Scm?1,10 ? 10,10.1016/j.ceramint.2013.11.131,04/12/2013,,Unknown,1e-10,power_of_ten,ok
761,TiO2,Scm?1,"2.66 × 10 ? 5 , 9.56 × 10 ? 5 , 9.13 × 10 ? 5 and 1.34 × 10 ? 4",10.1039/C6TA07359J,01/11/2016,,Unknown,7.468420737879519e-05,multi_value,ok
763,RuO2,S/cm, 10 ? 6,10.1016/j.jallcom.2015.04.075,16/04/2015,,Unknown,1e-06,power_of_ten_leading_dash,ok
764,P2S5,Scm?1,2.39 × 10 ? 3,10.1016/j.jpowsour.2007.06.168,29/06/2007,,Unknown,0.00239,single_sci,ok
765,LiFePO4,Scm?1,10 ? 10,10.1016/j.electacta.2010.05.001,11/05/2010,,Unknown,1e-10,power_of_ten,ok
766,ZrO2,Scm?1,0.493 to 0.875,10.1016/j.cej.2018.05.074,12/05/2018,,Unknown,0.6567914433060162,range_to,ok
768,PVdF-HFP,Scm?1,1.3 × 10 ? 2,10.1016/j.jpowsour.2010.10.096,03/11/2010,,Unknown,0.013000000000000001,single_sci,ok
771,FeCl3,Scm?1,0.045,10.1039/C6TA01441K,31/05/2016,,Unknown,0.045,single_plain,ok
772,Li2O,Scm?1,2.1 × 10 ? 12 and 2.3 × 10 ? 12,10.1016/j.jpowsour.2014.10.146,29/10/2014,,Unknown,2.197726097583592e-12,multi_value,ok
773,Na+ / Na,mScm?1,1,10.1016/j.jpowsour.2017.08.079,04/09/2017,,Unknown,1.0,single_plain,ok
774,Mn3O4,Scm?1,10 ? 6,10.1016/j.electacta.2018.12.013,03/12/2018,,Unknown,1e-06,power_of_ten,ok
776,MnO2,Scm?1, 10 ? 6,10.1039/C4RA01831A,06/06/2014,,Unknown,1e-06,power_of_ten_leading_dash,ok
778,Li2S / Li2S2,Scm?1,10 ? 30,10.1039/C6RA08538E,22/06/2016,,Unknown,1e-30,power_of_ten,ok
781,NASICON,S/cm,10 ? 1,10.1016/j.ensm.2019.04.009,12/04/2019,,Unknown,0.1,power_of_ten,ok
782,Li2FeSiO4,Scm?1,10 ? 12,10.1016/j.jpowsour.2017.06.077,30/06/2017,,Unknown,1e-12,power_of_ten,ok
783,MnO2,Scm?1,10 ? 6,10.1039/C0EE00642D,02/06/2011,,Unknown,1e-06,power_of_ten,ok
784,LiCl,Scm?1,2.88 × 10 ? 4,10.1016/j.jallcom.2017.08.167,19/08/2017,,Unknown,0.000288,single_sci,ok
786,LiFePO4,Scm?1,2.1 × 10 ? 9,10.1039/C4DT02498B,02/12/2014,,Unknown,2.1e-09,single_sci,ok
789,Lithium bis(trifluoromethanesulfonyl)imide,Scm?1,to 3 × 10 ? 5,10.1016/j.eurpolymj.2013.01.026,11/02/2013,,Unknown,3.0000000000000004e-05,open_upper,ok
790,Li3BO3Li2CO3,Scm?1,10 ? 3,10.1039/C8TA08761J,16/10/2018,,Unknown,0.001,power_of_ten,ok
792,LFP @ GNs,Scm?1,6.73 × 10 ? 1,10.1039/C5NR01831E,07/05/2015,,Unknown,0.673,single_sci,ok
793,NASICON,Scm?1,7 × 10 ? 4,10.1016/j.ensm.2019.06.006,05/06/2019,,Unknown,0.0007,single_sci,ok
795,Li / LiFePO4,Scm?1,3.0 × 10 ? 5 to 1.1 × 10 ? 4,10.1016/j.electacta.2016.09.141,28/09/2016,,Unknown,5.744562646538032e-05,range_to,ok
797,LiV3O8,Scm?1,1.1 × 10 ? 7,10.1039/B415041D,18/03/2005,,Unknown,1.1e-07,single_sci,ok
798,LiCoO2,Scm?1,10 ? 9,10.1039/C8TA04063J,31/07/2018,,Unknown,1e-09,power_of_ten,ok
799,LiClO4,Scm?1,10 ? 4,10.1016/S0013-4686(02)00721-1,10/01/2003,,Unknown,0.0001,power_of_ten,ok
800,LiMnPO4,Scm?1,1 × 10 ? 10,10.1016/j.jpowsour.2012.09.081,25/10/2012,,Unknown,1e-10,single_sci,ok
802,LiNi0.5Mn1.5O4,Scm?1,10 ? 8,10.1016/j.electacta.2014.11.142,25/11/2014,,Unknown,1e-08,power_of_ten,ok
805,FeO6,Scm?1,10 ? 10,10.1039/C4TA00210E,25/03/2014,,Unknown,1e-10,power_of_ten,ok
807,NiMn2O4,Scm?1,1.1564 × 10 ? 5,10.1039/C5RA00407A,18/03/2015,,Unknown,1.1564000000000001e-05,single_sci,ok
808,LiMn2O4,Scm?1,10 ? 3,10.1039/C1EE01263K,01/01/2012,,Unknown,0.001,power_of_ten,ok
809,LiCoO2,Scm?1,3,10.1039/C7TA01227F,30/05/2017,,Unknown,3.0,single_plain,ok
810,Al2O3,mScm?1,3.45,10.1016/j.jpowsour.2011.06.055,22/06/2011,,Unknown,3.45,single_plain,ok
811,LiClO4,Scm?1,10 ? 4,10.1016/S0013-4686(99)00377-1,27/12/1999,,Unknown,0.0001,power_of_ten,ok
812,Li2S,Scm?1,5 × 10 ? 30,10.1016/j.jpcs.2019.06.017,15/06/2019,,Unknown,5.0000000000000004e-30,single_sci,ok
813,SiO2,Scm?1,9.81 × 10 ? 4,10.1039/C6EE01219A,05/10/2016,,Unknown,0.000981,single_sci,ok
815,Li2S,Scm?1,10 ? 3,10.1016/j.jpowsour.2018.07.055,18/07/2018,,Unknown,0.001,power_of_ten,ok
816,LiPF6,mScm?1,10.1,10.1016/j.jpowsour.2017.04.073,29/04/2017,,Unknown,10.1,single_plain,ok
817,Hydroxide,mScm?1,29.0 to 65.0,10.1039/C9TA01167F,26/03/2019,,Unknown,43.4165866921848,range_to,ok
818,Li2O,Scm?1,2.1 × 10 ? 12 and 2.3 × 10 ? 12,10.1016/j.jpowsour.2014.10.146,29/10/2014,,Unknown,2.197726097583592e-12,multi_value,ok
819,LiFePO4,Scm?1,10 ? 14,10.1039/C7TA00034K,06/06/2017,,Unknown,1e-14,power_of_ten,ok
821,ZnMn2O4,Scm?1,to 8.55 × 10 ? 8,10.1039/C5RA16667E,18/11/2015,,Unknown,8.55e-08,open_upper,ok
822,LiClO4,Scm?1,5.4 × 10 ? 4,10.1016/j.electacta.2011.06.015,12/06/2011,,Unknown,0.0005400000000000001,single_sci,ok
823,LiCoO2,Scm?1,10 ? 6,10.1039/C8CP02492H,08/08/2018,,Unknown,1e-06,power_of_ten,ok
826,NiMoO4,Scm?1,10 to 13,10.1039/C8NJ04402C,05/11/2018,,Unknown,11.401754250991383,range_to,ok
827,NH4NO3,S/cm,3,10.1016/j.jnoncrysol.2017.11.027,22/11/2017,,Unknown,3.0,single_plain,ok
828,EDTA / PVP / PVDF,Scm?1,7.19 × 10 ? 4,10.1039/C7SE00441A,30/01/2018,,Unknown,0.000719,single_sci,ok
830,LiBF4,Scm?1,7.5 × 10 ? 5,10.1039/B514140K,01/03/2006,,Unknown,7.500000000000001e-05,single_sci,ok
831,MgCl2,mScm?1,to 0.66,10.1039/C5CC01225B,24/03/2015,,Unknown,0.66,open_upper,ok
832,LiFePO4,Scm?1,10 ? 9,10.1016/j.jallcom.2011.06.054,29/06/2011,,Unknown,1e-09,power_of_ten,ok
833,PVAc : PVdF,Scm?1,6.4 × 10 ? 4,10.1016/j.matchemphys.2005.08.063,30/09/2005,,Unknown,0.00064,single_sci,ok
834,P2O5TiO2SiO2,S/cm,6.47 × 10 ? 4 to 3.04 × 10 ? 2,10.1016/j.jnoncrysol.2005.08.010,15/09/2005,,Unknown,0.004434952085423248,range_to,ok
836,NASICON,Scm?1,1.5 × 10 ? 3,10.1016/j.electacta.2019.03.057,09/03/2019,,Unknown,0.0015,single_sci,ok
837,LiFePO4,Scm?1,4.4 × 10 ? 6 and 2.1 × 10 ? 6,10.1016/j.electacta.2011.01.082,28/01/2011,,Unknown,3.039736830714135e-06,multi_value,ok
840,LiPF6,mS/cm,1.25,10.1016/j.jpowsour.2016.05.022,14/05/2016,,Unknown,1.25,single_plain,ok
842,N-doped TiO2,Scm?1,3.05 × 10 ? 7,10.1039/C5TA06888F,15/12/2015,,Unknown,3.05e-07,single_sci,ok
843,(tert-BuOMgCl)6AlCl3 / THF,mScm?1,1.15,10.1039/C3TA13691D,10/12/2013,,Unknown,1.15,single_plain,ok
844,H2SO4,mScm?1,42,10.1039/C7TA10323A,06/02/2018,,Unknown,42.0,single_plain,ok
845,LiPON,Scm?1,10 ? 2,10.1039/C8TA08761J,16/10/2018,,Unknown,0.01,power_of_ten,ok
846,Polyethylene oxide,Scm?1,5 to 1.7 × 10 ? 5,10.1039/C8TA10124H,05/02/2019,,Unknown,0.009219544457292889,range_to,ok
849,LiOH,Scm?1,0.95 × 10 ? 3,10.1016/S0167-2738(97)00429-3,11/06/1999,,Unknown,0.00095,single_sci,ok
850,Mg(BH4)2,Scm?1,1 × 10 ? 9 and 1 × 10 ? 6,10.1039/C3CC47097K,09/01/2014,,Unknown,3.162277660168379e-08,multi_value,ok
853,LiFePO4,Scm?1,"4.62 × 10 ? 3 , 1.56 × 10 ? 8 and 6.28 × 10 ? 6",10.1039/C3RA44218G,16/10/2013,,Unknown,7.677893302373827e-06,multi_value,ok
854,LiCoO2,Scm?1,"6.5 × 10 ? 5 , 6 × 10 ? 5 , 1.5 × 10 ? 5 , 1.2 × 10 ? 5 and 1.0 × 10 ? 5",10.1039/C5EE01254F,01/07/2015,,Unknown,2.3402778513326935e-05,multi_value,ok
856,LiFePO4,Scm?1, 10 ? 6,10.1039/B501961C,12/08/2005,,Unknown,1e-06,power_of_ten_leading_dash,ok
857,PVdF-HFP,Scm?1,3.0 × 10 ? 3,10.1016/j.electacta.2015.04.106,21/04/2015,,Unknown,0.003,single_sci,ok
858,NaPO3,Scm?1,1.1 × 10 ? 6,10.1016/j.matchemphys.2007.04.044,30/05/2007,,Unknown,1.1e-06,single_sci,ok
859,LiFePO4,Scm?1,10 ? 10,10.1016/j.ceramint.2016.11.141,22/11/2016,,Unknown,1e-10,power_of_ten,ok
860,NaBH4,Scm?1,3.05,10.1039/C4RA05640J,05/09/2014,,Unknown,3.05,single_plain,ok
861,MnO2,Scm?1,10 ? 6,10.1039/C8TA01375F,01/05/2018,,Unknown,1e-06,power_of_ten,ok
862,LiPF6,mScm?1,to 10,10.1039/C3RA41167B,12/08/2013,,Unknown,10.0,open_upper,ok
863,Li2TiF6,Scm?1,2 × 10 ? 4 and 6 × 10 ? 5,10.1039/C5CE00989H,03/08/2015,,Unknown,0.00010954451150103325,multi_value,ok
864,SnS2,Scm?1,10 ? 14,10.1016/j.apsusc.2018.09.241,28/09/2018,,Unknown,1e-14,power_of_ten,ok
865,TiO2,Scm?1,"4.87 × 10 ? 4 , 1.32 × 10 ? 4 and 4.22 × 10 ? 8",10.1016/j.electacta.2017.03.104,16/03/2017,,Unknown,1.3946710340550251e-05,multi_value,ok
866,LiPO3,S/cm,10 ? 8,10.1016/j.physb.2017.11.079,20/12/2017,,Unknown,1e-08,power_of_ten,ok
867,LiOAc,Scm?1,10 ? 5,10.1016/S0014-3057(02)00355-5,27/12/2002,,Unknown,1e-05,power_of_ten,ok
869,LiMnPO4,Scm?1,10 ? 10,10.1039/C4RA01943A,16/06/2014,,Unknown,1e-10,power_of_ten,ok
870,LiPF6,Scm?1,10 ? 4,10.1039/C4EE01432D,12/11/2014,,Unknown,0.0001,power_of_ten,ok
871,C9H4BO2,mScm?1,0.3,10.1039/C9CP02117E,15/05/2019,,Unknown,0.3,single_plain,ok
874,NiOOH,Scm?1,10 ? 8,10.1016/j.electacta.2017.12.065,12/12/2017,,Unknown,1e-08,power_of_ten,ok
875,LiBF4,S/cm,3.2 × 10 ? 3,10.1016/j.ssi.2003.11.040,28/10/2004,,Unknown,0.0032,single_sci,ok
878,PVdF-HFP,Scm?1,5.74 × 10 ? 3,10.1016/j.ssi.2010.01.025,18/02/2010,,Unknown,0.00574,single_sci,ok
879,LiPON,S/cm,-2,10.1016/j.protcy.2014.09.078,01/10/2014,,Unknown,,single_plain,manual_review
881,V2O5,Scm?1,10 ? 3,10.1039/C9RA02923K,21/06/2019,,Unknown,0.001,power_of_ten,ok
882,LiFePO4,Scm?1,10 ? 9,10.1016/j.jallcom.2016.12.430,03/01/2017,,Unknown,1e-09,power_of_ten,ok
883,KFeSO4F,Scm?1,8 × 10 ? 14,10.1039/C5TA05548B,29/09/2015,,Unknown,8e-14,single_sci,ok
886,PVAc(70)DMF(20)LiClO4(10),Scm?1,4.2 × 10 ? 4,10.1016/j.jpowsour.2004.02.025,15/06/2004,,Unknown,0.00042,single_sci,ok
888,LiCoO2,Scm?1,10 ? 3,10.1016/j.jpowsour.2013.01.102,28/01/2013,,Unknown,0.001,power_of_ten,ok
889,TiO2,Scm?1,10 ? 5,10.1039/C6TA02907H,28/06/2016,,Unknown,1e-05,power_of_ten,ok
890,H3PO4,Scm?1,0.053,10.1016/S0167-2738(01)00909-2,22/10/2001,,Unknown,0.053,single_plain,ok
891,Li6PS5Br,Scm?1,9.7 × 10 ? 4,10.1016/j.ceramint.2017.09.241,11/10/2017,,Unknown,0.0009699999999999999,single_sci,ok
892,LiClO4,S/cm,10 ? 6,10.1016/S0032-3861(00)00322-0,07/09/2000,,Unknown,1e-06,power_of_ten,ok
893,90V2O5·10P2O5,Scm?1,2 × 10 ? 3,10.1016/j.jpowsour.2009.02.031,21/02/2009,,Unknown,0.002,single_sci,ok
894,LiFePO4,Scm?1,10 ? 9,10.1039/B901491H,03/06/2009,,Unknown,1e-09,power_of_ten,ok
895,LiPON,Scm?1,1.0 × 10 ? 4,10.1016/j.jpowsour.2003.08.030,30/10/2003,,Unknown,0.0001,single_sci,ok
896,V2O5,Scm?1,2.86 × 10 ? 5,10.1016/j.nanoen.2016.02.004,08/02/2016,,Unknown,2.86e-05,single_sci,ok
897,Polyethylene oxide,Scm?1,10 ? 4,10.1016/j.electacta.2018.10.023,05/10/2018,,Unknown,0.0001,power_of_ten,ok
899,LiFePO4,Scm?1,10 ? 3,10.1016/j.nanoen.2015.06.016,27/06/2015,,Unknown,0.001,power_of_ten,ok
900,MoO3,Scm?1,"9.46 × 10 ? 7 , 8.49 × 10 ? 6 and 2.23 × 10 ? 6",10.1016/j.jallcom.2019.151920,17/08/2019,,Unknown,2.616382465425857e-06,multi_value,ok
902,LiNaSO4,S/cm,to 0.15,10.1016/S0167-2738(01)00849-9,24/07/2001,,Unknown,0.15,open_upper,ok
903,H2SO4,Scm?1,3.2 × 10 ? 2,10.1016/j.matchemphys.2006.10.005,30/11/2006,,Unknown,0.032,single_sci,ok
904,Al2O3,Scm?1,1.15 × 10 ? 4,10.1039/C7SE00441A,30/01/2018,,Unknown,0.00011499999999999999,single_sci,ok
906,Polyethylene oxide,Scm?1,6.23 × 10 ? 5,10.1016/j.solidstatesciences.2012.05.019,26/05/2012,,Unknown,6.230000000000001e-05,single_sci,ok
907,SiO2,mScm?1,8.6,10.1039/C5TA02154E,28/07/2015,,Unknown,8.6,single_plain,ok
908,Li2IrO3,Scm?1,10 ? 1,10.1039/C6CP05162F,19/10/2016,,Unknown,0.1,power_of_ten,ok
909,P222Si-TFSI,mScm?1,1  2,10.1039/C1CC15331E,25/10/2011,,Unknown,,range_dash,manual_review
911,LiCF3SO3,Scm?1,10 ? 5,10.1016/S0032-3861(98)00166-9,16/11/1998,,Unknown,1e-05,power_of_ten,ok
913,LiCl·DMF,Scm?1,10 ? 4,10.1039/C7TA10367K,06/03/2018,,Unknown,0.0001,power_of_ten,ok
914,TiO2,Scm?1,1.72 × 10 ? 4,10.1039/C6RA20649B,26/09/2016,,Unknown,0.000172,single_sci,ok
916,LiPF6,S/cm,3.47 × 10 ? 3,10.1016/S0378-7753(03)00183-6,02/04/2003,,Unknown,0.0034700000000000004,single_sci,ok
917,V2O5,Scm?1, 10 ? 6,10.1016/j.nanoen.2016.02.004,08/02/2016,,Unknown,1e-06,power_of_ten_leading_dash,ok
918,LiMn2O4,Scm?1,5.10 × 10 ? 5,10.1016/j.ceramint.2015.07.026,11/07/2015,,Unknown,5.1e-05,single_sci,ok
920,V2O5,Scm?1,2.42 × 10 ? 6,10.1016/j.apsusc.2014.02.061,22/02/2014,,Unknown,2.4199999999999997e-06,single_sci,ok
921,LiClO4,S/cm,7.54 × 10 ? 3,10.1016/S0167-2738(99)00129-0,16/08/1999,,Unknown,0.00754,single_sci,ok
923,LiFePO4 / C,Scm?1,"4.25 × 10 ? 4 , 5.46 × 10 ? 4 and 6.53 × 10 ? 4",10.1016/j.electacta.2013.02.132,07/03/2013,,Unknown,0.0005331281133183318,multi_value,ok
925,Polyethylene oxide,Scm?1,4.47 × 10 ? 6,10.1039/C7RA01601H,09/05/2017,,Unknown,4.4699999999999996e-06,single_sci,ok
926,TiO2,Scm?1,8.37 × 10 ? 4,10.1016/j.jpowsour.2013.01.167,13/02/2013,,Unknown,0.000837,single_sci,ok
927,70Li2S30P2S5,Scm?1,3.2 × 10 ? 3,10.1039/C4TA04332D,27/01/2015,,Unknown,0.0032,single_sci,ok
928,LiMnPO4,Scm?1, 10 ? 8,10.1016/j.jpowsour.2017.05.067,03/06/2017,,Unknown,1e-08,power_of_ten_leading_dash,ok
929,LiClO4,Scm?1,2.6 × 10 ? 4,10.1016/S0378-7753(01)00902-8,02/01/2002,,Unknown,0.00026000000000000003,single_sci,ok
930,Lithium bis(trifluoromethanesulfonyl)imide,Scm?1,4.8 × 10 ? 4,10.1039/C7TA04599A,29/08/2017,,Unknown,0.00048,single_sci,ok
931,AlCl3NaClKCl,mScm?1,100,10.1039/C8CC00113H,19/04/2018,,Unknown,100.0,power_of_ten,ok
932,LiClO4,S/cm,6.6 × 10 ? 7,10.1016/j.polymer.2009.01.022,15/01/2009,,Unknown,6.599999999999999e-07,single_sci,ok
934,NASICON,Scm?1,1 × 10 ? 3,10.1016/j.ssi.2018.04.025,09/05/2018,,Unknown,0.001,single_sci,ok
935,Nb2O5,Scm?1,3 × 10 ? 6,10.1016/j.mseb.2016.09.004,12/10/2016,,Unknown,3e-06,single_sci,ok
936,K2Cr2O7,S/cm,4.25 × 10 ? 4,10.1016/j.saa.2009.09.042,06/10/2009,,Unknown,0.00042500000000000003,single_sci,ok
938,LiPF6,Scm?1,10.7 × 10 ? 3,10.1016/j.jpowsour.2007.02.032,25/02/2007,,Unknown,0.0107,single_sci,ok
940,TiO2,Scm?1,10 ? 12,10.1039/C6TA07306A,08/11/2016,,Unknown,1e-12,power_of_ten,ok
941,LiN(CF3SO2)2,S/cm,10 ? 4,10.1016/S0167-2738(02)00215-1,14/05/2002,,Unknown,0.0001,power_of_ten,ok
942,NaCl,mS/cm,35,10.1016/j.desal.2007.01.066,19/01/2008,,Unknown,35.0,single_plain,ok
943,PVC / PEO : KCl,S/cm,8.29 × 10 ? 6,10.1016/j.measurement.2013.08.047,29/08/2013,,Unknown,8.289999999999999e-06,single_sci,ok
946,La0.9Ba0.1F2.9,Scm?1,2.0 × 10 ? 4,10.1039/C1JM13535J,25/10/2011,,Unknown,0.0002,single_sci,ok
948,LiFePO4,Scm?1,1.1 × 10 ? 1,10.1016/j.jpowsour.2012.09.040,20/09/2012,,Unknown,0.11000000000000001,single_sci,ok
949,LiFePO4,Scm?1,1.0 × 10 ? 14,10.1039/C5TA01529D,28/04/2015,,Unknown,1e-14,single_sci,ok
951,Li2MnSiO4,Scm?1,10 ? 16,10.1016/j.jelechem.2012.10.014,29/10/2012,,Unknown,1e-16,power_of_ten,ok
952,Li2S,Scm?1,10 ? 7,10.1039/C6TA05439K,11/10/2016,,Unknown,1e-07,power_of_ten,ok
953,LFP / C,Scm?1,2.43 × 10 ? 2,10.1016/j.electacta.2017.11.126,21/11/2017,,Unknown,0.024300000000000002,single_sci,ok
954,SiO2,Scm?1,3,10.1016/j.jpowsour.2011.07.079,29/07/2011,,Unknown,3.0,single_plain,ok
956,SiO2,mScm?1,6.8 to 7.9,10.1039/C3TA14558A,15/04/2014,,Unknown,7.329392880723478,range_to,ok
957,LiFePO4,Scm?1, 10 ? 10,10.1016/j.jpowsour.2012.07.128,09/08/2012,,Unknown,1e-10,power_of_ten_leading_dash,ok
958,MoS2,Scm?1,to 6.6 × 10 ? 3,10.1016/j.jallcom.2017.09.201,21/09/2017,,Unknown,0.0066,open_upper,ok
959,LiPF6,mS/cm,1.32,10.1016/S0378-7753(03)00154-X,28/03/2003,,Unknown,1.32,single_plain,ok
960,Mn3O4,Scm?1, 10 ? 8,10.1016/j.jallcom.2015.01.067,19/01/2015,,Unknown,1e-08,power_of_ten_leading_dash,ok
961,MnCo2O4,Scm?1,0.3,10.1039/C5TA03017J,28/07/2015,,Unknown,0.3,single_plain,ok
962,NH4NO3,Scm?1,1.02 × 10 ? 3,10.1016/j.carbpol.2016.09.026,11/09/2016,,Unknown,0.00102,single_sci,ok
963,NaCl,mScm?1,50,10.1039/C6CP03939A,24/08/2016,,Unknown,50.0,single_plain,ok
964,LiFePO4,Scm?1,10 ? 9,10.1016/j.vacuum.2010.02.011,23/02/2010,,Unknown,1e-09,power_of_ten,ok
967,LiClO4,Scm?1,10 ? 4,10.1016/S0013-4686(00)00732-5,20/03/2001,,Unknown,0.0001,power_of_ten,ok
969,TiO2,Scm?1,10  12,10.1016/j.scib.2019.06.022,26/06/2019,,Unknown,1e-12,power_of_ten,ok
970,LiPF6,mS/cm,4.2,10.1016/S0378-7753(01)00695-4,03/07/2001,,Unknown,4.2,single_plain,ok
971,LiClO4,S/cm,7.1 × 10 ? 4 and 1.8 × 10 ? 3,10.1016/j.electacta.2006.09.070,07/11/2006,,Unknown,0.001130486620885006,multi_value,ok
972,LiFePO4,Scm?1,6.76 × 10 ? 5,10.1016/j.jallcom.2010.05.173,15/06/2010,,Unknown,6.76e-05,single_sci,ok
973,LiFePO4,Scm?1,8.0 × 10 ? 7,10.1016/j.jpowsour.2010.05.048,31/05/2010,,Unknown,8e-07,single_sci,ok
975,SnO2,Scm?1,9.5 to 21.5,10.1039/C3TA15255C,25/03/2014,,Unknown,14.29160592795645,range_to,ok
976,TiO2,Scm?1,9.54 × 10 ? 4 and 6.83 × 10 ? 3,10.1016/j.jpowsour.2013.01.167,13/02/2013,,Unknown,0.0025526104285613195,multi_value,ok
978,NH4Br @ HKUST-1,Scm?1,10 ? 4,10.1039/C6DT00290K,04/05/2016,,Unknown,0.0001,power_of_ten,ok
980,NaOH,Scm?1,0.2,10.1016/j.ijhydene.2013.09.036,04/10/2013,,Unknown,0.2,single_plain,ok
981,LiFePO4,Scm?1,10 ? 8,10.1016/j.jpowsour.2016.03.070,04/04/2016,,Unknown,1e-08,power_of_ten,ok
983,Na0.44MnO2,Scm?1,2 × 10 ? 6,10.1039/C9TA03844B,04/06/2019,,Unknown,2e-06,single_sci,ok
986,LiNbO3,Scm?1,1.0 × 10 ? 5,10.1016/j.jechem.2019.08.007,20/08/2019,,Unknown,1e-05,single_sci,ok
987,Li2S,Scm?1,10 ? 5.9,10.1016/S0013-4686(03)00178-6,29/04/2003,,Unknown,,unknown,manual_review
988,P1113FSI,mScm?1,7.3,10.1039/C5CP00205B,27/03/2015,,Unknown,7.3,single_plain,ok
990,LFP / C,Scm?1,3.67 × 10 ? 3,10.1016/j.matchemphys.2015.09.018,26/09/2015,,Unknown,0.00367,single_sci,ok
991,LiFePO4 / C,Scm?1,6.615 × 10 ? 3,10.1016/j.electacta.2012.03.181,28/04/2012,,Unknown,0.006615,single_sci,ok
992,Al2O3,mScm?1,0.78,10.1016/j.jpowsour.2011.06.055,22/06/2011,,Unknown,0.78,single_plain,ok
993,Fe3O4,Scm?1,"2.38 × 10 ? 9 , 7.96 × 10 ? 9 and 2.73 × 10 ? 8",10.1016/j.jcis.2017.11.054,21/11/2017,,Unknown,8.026956152049714e-09,multi_value,ok
994,MnO2,S/cm, 10 ? 6,10.1016/j.apsusc.2017.04.069,21/04/2017,,Unknown,1e-06,power_of_ten_leading_dash,ok
995,Ti8O15,Scm?1,20.6,10.1039/C4NR05806B,05/02/2015,,Unknown,20.6,single_plain,ok
997,LiPF6,mScm?1,2.6,10.1016/j.electacta.2011.04.105,07/05/2011,,Unknown,2.6,single_plain,ok
998,70Li2S·30P2S5-220,Scm?1,1.1 × 10 ? 5 and 3.7 × 10 ? 6,10.1039/C7QI00737J,13/02/2018,,Unknown,6.379655163094635e-06,multi_value,ok
999,LiPON,S/cm,6.4 × 10 ? 6,10.1016/j.ijhydene.2014.01.012,01/02/2014,,Unknown,6.4e-06,single_sci,ok
1002,LiPON,Scm?1,10 ? 6,10.1016/j.jallcom.2018.07.153,20/07/2018,,Unknown,1e-06,power_of_ten,ok
1003,Li1+x+yAlxTi2?xSiyP3?yO12,Scm?1,10 ? 4,10.1039/C5CC09642A,11/02/2016,,Unknown,0.0001,power_of_ten,ok
1004,CuCl2,S/cm,10 ? 3,10.1016/j.solmat.2012.03.019,03/05/2012,,Unknown,0.001,power_of_ten,ok
1005,H2 / Ar,Scm?1,to 2,10.1016/j.matchemphys.2011.01.009,01/02/2011,,Unknown,2.0,open_upper,ok
1006,PVdF-HFP,mScm?1,0.657,10.1016/j.jpowsour.2015.04.182,15/05/2015,,Unknown,0.657,single_plain,ok
1007,LiV3O8,S/cm,2.4 × 10 ? 7,10.1016/j.ensm.2016.02.002,13/02/2016,,Unknown,2.4e-07,single_sci,ok
1008,Li2O,Scm?1,1.43 × 10 ? 3 and 2.1 × 10 ? 4,10.1016/j.jpowsour.2014.10.146,29/10/2014,,Unknown,0.0005479963503528102,multi_value,ok
1010,LiClO4,S/cm,1.3 × 10 ? 4,10.1016/S0013-4686(02)00603-5,07/11/2002,,Unknown,0.00013000000000000002,single_sci,ok
1011,LiCF3SO3,Scm?1,10 ? 4,10.1016/S0167-2738(02)00490-3,25/09/2002,,Unknown,0.0001,power_of_ten,ok
1012,MnOx,Scm?1,10 ? 6,10.1039/C5TA02440D,23/06/2015,,Unknown,1e-06,power_of_ten,ok
1014,Nb2O5,Scm?1,3.4 × 10 ? 6,10.1016/j.jpowsour.2018.10.080,02/11/2018,,Unknown,3.3999999999999996e-06,single_sci,ok
1015,Polyethylene oxide,Scm?1,7 × 10 ? 5,10.1016/j.ensm.2018.03.016,20/03/2018,,Unknown,7.000000000000001e-05,single_sci,ok
1016,V2O5,S/cm,0.2,10.1016/j.electacta.2013.07.180,03/08/2013,,Unknown,0.2,single_plain,ok
1017,LiFePO4,Scm?1,6.5 × 10 ? 4,10.1016/j.electacta.2019.01.057,12/01/2019,,Unknown,0.0006500000000000001,single_sci,ok
1018,LiPF6,Scm?1,1.21 × 10 ? 4 to 1.64 × 10 ? 2,10.1016/j.ssi.2003.11.024,03/02/2004,,Unknown,0.0014086873322352264,range_to,ok
1020,MoS2,Scm?1,10  100,10.1039/C7TC00838D,22/06/2017,,Unknown,1e-100,power_of_ten,ok
1023,LiFePO4,Scm?1,9,10.1016/j.jallcom.2013.04.149,29/04/2013,,Unknown,9.0,single_plain,ok
1024,LiBF4,mS/cm,5.902,10.1016/j.solmat.2007.03.036,27/09/2007,,Unknown,5.902,single_plain,ok
1025,LiPF6,S/cm,0.082,10.1016/S0140-6701(00)94427-8,24/11/2003,,Unknown,0.082,single_plain,ok
1026,TiO2(B),Scm?1,2.35 × 10 ? 5,10.1039/C5TA06850A,20/10/2015,,Unknown,2.3500000000000002e-05,single_sci,ok
1027,LiCoPO4,Scm?1,10 ? 10,10.1016/j.jallcom.2018.04.098,10/04/2018,,Unknown,1e-10,power_of_ten,ok
1028,LiFePO4,Scm?1,"1.12 × 10 ? 2 , 1.09 × 10 ? 2 , 9.95 × 10 ? 3 and 9.92 × 10 ? 3",10.1016/j.jallcom.2010.07.003,07/07/2010,,Unknown,0.010477189966810019,multi_value,ok
1029,LTO / C,Scm?1,6.8 × 10 ? 8 to 1.66 × 10 ? 7,10.1039/C5RA11586H,02/09/2015,,Unknown,1.0624499988234742e-07,range_to,ok
1031,LiFSI / PEO,Scm?1,3.0 × 10 ? 6,10.1016/j.electacta.2014.04.099,24/04/2014,,Unknown,3e-06,single_sci,ok
1033,V2O5,Scm?1,10 ? 3,10.1039/C3EE24134C,20/02/2013,,Unknown,0.001,power_of_ten,ok
1035,SnS2,Scm?1,? 7 to 0.9,10.1016/j.actamat.2014.08.053,04/10/2014,,Unknown,,unknown,manual_review
1037,TiO2,Scm?1,4.19 × 10 ? 4,10.1016/j.jpowsour.2013.01.167,13/02/2013,,Unknown,0.00041900000000000005,single_sci,ok
1038,LiFePO4,Scm?1,10 ? 10,10.1039/C5TA05358G,22/09/2015,,Unknown,1e-10,power_of_ten,ok
1040,Lithium bis(trifluoromethanesulfonyl)imide,Scm?1,1.35 × 10 ? 4,10.1016/j.electacta.2012.03.021,21/03/2012,,Unknown,0.00013500000000000003,single_sci,ok
1042,LiNaSO4,S/cm,0.1,10.1016/S0167-2738(01)00849-9,24/07/2001,,Unknown,0.1,single_plain,ok
1043,H2SO4,S/cm,10.86 × 10 ? 2,10.1016/j.memsci.2019.01.008,10/01/2019,,Unknown,0.1086,single_sci,ok
1044,PEO / 3PMALC-PPEGMA / 10-BPCN,S/cm,1.3 × 10 ? 5,10.1016/j.electacta.2013.11.072,07/12/2013,,Unknown,1.3000000000000001e-05,single_sci,ok
1046,Polyethylene oxide,Scm?1,2.7 × 10 ? 5,10.1016/j.nanoen.2019.03.051,18/03/2019,,Unknown,2.7000000000000002e-05,single_sci,ok
1048,Li2O2,Scm?1,3.4 × 10 ? 13,10.1039/C8CP01211C,27/06/2018,,Unknown,3.4e-13,single_sci,ok
1049,TiO2,Scm?1,"3.46 × 10 ? 3 , 5.69 × 10 ? 5 and 3.14 × 10 ? 5",10.1016/j.jpowsour.2017.07.004,17/07/2017,,Unknown,0.00018352955197244064,multi_value,ok
1050,LiFePO4,Scm?1,10 ? 5,10.1016/j.electacta.2006.08.069,28/11/2006,,Unknown,1e-05,power_of_ten,ok
1051,LiBF4,Scm?1,10 ? 5,10.1016/j.jpowsour.2009.10.083,10/11/2009,,Unknown,1e-05,power_of_ten,ok
1053,Polyethylene oxide,Scm?1,10 ? 6,10.1016/j.jpowsour.2005.09.041,08/11/2005,,Unknown,1e-06,power_of_ten,ok
1054,P2S5,Scm?1,1.3 × 10 ? 3,10.1016/j.jpowsour.2006.04.037,24/05/2006,,Unknown,0.0013000000000000002,single_sci,ok
1055,P2O5,Scm?1,7.0 × 10 ? 11 and 3.0 × 10 ? 10,10.1016/j.jpowsour.2005.03.063,25/05/2005,,Unknown,1.4491376746189443e-10,multi_value,ok
1056,LiFePO4,Scm?1,10 ? 1,10.1016/j.electacta.2015.05.071,15/05/2015,,Unknown,0.1,power_of_ten,ok
1057,Li2FeSiO4,S/cm,1.32 × 10 ? 8 and 2.8 × 10 ? 8,10.1016/j.ssi.2018.03.025,27/03/2018,,Unknown,1.9224983745116682e-08,multi_value,ok
1058,Mg(ClO4)2,Scm?1,10 ? 5,10.1016/S0013-4686(99)00341-2,27/12/1999,,Unknown,1e-05,power_of_ten,ok
1059,Mg(ClO4)2,Scm?1,10 ? 4,10.1016/S0013-4686(99)00341-2,27/12/1999,,Unknown,0.0001,power_of_ten,ok
1060,LiFePO4,S/cm,1,10.1016/j.ssi.2008.01.065,06/03/2008,,Unknown,1.0,single_plain,ok
1063,LiCoO2 / graphite,mScm?1,25,10.1039/C6CS00875E,22/05/2017,,Unknown,25.0,single_plain,ok
1064,LiNbO3,mScm?1,0.26 to 0.59,10.1016/j.apenergy.2017.07.054,04/08/2017,,Unknown,0.3916631205513228,range_to,ok
1065,Mg(ClO4)2,Scm?1,5 × 10 ? 4,10.1039/C8ME00096D,08/04/2019,,Unknown,0.0005,single_sci,ok
1066,MnO2,Scm?1,10 ? 6,10.1039/C3TA13148C,24/09/2013,,Unknown,1e-06,power_of_ten,ok
1068,LiFSI / PEO,Scm?1,6.1 × 10 ? 4,10.1016/j.electacta.2014.04.099,24/04/2014,,Unknown,0.00061,single_sci,ok
1072,TiO2,S/cm,7.1 × 10 ? 4 and 1.8 × 10 ? 3,10.1016/j.electacta.2006.09.070,07/11/2006,,Unknown,0.001130486620885006,multi_value,ok
1074,LiPON / A-LLTO,Scm?1,2.25 × 10 ? 4 and 7.8 × 10 ? 7,10.1039/C5TA06374D,03/11/2015,,Unknown,1.3247641299491779e-05,multi_value,ok
1075,Polyethylene oxide,Scm?1,3.36 × 10 ? 7,10.1016/j.solidstatesciences.2012.05.019,26/05/2012,,Unknown,3.36e-07,single_sci,ok
1076,LiFePO4,Scm?1,2.07 × 10 ? 3 and 1.43 × 10 ? 8,10.1039/C1JM12291F,20/09/2011,,Unknown,5.440680104545749e-06,multi_value,ok
1078,70Li2S30P2S5,Scm?1,10 ? 6,10.1039/C4TA04332D,27/01/2015,,Unknown,1e-06,power_of_ten,ok
1079,LiClO4,Scm?1,8.35 × 10 ? 5,10.1016/j.jpowsour.2007.04.041,25/04/2007,,Unknown,8.35e-05,single_sci,ok
1080,LiPON,S/cm,10 ? 7,10.1016/j.joule.2019.02.006,21/03/2019,,Unknown,1e-07,power_of_ten,ok
1081,LiCoO2,Scm?1,10 ? 10,10.1016/j.jallcom.2012.10.092,29/10/2012,,Unknown,1e-10,power_of_ten,ok
1082,NaCl,mS/cm,35,10.1016/j.desal.2005.02.066,05/11/2005,,Unknown,35.0,single_plain,ok
1084,TiO2,Scm?1,10 ? 3,10.1039/C8GC03086C,04/02/2019,,Unknown,0.001,power_of_ten,ok
1085,V2O5,Scm?1,10 ? 3,10.1039/C5CE00554J,01/09/2015,,Unknown,0.001,power_of_ten,ok
1086,LiPO3,S/cm,2,10.1016/j.ssi.2008.04.015,17/06/2008,,Unknown,2.0,single_plain,ok
1087,SnO2,S/cm,3.12 × 10 ? 1,10.1016/j.synthmet.2012.10.004,05/12/2012,,Unknown,0.31200000000000006,single_sci,ok
1088,SiO2,Scm?1,2.3 × 10 ? 3 to 4.3 × 10 ? 3,10.1016/j.electacta.2009.05.081,09/06/2009,,Unknown,0.0031448370387032803,range_to,ok
1089,Fe2O3,Scm?1,1.5 × 10 ? 4 and 2.4 × 10 ? 4,10.1039/C3TA10247E,07/05/2013,,Unknown,0.00018973665961010287,multi_value,ok
1091,LiCF3SO3,Scm?1,1.98 × 10 ? 5,10.1016/j.jpowsour.2008.04.048,29/04/2008,,Unknown,1.98e-05,single_sci,ok
1093,LiClO4,Scm?1,3 × 10 ? 5,10.1016/S0378-7753(99)00529-7,24/05/2000,,Unknown,3.0000000000000004e-05,single_sci,ok
1094,Ta2O5 : H,S/cm,2 × 10 ? 9,10.1016/j.vacuum.2008.04.018,12/04/2008,,Unknown,2e-09,single_sci,ok
1095,LiFePO4,Scm?1,10 ? 1,10.1016/j.jpowsour.2005.10.072,28/11/2005,,Unknown,0.1,power_of_ten,ok
1096,LiPON,S/cm,3.1 × 10 ? 6,10.1016/j.cossms.2013.10.002,01/11/2013,,Unknown,3.1e-06,single_sci,ok
1097,TiO2,Scm?1,to 3.8 × 10 ? 8,10.1016/j.electacta.2012.08.126,07/09/2012,,Unknown,3.7999999999999996e-08,open_upper,ok
1100,LiClO4,Scm?1,6 × 10 ? 3 to 3.6 × 10 ? 2,10.1016/S0167-2738(00)00723-2,30/10/2000,,Unknown,0.014696938456699072,range_to,ok
1101,LiFePO4,S/cm,1.2 × 10 ? 1,10.1016/j.electacta.2009.09.056,26/09/2009,,Unknown,0.12,single_sci,ok
1103,LiVPO4F,Scm?1,5.3 × 10 ? 8,10.1016/j.jpcs.2015.07.013,17/07/2015,,Unknown,5.3e-08,single_sci,ok
1104,ZrO2,Scm?1,4.6 × 10 ? 5 and 1.9 × 10 ? 4,10.1016/S0167-577X(00)00103-8,16/08/2000,,Unknown,9.348796714016196e-05,multi_value,ok
1105,Co3O4,Scm?1,5,10.1016/j.solidstatesciences.2018.10.005,10/10/2018,,Unknown,5.0,single_plain,ok
1106,LiMnPO4,S/cm,10-Mar,10.1016/j.elecom.2011.07.005,23/07/2011,,Unknown,,unknown,manual_review
1107,MnO2,Scm?1,1.5,10.1016/j.jpowsour.2015.05.115,06/06/2015,,Unknown,1.5,single_plain,ok
1108,LiFePO4,Scm?1,1.55 × 10 ? 9 and 1.44 × 10 ? 9,10.1016/j.jpowsour.2006.09.082,17/11/2006,,Unknown,1.4939879517586465e-09,multi_value,ok
1109,H3PO4,Scm?1,1.4 × 10 ? 2,10.1016/j.cclet.2016.06.046,11/07/2016,,Unknown,0.013999999999999999,single_sci,ok
1111,LiClO4,Scm?1,10 ? 3,10.1016/S0013-4686(99)00377-1,27/12/1999,,Unknown,0.001,power_of_ten,ok
1112,LiCoO2,Scm?1,10 ? 5,10.1016/j.jpowsour.2016.03.070,04/04/2016,,Unknown,1e-05,power_of_ten,ok
1113,SiO2,Scm?1,2.5 × 10 ? 3 to 2.9 × 10 ? 3,10.1016/j.electacta.2014.11.083,15/11/2014,,Unknown,0.00269258240356725,range_to,ok
1114,V[Cr(CN)6]2 / 3·zH2O,Scm?1,1.6 × 10 ? 3,10.1039/C0DT01829E,21/06/2011,,Unknown,0.0016,single_sci,ok
1115,Ce0.6Ca0.4VO3,mScm?1,0.3,10.1039/C1JM10960J,06/06/2011,,Unknown,0.3,single_plain,ok
1116,Ti4O7,Scm?1,0.3,10.1039/C5CP05296C,03/02/2016,,Unknown,0.3,single_plain,ok
1117,Li1.3Ti1.8Fe0.1Ca0.1(PO4)3,S/cm,4,10.1016/j.ssi.2013.09.012,29/09/2013,,Unknown,4.0,single_plain,ok
1118,Mn(III),Scm?1,10 ? 10,10.1039/C5CP02665B,08/07/2015,,Unknown,1e-10,power_of_ten,ok
1120,Li4SiO4,Scm?1,10 ? 3,10.1016/S0022-3093(00)00180-0,21/08/2000,,Unknown,0.001,power_of_ten,ok
1123,LiSO3CF3,S/cm,10 ? 5,10.1016/S0167-2738(00)00807-9,05/02/2001,,Unknown,1e-05,power_of_ten,ok
1124,NaOH,S/cm,10 ? 2,10.1016/j.memsci.2005.07.009,18/08/2005,,Unknown,0.01,power_of_ten,ok
1126,NaCl,mS/cm,7,10.1016/j.desal.2010.05.006,02/06/2010,,Unknown,7.0,single_plain,ok
1128,LiMn2O4,Scm?1,10 ? 2,10.1016/j.matchemphys.2019.01.050,22/01/2019,,Unknown,0.01,power_of_ten,ok
1129,LiClO4,Scm?1,10 ? 7,10.1016/S0378-7753(99)00529-7,24/05/2000,,Unknown,1e-07,power_of_ten,ok
1130,LiFePO4 / graphene,Scm?1,18.9,10.1039/C3TA12422C,10/09/2013,,Unknown,18.9,single_plain,ok
1132,LiBF4,mScm?1,to 9.5,10.1016/j.jpowsour.2004.12.035,20/02/2005,,Unknown,9.5,open_upper,ok
1134,LiNi0.5Mn1.5O4,Scm?1,6.8 × 10 ? 3,10.1016/j.electacta.2014.01.124,04/02/2014,,Unknown,0.0068,single_sci,ok
1137,MoS2,Scm?1,9.8,10.1016/j.cej.2019.04.203,29/04/2019,,Unknown,9.8,single_plain,ok
1138,Li6.5La3Zr1.3Nb0.6Gd0.1O12,Scm?1,6.28 × 10 ? 4,10.1016/j.ceramint.2019.06.002,04/06/2019,,Unknown,0.0006280000000000001,single_sci,ok
1140,LiBF4,S/cm,0.52,10.1016/S0378-7753(00)00373-6,24/05/2000,,Unknown,0.52,single_plain,ok
1141,LiFePO4,Scm?1,10 ? 10,10.1039/C9CP00408D,15/05/2019,,Unknown,1e-10,power_of_ten,ok
1143,LiPF6,S/cm,0.082,10.1016/S0378-7753(00)00373-6,24/05/2000,,Unknown,0.082,single_plain,ok
1144,LiAlPEG,Scm?1,3.1 × 10 ? 6 and 9.0 × 10 ? 6,10.1039/C8NR00573G,29/03/2018,,Unknown,5.282045058497707e-06,multi_value,ok
1145,Li2MnSiO4,Scm?1,5 × 10 ? 16,10.1016/j.jpowsour.2012.12.071,24/12/2012,,Unknown,5e-16,single_sci,ok
1146,Li2S,Scm?1,10 ? 13,10.1016/j.carbon.2017.07.096,01/08/2017,,Unknown,1e-13,power_of_ten,ok
1147,LiN(CF3SO2)2,Scm?1,6.4 × 10 ? 3,10.1016/j.electacta.2011.04.079,04/05/2011,,Unknown,0.0064,single_sci,ok
1148,La9.33(SiO4)6O2,Scm?1,1.1 × 10 ? 4,10.1039/B704426G,14/08/2007,,Unknown,0.00011000000000000002,single_sci,ok
1149,LiCoO2,S/cm,10 ? 6,10.1016/j.cossms.2012.05.002,15/06/2012,,Unknown,1e-06,power_of_ten,ok
1151,Lithium bis(trifluoromethanesulfonyl)imide,Scm?1,3 × 10 ? 5,10.1039/C0CS00081G,18/04/2011,,Unknown,3.0000000000000004e-05,single_sci,ok
1153,FeO6,Scm?1, 10 ? 10,10.1039/C2RA22965J,11/02/2013,,Unknown,1e-10,power_of_ten_leading_dash,ok
1155,20Li2OXZrO215P2O5(65-X)SiO2,S/cm,4,10.1016/j.ssi.2013.10.034,16/11/2013,,Unknown,4.0,single_plain,ok
1158,LiPON,Scm?1,10 ? 13,10.1016/j.jpowsour.2018.05.023,26/05/2018,,Unknown,1e-13,power_of_ten,ok
1159,LiPON,Scm?1,8.10 × 10 ? 7 and 9.27 × 10 ? 7,10.1016/j.tsf.2019.06.055,29/06/2019,,Unknown,8.665275529375854e-07,multi_value,ok
1160,TiO2,Scm?1,2.28 × 10 ? 3 and 1.78 × 10 ? 3,10.1016/j.ssi.2019.05.017,03/06/2019,,Unknown,0.0020145470955031074,multi_value,ok
1161,LiBF4,Scm?1,10 ? 4,10.1016/j.eurpolymj.2004.09.001,14/10/2004,,Unknown,0.0001,power_of_ten,ok
1162,Li0.66FeF3·0.33H2O,Scm?1,7.0 × 10 ? 8,10.1039/C5TA03327F,28/07/2015,,Unknown,7e-08,single_sci,ok
1163,Ce0.975Sr0.025F2.975,Scm?1,3 × 10 ? 4,10.1039/C6DT04714A,14/03/2017,,Unknown,0.00030000000000000003,single_sci,ok
1164,Li3BO3,Scm?1,3.6 × 10 ? 6,10.1016/j.ssi.2015.10.009,07/11/2015,,Unknown,3.6e-06,single_sci,ok
1165,LiClO4,Scm?1,2.5 × 10 ? 5,10.1016/S0013-4686(99)00013-4,02/05/2000,,Unknown,2.5e-05,single_sci,ok
1166,H2SO4,Scm?1,to 1,10.1016/j.cap.2010.12.001,22/12/2010,,Unknown,1.0,open_upper,ok
1167,LiClO4,S/cm,2.0 × 10 ? 8 to 7.2 × 10 ? 8,10.1016/j.electacta.2006.08.007,09/10/2006,,Unknown,3.7947331922020574e-08,range_to,ok
1170,Li14Zn(GeO4)4,Scm?1,10 ? 7,10.1016/j.ssi.2004.02.025,24/05/2004,,Unknown,1e-07,power_of_ten,ok
1171,LiPF6,Scm?1,1,10.1016/S0378-7753(99)00470-X,05/04/2000,,Unknown,1.0,single_plain,ok
1172,LTO / C,Scm?1,6.56 × 10 ? 4,10.1016/j.jallcom.2016.02.095,12/02/2016,,Unknown,0.000656,single_sci,ok
1174,LiSO3CF3,S/cm,4 × 10 ? 5,10.1016/S0167-2738(00)00807-9,05/02/2001,,Unknown,4e-05,single_sci,ok
1176,Fe2P,Scm?1,10 ? 1,10.1016/j.matchemphys.2009.09.017,13/10/2009,,Unknown,0.1,power_of_ten,ok
1177,MoS2,Scm?1,12.4,10.1016/j.nanoen.2019.104061,29/08/2019,,Unknown,12.4,single_plain,ok
1178,NH4Br,Scm?1,10 ? 4,10.1016/j.electacta.2014.02.074,27/02/2014,,Unknown,0.0001,power_of_ten,ok
1179,FeCl3,S/cm,1.7,10.1016/j.synthmet.2008.08.003,25/09/2008,,Unknown,1.7,single_plain,ok
1180,Na3V2(PO4)3,Scm?1,3.1 × 10 ? 2,10.1016/j.electacta.2018.10.007,03/10/2018,,Unknown,0.031000000000000003,single_sci,ok
1181,MgCl2AlPh3,mScm?1,0.26,10.1039/C3TA14825D,11/02/2014,,Unknown,0.26,single_plain,ok
1183,LiPF6,mScm?1,1.5,10.1039/C2EE23686A,23/01/2013,,Unknown,1.5,single_plain,ok
1184,Li2CO3,Scm?1,10 ? 7,10.1016/j.jpowsour.2016.04.017,13/04/2016,,Unknown,1e-07,power_of_ten,ok
1185,LiCoO2,mScm?1,7,10.1016/j.jpowsour.2007.06.155,27/06/2007,,Unknown,7.0,single_plain,ok
1186,LiCoO2,Scm?1,3,10.1016/j.jallcom.2011.06.054,29/06/2011,,Unknown,3.0,single_plain,ok
1187,Ce0.7Ca0.3VO3,Scm?1,0.23,10.1039/C1JM10960J,06/06/2011,,Unknown,0.23,single_plain,ok
1188,LiMnPO4,S/cm,10  8,10.1016/j.jechem.2017.11.006,14/11/2017,,Unknown,1e-08,power_of_ten,ok
1189,MoO3,Scm?1,10 ? 2,10.1039/C4CS00350K,10/04/2015,,Unknown,0.01,power_of_ten,ok
1190,TiO2,S/cm,7.4 × 10 ? 3,10.1016/j.nanoen.2018.02.036,21/02/2018,,Unknown,0.0074,single_sci,ok
1191,Co3O4,Scm?1,8.27 × 10 ? 4,10.1039/C4TA00561A,08/04/2014,,Unknown,0.000827,single_sci,ok
1194,Li2S,Scm?1,5 × 10 ? 30,10.1039/C8SE00185E,25/09/2018,,Unknown,5.0000000000000004e-30,single_sci,ok
1195,LiCoO2,Scm?1,1.6 × 10 ? 4,10.1016/j.pmatsci.2017.04.007,08/04/2017,,Unknown,0.00016,single_sci,ok
1196,LiBF4,S/cm,0.52,10.1016/S0140-6701(00)94424-2,24/11/2003,,Unknown,0.52,single_plain,ok
1197,LiCoPO4,Scm?1,10 ? 3,10.1039/C8RA08785G,04/01/2019,,Unknown,0.001,power_of_ten,ok
1198,LiBF4,Scm?1,8.6 × 10 ? 6,10.1016/j.electacta.2011.06.015,12/06/2011,,Unknown,8.599999999999999e-06,single_sci,ok
1199,CoCl2,Scm?1,12.2,10.1039/C3RA41617H,15/07/2013,,Unknown,12.2,single_plain,ok
1200,Li2S,Scm?1, 10 ? 11,10.1016/S0013-4686(03)00178-6,29/04/2003,,Unknown,1e-11,power_of_ten_leading_dash,ok
1201,Polyethylene oxide,Scm?1,10 ? 2,10.1016/j.electacta.2005.07.027,01/09/2005,,Unknown,0.01,power_of_ten,ok
1203,LiClO4,Scm?1,10 ? 4,10.1016/0167-2738(90)90082-3,30/08/2002,,Unknown,0.0001,power_of_ten,ok
1205,Fe3O4,Scm?1,6,10.1016/j.electacta.2017.12.061,11/12/2017,,Unknown,6.0,single_plain,ok
1206,Li14Zn(GeO4)4,Scm?1,6.4 × 10 ? 4 and 2.2 × 10 ? 3,10.1016/j.jpowsour.2010.12.020,21/12/2010,,Unknown,0.001186591757935306,multi_value,ok
1207,Li2O,Scm?1,1 × 10 ? 4,10.1039/C8NR08849G,17/01/2019,,Unknown,0.0001,single_sci,ok
1208,La0.9Ba0.1F2.9,S/cm,2.8 × 10 ? 4,10.1016/j.jssc.2017.06.007,13/06/2017,,Unknown,0.00028,single_sci,ok
1210,Na3Zr2(SiO4)2PO4,mScm?1,0.7,10.1016/j.cplett.2018.04.037,26/04/2018,,Unknown,0.7,single_plain,ok
1211,Hydroxide,mS/cm,22,10.1016/j.desal.2013.12.039,07/02/2014,,Unknown,22.0,single_plain,ok
1212,Hydroxide,mScm?1,60  100,10.1039/C6EE03079C,18/01/2017,,Unknown,,range_dash,manual_review
1213,NH4Br,mScm?1,206,10.1039/C7TA04975G,24/10/2017,,Unknown,206.0,single_plain,ok
1214,SiO2,mScm?1,1.41 to 2.40,10.1016/j.jpowsour.2013.05.142,05/06/2013,,Unknown,1.839565166010707,range_to,ok
1215,70Li2S30P2S5,Scm?1,1.9 × 10 ? 3 to 3.1 × 10 ? 3,10.1039/C4TA04332D,27/01/2015,,Unknown,0.0024269322199023204,range_to,ok
1216,SiO2,S/cm,8.5 × 10 ? 7,10.1016/j.solmat.2011.11.021,15/12/2011,,Unknown,8.499999999999999e-07,single_sci,ok
1217,LiPON,Scm?1,? 7  2 × 10 ? 6,10.1016/j.electacta.2013.08.053,20/08/2013,,Unknown,,unknown,manual_review
1219,H3PO4,Scm?1,1.8 × 10 ? 2,10.1016/j.ijhydene.2010.01.047,24/02/2010,,Unknown,0.018000000000000002,single_sci,ok
1221,LiFePO4,Scm?1,4 × 10 ? 3,10.1016/j.jpowsour.2006.10.010,13/11/2006,,Unknown,0.004,single_sci,ok
1222,LiCoO2,Scm?1,3,10.1016/j.jpowsour.2013.03.136,02/04/2013,,Unknown,3.0,single_plain,ok
1223,LiNi0.5Mn1.5O4,Scm?1,7.23 × 10 ? 7,10.1016/j.jallcom.2010.12.188,05/01/2011,,Unknown,7.23e-07,single_sci,ok
1224,SiO2,Scm?1,1.7 × 10 ? 3 to 4.7 × 10 ? 3,10.1016/j.matchemphys.2011.01.046,12/02/2011,,Unknown,0.002826658805020516,range_to,ok
1225,P(S-EO),Scm?1,10 ? 4,10.1039/C4RA15953E,23/01/2015,,Unknown,0.0001,power_of_ten,ok
1226,P2S5,Scm?1,2.4 × 10 ? 4 to 6.0 × 10 ? 4,10.1016/j.jpowsour.2014.03.036,19/03/2014,,Unknown,0.0003794733192202058,range_to,ok
1227,SiO2 / Si,Scm?1,40,10.1039/C7CS00315C,02/10/2017,,Unknown,40.0,single_plain,ok
1228,Fe2O3,S/cm,10 ? 5,10.1016/j.electacta.2014.03.068,23/03/2014,,Unknown,1e-05,power_of_ten,ok
1229,Nb2O5,Scm?1,3.4 × 10 ? 6,10.1016/j.jpowsour.2016.08.052,25/08/2016,,Unknown,3.3999999999999996e-06,single_sci,ok
1230,LiCoO2,Scm?1,10 ? 3,10.1016/j.cej.2019.122189,09/07/2019,,Unknown,0.001,power_of_ten,ok
1231,LiClO4,Scm?1,4,10.1016/j.ssi.2010.03.016,24/04/2010,,Unknown,4.0,single_plain,ok
1232,LiPF6,Scm?1,4.7 × 10 ? 3,10.1016/j.jpowsour.2008.08.001,09/08/2008,,Unknown,0.0047,single_sci,ok
1233,Mn3O4,mScm?1,to 69.2,10.1016/j.jpowsour.2006.10.050,05/12/2006,,Unknown,69.2,open_upper,ok
1234,LiCoO2,S/cm,10 ? 11,10.1016/j.cossms.2012.05.002,15/06/2012,,Unknown,1e-11,power_of_ten,ok
1235,LiMn2O4,Scm?1,10 ? 3,10.1016/j.carbon.2016.03.032,16/03/2016,,Unknown,0.001,power_of_ten,ok
1236,75Li2S·25P2S5-220,Scm?1,6.4 × 10 ? 4 and 6.1 × 10 ? 4,10.1039/C7QI00737J,13/02/2018,,Unknown,0.0006248199740725327,multi_value,ok
1238,Co2P,Scm?1,10 ? 1,10.1016/j.electacta.2012.09.115,09/10/2012,,Unknown,0.1,power_of_ten,ok
1239,Li7.85Mg0.075ZrO6,S/cm,4,10.1016/j.ssi.2016.01.047,15/04/2016,,Unknown,4.0,single_plain,ok
1241,Mg(ClO4)2,Scm?1,2 × 10 ? 3,10.1016/S0013-4686(99)00344-8,27/12/1999,,Unknown,0.002,single_sci,ok
1243,MnO2,S/cm,10â5â1Ã  10â6,10.1016/S1003-6326(18)64843-5,06/11/2018,,Unknown,,encoding_error,manual_review
1245,LiPF6,S/cm,3,10.1016/j.elecom.2008.05.043,03/06/2008,,Unknown,3.0,single_plain,ok
1246,Li / LiFePO4,Scm?1,3.0 × 10 ? 5 to 1.1 × 10 ? 4,10.1016/j.electacta.2016.09.141,28/09/2016,,Unknown,5.744562646538032e-05,range_to,ok
1247,LiClO4,Scm?1,2.24 × 10 ? 5,10.1016/j.apsusc.2012.06.082,30/06/2012,,Unknown,2.2400000000000002e-05,single_sci,ok
1250,LiPON,Scm?1,1.8 × 10 ? 6,10.1016/j.jpowsour.2012.04.064,28/04/2012,,Unknown,1.8e-06,single_sci,ok
1251,LiBON,Scm?1,3.52 × 10 ? 6,10.1016/j.tsf.2019.06.055,29/06/2019,,Unknown,3.5199999999999998e-06,single_sci,ok
1252,TiO2 @ C,Scm?1,8.918 × 10 ? 6 and 3.234 × 10 ? 7,10.1039/C6RA22105J,19/10/2016,,Unknown,1.6982582842430055e-06,multi_value,ok
1254,LiFePO4 / C,Scm?1,2.2 × 10 ? 9,10.1016/j.electacta.2004.11.045,18/01/2005,,Unknown,2.2000000000000003e-09,single_sci,ok
1255,Li2B12H12,Scm?1,2.0 × 10 ? 4,10.1039/C5TA06549F,10/11/2015,,Unknown,0.0002,single_sci,ok
1256,MnO2,Scm?1, 10 ? 6,10.1039/C5NR03426D,27/08/2015,,Unknown,1e-06,power_of_ten_leading_dash,ok
1257,LiPON,Scm?1,10 ? 6,10.1016/j.jpowsour.2005.03.223,13/06/2005,,Unknown,1e-06,power_of_ten,ok
1258,LiBF4,Scm?1,8.9 × 10 ? 6,10.1016/j.ssi.2003.11.042,10/11/2004,,Unknown,8.9e-06,single_sci,ok
1260,LiFSI / PEO,Scm?1,? 10 ? 6,10.1016/j.electacta.2014.04.099,24/04/2014,,Unknown,,unknown,manual_review
1261,Polyethylene oxide,S/cm,4.36 × 10 ? 9,10.1016/j.jnoncrysol.2018.07.006,18/07/2018,,Unknown,4.360000000000001e-09,single_sci,ok
1262,TiO2,Scm?1,8,10.1016/j.jpowsour.2007.06.239,03/07/2007,,Unknown,8.0,single_plain,ok
1264,H2SO4,S/cm,0.8,10.1016/j.cej.2019.05.207,29/05/2019,,Unknown,0.8,single_plain,ok
1265,Li3VO4,Scm?1,8.2 × 10 ? 8,10.1016/j.electacta.2016.11.013,05/11/2016,,Unknown,8.199999999999999e-08,single_sci,ok
1269,LiMn2O4,Scm?1,2.84 × 10 ? 5,10.1016/j.ceramint.2015.07.026,11/07/2015,,Unknown,2.8400000000000003e-05,single_sci,ok
1270,LiClO4,Scm?1,1.1 × 10 ? 2,10.1039/C4RA05151C,31/07/2014,,Unknown,0.011000000000000001,single_sci,ok
1271,LiMn2O4,Scm?1,"2.90 × 10 ? 4 , 3.28 × 10 ? 4 and 3.44 × 10 ? 4",10.1016/j.electacta.2015.08.123,28/08/2015,,Unknown,0.0003198478443301712,multi_value,ok
1272,Al2O3,Scm?1,2.49 × 10 ? 5,10.1016/j.cap.2016.05.021,27/05/2016,,Unknown,2.4900000000000006e-05,single_sci,ok
1273,Polyethylene oxide,Scm?1,5.28 × 10 ? 10,10.1016/j.solidstatesciences.2012.05.019,26/05/2012,,Unknown,5.28e-10,single_sci,ok
1274,Li0.66FeF3·0.66H2O,Scm?1,7,10.1039/C5TA03327F,28/07/2015,,Unknown,7.0,single_plain,ok
1275,LiPON,S/cm,1.2 × 10 ? 6 and 8 × 10 ? 14,10.1016/j.jpowsour.2016.09.059,20/09/2016,,Unknown,3.0983866769659353e-10,multi_value,ok
1276,SiO2,Scm?1,0.82,10.1016/j.electacta.2018.10.168,01/11/2018,,Unknown,0.82,single_plain,ok
1277,TiO2,Scm?1,0.14,10.1016/j.electacta.2019.04.136,28/04/2019,,Unknown,0.14,single_plain,ok
1278,SnO2,Scm?1,65,10.1039/C8NR04513E,30/08/2018,,Unknown,65.0,single_plain,ok
1280,Li1.5Al0.4Cr0.1Ge1.5(PO4)3,S/cm,3,10.1016/j.ssi.2016.03.012,31/03/2016,,Unknown,3.0,single_plain,ok
1281,BaTiO3,S/cm,1.5 × 10 ? 7,10.1016/S0167-2738(03)00025-0,26/02/2003,,Unknown,1.5e-07,single_sci,ok
1284,NaCl,Scm?1,0.247,10.1016/j.jpowsour.2014.09.014,16/09/2014,,Unknown,0.247,single_plain,ok
1285,LiFePO4,Scm?1,10 ? 10,10.1016/j.jallcom.2014.12.182,31/12/2014,,Unknown,1e-10,power_of_ten,ok
1286,Li7P2.9S10.85Mo0.01,mScm?1,4.6,10.1039/C6TA10142A,07/02/2017,,Unknown,4.6,single_plain,ok
1288,BaTiO3,S/cm,4,10.1016/j.ssi.2012.12.011,01/02/2013,,Unknown,4.0,single_plain,ok
1289,Li2FeSiO4,Scm?1,10 ? 14,10.1016/j.jpowsour.2015.03.028,05/03/2015,,Unknown,1e-14,power_of_ten,ok
1290,IrO2,Scm?1,32,10.1039/C5GC02899J,18/04/2016,,Unknown,32.0,single_plain,ok
1291,LiClO4,Scm?1,2.4 × 10 ? 4,10.1016/j.electacta.2004.07.027,05/10/2004,,Unknown,0.00024,single_sci,ok
1292,H2SO4,Scm?1,1,10.1016/j.electacta.2015.09.125,26/09/2015,,Unknown,1.0,single_plain,ok
1293,LiFePO4,Scm?1,9,10.1039/C0EE00831A,02/06/2011,,Unknown,9.0,single_plain,ok
1295,Li2O2,Scm?1, 10 ? 11,10.1039/C7CC06630A,17/10/2017,,Unknown,1e-11,power_of_ten_leading_dash,ok
1298,TiO2,Scm?1,10 ? 10,10.1039/C8TA05904G,11/09/2018,,Unknown,1e-10,power_of_ten,ok
1299,Li2FeSiO4,Scm?1,1 × 10 ? 9,10.1039/C5TA01529D,28/04/2015,,Unknown,1e-09,single_sci,ok
1302,Li3PO4Li4SiO4,S/cm,6,10.1016/j.ssi.2012.09.002,07/12/2012,,Unknown,6.0,single_plain,ok
1303,MoS2 / C,Scm?1,21.15,10.1016/j.ces.2019.06.043,25/06/2019,,Unknown,21.15,single_plain,ok
1304,5KNO3 ) + 7KI ] and [ ( 70PEO : 30KNO3,S/cm,2.09 × 10 ? 5,10.1016/j.matchemphys.2017.03.015,17/03/2017,,Unknown,2.09e-05,single_sci,ok
1305,LiPF6,mScm?1,0.17,10.1039/C3TA11163F,24/09/2013,,Unknown,0.17,single_plain,ok
1307,LiPON,Scm?1,10 ? 6,10.1039/B820555H,19/08/2009,,Unknown,1e-06,power_of_ten,ok
1308,70Li2S30P2S5,Scm?1,1.9 × 10 ? 3 to 3.1 × 10 ? 3,10.1039/C4TA04332D,27/01/2015,,Unknown,0.0024269322199023204,range_to,ok
1309,NaOH,Scm?1,3.11 × 10 ? 5,10.1016/S0254-0584(98)00245-4,16/08/1999,,Unknown,3.1100000000000004e-05,single_sci,ok
1310,Na3V2(PO4)3,Scm?1,5.9 × 10 ? 3,10.1016/j.electacta.2018.10.007,03/10/2018,,Unknown,0.005900000000000001,single_sci,ok
1311,Li6.5La3Zr1.3Nb0.6Gd0.1O12,Scm?1,9.86 × 10 ? 4,10.1016/j.ceramint.2019.06.002,04/06/2019,,Unknown,0.000986,single_sci,ok
1312,MnO2,Scm?1,- 10 ? 6,10.1016/j.jallcom.2017.05.145,17/05/2017,,Unknown,1e-06,power_of_ten_leading_dash,ok
1313,Ge / C,Scm?1,24 to 46,10.1039/C5NR02520F,30/07/2015,,Unknown,33.226495451672285,range_to,ok
1315,ZnMn2O4,Scm?1,5.75 × 10 ? 11,10.1039/C5RA16667E,18/11/2015,,Unknown,5.7499999999999995e-11,single_sci,ok
1316,Lithium bis(trifluoromethanesulfonyl)imide,Scm?1,2.5 × 10 ? 5,10.1016/j.scib.2017.10.011,21/10/2017,,Unknown,2.5e-05,single_sci,ok
1318,LiFePO4,Scm?1,10 ? 2,10.1016/j.synthmet.2012.04.025,13/06/2012,,Unknown,0.01,power_of_ten,ok
1319,LiPON,Scm?1,2 × 10 ? 6,10.1016/j.nanoen.2017.01.028,26/01/2017,,Unknown,2e-06,single_sci,ok
1320,Fe3O4,S/cm,0.154 to 0.045,10.1016/j.jnoncrysol.2009.12.022,06/01/2010,,Unknown,0.08324662155306964,range_to,ok
1321,Na3V2(PO4)3,Scm?1,3.8 × 10 ? 5,10.1016/j.electacta.2018.10.007,03/10/2018,,Unknown,3.8e-05,single_sci,ok
1323,LiFePO4,Scm?1,9 × 10 ? 3,10.1016/j.matlet.2010.11.012,18/11/2010,,Unknown,0.009000000000000001,single_sci,ok
1324,LiFePO4,Scm?1,10 ? 10,10.1016/j.jallcom.2009.12.014,11/12/2009,,Unknown,1e-10,power_of_ten,ok
1325,LiCoO2,S/cm,3,10.1016/j.clay.2016.02.018,23/02/2016,,Unknown,3.0,single_plain,ok
1326,PEDOT / MoS2-45,Scm?1,"5.56 × 10 ? 1 , 7.53 × 10 ? 1 and 9.10 × 10 ? 1",10.1039/C4RA12683A,03/11/2014,,Unknown,0.7249427652003323,multi_value,ok
1327,LiClO4,Scm?1,10 ? 5,10.1016/S0167-2738(02)00683-5,15/11/2002,,Unknown,1e-05,power_of_ten,ok
1330,P2O5,Scm?1,7.4 × 10 ? 4,10.1016/j.jpowsour.2005.03.063,25/05/2005,,Unknown,0.0007400000000000001,single_sci,ok
1334,LiBF4,mScm?1,10.7,10.1016/j.jpowsour.2014.09.064,17/09/2014,,Unknown,10.7,single_plain,ok
1335,MnOx,S/cm,? 10 ? 8,10.1016/j.pmatsci.2019.100574,05/06/2019,,Unknown,,unknown,manual_review
1336,MnOx,Scm?1,- 10 ? 8,10.1016/j.electacta.2015.04.157,29/04/2015,,Unknown,1e-08,power_of_ten_leading_dash,ok
1337,MoS2,S/cm,3.2 × 10 ? 3,10.1016/j.jallcom.2017.11.244,23/11/2017,,Unknown,0.0032,single_sci,ok
1338,LiPF6,mScm?1,16.8,10.1016/j.jpowsour.2005.10.033,30/11/2005,,Unknown,16.8,single_plain,ok
1339,TiO2,Scm?1,4.9 × 10 ? 5,10.1016/j.ssi.2014.08.002,02/09/2014,,Unknown,4.9000000000000005e-05,single_sci,ok
1340,LiFePO4,Scm?1, 10 ? 10,10.1016/j.electacta.2006.01.078,11/05/2006,,Unknown,1e-10,power_of_ten_leading_dash,ok
1341,Lithium bis(trifluoromethanesulfonyl)imide,Scm?1,10 ? 5,10.1039/B101079O,01/01/2001,,Unknown,1e-05,power_of_ten,ok
1342,V2O5,Scm?1, 10 ? 5,10.1039/C9NR02607J,20/06/2019,,Unknown,1e-05,power_of_ten_leading_dash,ok
1343,LiFePO4,Scm?1,to 5.32 × 10 ? 3,10.1016/j.jpowsour.2013.01.073,21/01/2013,,Unknown,0.00532,open_upper,ok
1344,TiO2,S/cm,0.42,10.1016/j.memsci.2014.02.004,11/02/2014,,Unknown,0.42,single_plain,ok
1345,V2O5,Scm?1,0.05,10.1016/j.jcis.2008.10.033,17/10/2008,,Unknown,0.05,single_plain,ok
1346,NH4Br @ HKUST-1,Scm?1,1.04 × 10 ? 8 to 2.73 × 10 ? 9,10.1039/C6DT00290K,04/05/2016,,Unknown,5.328414398298996e-09,range_to,ok
1348,Li7Ti5O12,Scm?1,- 10 ? 9,10.1016/j.jpowsour.2017.01.073,29/01/2017,,Unknown,1e-09,power_of_ten_leading_dash,ok
1350,Polyethylene oxide,Scm?1,5.4 × 10 ? 6,10.1016/j.electacta.2018.10.023,05/10/2018,,Unknown,5.4e-06,single_sci,ok
1351,V2O5,S/cm,6,10.1016/j.ssi.2004.08.024,10/11/2004,,Unknown,6.0,single_plain,ok
1355,LiBF4,Scm?1,10 ? 6,10.1016/j.electacta.2011.06.015,12/06/2011,,Unknown,1e-06,power_of_ten,ok
1356,Li2O2,Scm?1, 10 ? 9,10.1039/C8CS00009C,23/04/2018,,Unknown,1e-09,power_of_ten_leading_dash,ok
1358,LiPF6,mScm?1,to 0.35,10.1039/C3TA00167A,11/06/2013,,Unknown,0.35,open_upper,ok
1361,LiFePO4,Scm?1,10 ? 9,10.1016/j.jpowsour.2010.10.051,23/10/2010,,Unknown,1e-09,power_of_ten,ok
1363,LiFePO4 / C,Scm?1,"4.25 × 10 ? 4 , 5.46 × 10 ? 4 and 6.53 × 10 ? 4",10.1016/j.electacta.2013.02.132,07/03/2013,,Unknown,0.0005331281133183318,multi_value,ok
1364,LiNi0.5Mn1.5O4 / graphite,mScm?1,1.1,10.1039/C6CS00875E,22/05/2017,,Unknown,1.1,single_plain,ok
1365,PVAc,S/cm, 10 ? 12,10.1016/S0167-2738(01)00999-7,30/10/2001,,Unknown,1e-12,power_of_ten_leading_dash,ok
1366,H3PO4,Scm?1,3.2 × 10 ? 2,10.1016/j.ijhydene.2010.01.047,24/02/2010,,Unknown,0.032,single_sci,ok
1369,Li2RuO3,Scm?1,0.18,10.1039/C5TA03632A,25/08/2015,,Unknown,0.18,single_plain,ok
1370,Mn(III),Scm?1,10 ? 8,10.1016/j.jpowsour.2015.02.119,28/02/2015,,Unknown,1e-08,power_of_ten,ok
1371,LiFePO4 / C,Scm?1,10 ? 6,10.1016/j.electacta.2015.03.185,28/03/2015,,Unknown,1e-06,power_of_ten,ok
1372,Polyethylene oxide,Scm?1,8.5 × 10 ? 5,10.1016/j.ensm.2018.03.016,20/03/2018,,Unknown,8.5e-05,single_sci,ok
1373,LiCl,mS/cm,34.9,10.1016/j.electacta.2014.10.083,18/10/2014,,Unknown,34.9,single_plain,ok
1375,LiFePO4,S/cm,4.8 × 10 ? 2,10.1016/j.ssi.2004.01.036,08/07/2004,,Unknown,0.048,single_sci,ok
1376,Li4Ti5O12 / CNT,Scm?1,5,10.1039/C3RA42759E,05/08/2013,,Unknown,5.0,single_plain,ok
1377,Polyethylene oxide,Scm?1,3 × 10 ? 5,10.1016/j.jpowsour.2005.07.025,22/08/2005,,Unknown,3.0000000000000004e-05,single_sci,ok
1378,TiO2,Scm?1,10 ? 13,10.1039/C4TA01348D,01/07/2014,,Unknown,1e-13,power_of_ten,ok
1380,CoOOH,Scm?1,5,10.1039/C4TA02074J,30/09/2014,,Unknown,5.0,single_plain,ok
1381,Li2S,S/cm,1.95 × 10 ? 7,10.1016/j.solidstatesciences.2008.01.006,25/01/2008,,Unknown,1.9499999999999999e-07,single_sci,ok
1382,LiFePO4,Scm?1,10 ? 10,10.1016/j.jpowsour.2016.06.084,22/06/2016,,Unknown,1e-10,power_of_ten,ok
1384,Li11Nd18Al4O38.5,Scm?1,1 × 10 ? 6,10.1039/C5DT02998H,14/12/2015,,Unknown,1e-06,single_sci,ok
1385,TiO2,Scm-1,0.11,10.1016/j.electacta.2014.05.096,26/05/2014,,Unknown,0.11,single_plain,ok
1387,NASICON,Scm?1,10 ? 4,10.1016/j.jpowsour.2011.09.046,21/09/2011,,Unknown,0.0001,power_of_ten,ok
1389,Co3O4,Scm?1,0.3,10.1039/C5RA23503K,24/02/2016,,Unknown,0.3,single_plain,ok
1391,LiFePO4,Scm?1,1.08 × 10 ? 10,10.1016/j.jallcom.2009.12.014,11/12/2009,,Unknown,1.0800000000000001e-10,single_sci,ok
1394,Na2.8Ca0.1Al2P3O12,Scm?1,"3.13 × 10 ? 8 , 2.27 × 10 ? 8 and 1.46 × 10 ? 8",10.1039/C8RA01676C,17/04/2018,,Unknown,2.1809264361885528e-08,multi_value,ok
1395,ZnO / zincone,Scm?1,14,10.1039/C8TA00132D,27/02/2018,,Unknown,14.0,single_plain,ok
1396,PVAc,S/cm,5.064 × 10 ? 4,10.1016/j.jnoncrysol.2010.09.042,10/10/2010,,Unknown,0.0005064000000000001,single_sci,ok
1397,MgAl2O4,Scm?1,3.2 × 10 ? 3 and 5.1 × 10 ? 4,10.1039/C7QI00148G,13/06/2017,,Unknown,0.0012774975538137046,multi_value,ok
1398,LiFePO4,S/cm,10 ? 10,10.1016/j.jallcom.2007.09.118,04/10/2007,,Unknown,1e-10,power_of_ten,ok
1399,H2SO4,S/cm,14.46 × 10 ? 2,10.1016/j.memsci.2019.01.008,10/01/2019,,Unknown,0.1446,single_sci,ok
1400,LiMnPO4,Scm?1,10  14,10.1016/j.nanoen.2013.10.011,28/10/2013,,Unknown,1e-14,power_of_ten,ok
1401,TiO2,Scm?1,7.56 × 10 ? 8,10.1039/C3TA14535B,14/01/2014,,Unknown,7.56e-08,single_sci,ok
1402,TiO2,Scm?1,1.0 × 10 ? 4,10.1016/j.electacta.2014.01.117,07/02/2014,,Unknown,0.0001,single_sci,ok
1404,LiMn2O4,Scm?1,10 ? 4,10.1039/C5NR05116A,17/12/2015,,Unknown,0.0001,power_of_ten,ok
1406,CO(NH2)2,Scm?1,4.93 × 10 ? 4,10.1039/C7RA09335G,02/10/2017,,Unknown,0.000493,single_sci,ok
1407,LiFePO4,Scm?1,10 ? 5,10.1039/C3TA15210C,11/03/2014,,Unknown,1e-05,power_of_ten,ok
1408,SiO2,Scm?1,2 × 10 ? 6,10.1016/j.rser.2019.04.035,20/04/2019,,Unknown,2e-06,single_sci,ok
1409,LiFeBO3,S/cm,"1.52 × 10 ? 4 , 1.51 × 10 ? 4 and 1.54 × 10 ? 4",10.1016/j.electacta.2007.09.050,02/10/2007,,Unknown,0.00015232823804101867,multi_value,ok
1410,Al2O3,Scm?1,8 × 10 ? 3,10.1039/C6TA02907H,28/06/2016,,Unknown,0.008,single_sci,ok
1413,Zn / MnO2,Scm?1,1.76 × 10 ? 2,10.1039/C7EE03232C,18/04/2018,,Unknown,0.0176,single_sci,ok
1414,SPEs,S/cm,5.41 × 10 ? 4,10.1016/j.electacta.2006.02.061,05/06/2006,,Unknown,0.000541,single_sci,ok
1415,MnO2,Scm?1,2.2 × 10 ? 7,10.1039/C3CP55456B,09/04/2014,,Unknown,2.2e-07,single_sci,ok
1416,LiFSI / PEO,Scm?1,3.3 × 10 ? 4,10.1016/j.electacta.2014.04.099,24/04/2014,,Unknown,0.00033,single_sci,ok
1417,LiFePO4,Scm?1, 10 ? 10,10.1039/C2CS35317B,11/03/2013,,Unknown,1e-10,power_of_ten_leading_dash,ok
1420,SnO2,Scm?1,102,10.1016/j.matchemphys.2004.06.004,10/07/2004,,Unknown,102.0,power_of_ten,ok
1421,NASICON,Scm?1,1 × 10 ? 3,10.1016/S0167-2738(01)00701-9,21/03/2001,,Unknown,0.001,single_sci,ok
1423,MnO2,Scm?1, 10 ? 3,10.1016/j.nanoen.2016.02.001,11/02/2016,,Unknown,0.001,power_of_ten_leading_dash,ok
1424,LiFePO4,Scm?1,10 ? 9,10.1016/j.nanoen.2018.12.064,21/12/2018,,Unknown,1e-09,power_of_ten,ok
1425,NH4NO3,S/cm,1.90 × 10 ? 3,10.1016/j.jnoncrysol.2017.11.027,22/11/2017,,Unknown,0.0019,single_sci,ok
1428,Li2O,Scm?1,6.4 × 10 ? 4,10.1016/j.pmatsci.2017.04.007,08/04/2017,,Unknown,0.00064,single_sci,ok
1429,V2O5,Scm?1,10 ? 3,10.1016/j.jpowsour.2015.03.078,13/03/2015,,Unknown,0.001,power_of_ten,ok
1430,Mg(ClO4)2,Scm?1,10 ? 3,10.1039/B201599B,26/07/2002,,Unknown,0.001,power_of_ten,ok
1431,MnO2,Scm?1,10 ? 5,10.1039/C8TA04182B,10/07/2018,,Unknown,1e-05,power_of_ten,ok
1432,Li2O2,Scm?1,10 ? 19,10.1039/C7QM00353F,22/11/2017,,Unknown,1e-19,power_of_ten,ok
1433,TiO2(B),Scm?1,0.17 to 99,10.1039/C8TA01499J,24/04/2018,,Unknown,4.102438299353203,range_to,ok
1435,LiBF4,mS/cm,2.37,10.1016/j.solmat.2007.03.036,27/09/2007,,Unknown,2.37,single_plain,ok
1438,Hydroxide,mScm?1,0.6,10.1016/j.ijhydene.2016.04.060,13/05/2016,,Unknown,0.6,single_plain,ok
1439,LiPON,S/cm,6,10.1016/j.ssi.2012.05.008,31/05/2012,,Unknown,6.0,single_plain,ok
1440,Co3O4,Scm?1, 10 ? 4,10.1016/j.ceramint.2017.06.089,15/06/2017,,Unknown,0.0001,power_of_ten_leading_dash,ok
1443,PVdF-HFP,mScm?1,1.572,10.1016/j.jpowsour.2015.04.182,15/05/2015,,Unknown,1.572,single_plain,ok
1445,LiBF4,S/cm,0.52,10.1016/S0140-6701(00)94426-6,24/11/2003,,Unknown,0.52,single_plain,ok
1446,LiFePO4,Scm?1,3.6 × 10 ? 8,10.1016/j.materresbull.2012.04.076,06/05/2012,,Unknown,3.6000000000000005e-08,single_sci,ok
1447,Li2O2,Scm?1,10 ? 9,10.1039/C4EE00496E,16/07/2014,,Unknown,1e-09,power_of_ten,ok
1450,V2O5,Scm?1,1,10.1039/C8NR04033H,23/08/2018,,Unknown,1.0,single_plain,ok
1452,Na11Sn2PS12,mScm?1,4,10.1039/C7EE03083E,17/01/2018,,Unknown,4.0,single_plain,ok
1453,NH4Br @ HKUST-1,Scm?1,7.01 × 10 ? 8,10.1039/C6DT00290K,04/05/2016,,Unknown,7.01e-08,single_sci,ok
1454,ZIF-67 @ Fe3O4,Scm?1,0.312,10.1039/C9TA03339D,11/06/2019,,Unknown,0.312,single_plain,ok
1455,Li2S,Scm?1,1 × 10 ? 3,10.1039/C7QI00737J,13/02/2018,,Unknown,0.001,single_sci,ok
1456,Ce0.82Sm0.16Sr0.02O1.90,Scm?1,2.67 × 10 ? 2,10.1039/C5NR05299H,22/10/2015,,Unknown,0.0267,single_sci,ok
1457,LiCoO2,Scm?1,? 10  102,10.1016/j.jpowsour.2018.05.005,10/05/2018,,Unknown,,unknown,manual_review
1458,TiN @ Si,Scm?1,6.3,10.1039/C5TA02259B,02/06/2015,,Unknown,6.3,single_plain,ok
1459,NASICON,Scm?1,4.5 × 10 ? 4 to 1.7 × 10 ? 3,10.1016/j.ensm.2019.04.009,12/04/2019,,Unknown,0.0008746427842267955,range_to,ok
1460,LiPON,Scm?1,3.52 × 10 ? 6,10.1016/j.tsf.2019.06.055,29/06/2019,,Unknown,3.5199999999999998e-06,single_sci,ok
1461,TiO2,Scm?1,2.7 × 10 ? 10 and 3.9 × 10 ? 3,10.1016/j.electacta.2012.08.126,07/09/2012,,Unknown,1.0261578825892253e-06,multi_value,ok
1462,Al2O3,Scm?1,10 ? 3,10.1016/j.polymertesting.2016.01.023,29/01/2016,,Unknown,0.001,power_of_ten,ok
1463,LiFePO4,Scm?1,2.4 × 10 ? 7,10.1016/j.jpowsour.2011.06.056,22/06/2011,,Unknown,2.4e-07,single_sci,ok
1465,Polyethylene oxide,Scm?1,5.0 × 10 ? 4,10.1016/S0378-7753(99)00143-3,20/01/2000,,Unknown,0.0005,single_sci,ok
1466,LiFePO4,Scm?1, 10 ? 10,10.1016/j.jallcom.2010.05.173,15/06/2010,,Unknown,1e-10,power_of_ten_leading_dash,ok
1467,LiCr(MoO4)2 @ C,Scm?1,8.7 × 10 ? 5,10.1039/C8TA10274K,02/01/2019,,Unknown,8.7e-05,single_sci,ok
1468,LiFSI / PEO,Scm?1,10 ? 4,10.1016/j.electacta.2014.04.099,24/04/2014,,Unknown,0.0001,power_of_ten,ok
1469,Li6PS5Br,mScm?1,1.9,10.1039/C9RA00949C,08/05/2019,,Unknown,1.9,single_plain,ok
1470,PbSnF4,Scm?1,5 × 10 ? 4,10.1039/C8CC05549A,09/10/2018,,Unknown,0.0005,single_sci,ok
1471,LiMn2O4,S/cm,10 ? 5,10.1016/j.mseb.2005.12.031,20/02/2006,,Unknown,1e-05,power_of_ten,ok
1472,LiPF6,Scm?1,3.4,10.1016/j.jpowsour.2006.10.065,22/11/2006,,Unknown,3.4,single_plain,ok
1473,LiCoO2,Scm?1,10 ? 2,10.1016/j.jallcom.2012.08.026,31/08/2012,,Unknown,0.01,power_of_ten,ok
1474,Mg(ClO4)2,Scm?1,3.31 × 10 ? 3 and 1.27 × 10 ? 3,10.1016/j.electacta.2013.11.189,17/12/2013,,Unknown,0.0020502926620363264,multi_value,ok
1475,AgIAgPO3,S/cm,10 ? 2,10.1016/j.ssi.2003.12.021,12/02/2004,,Unknown,0.01,power_of_ten,ok
1477,ZrO2,Scm?1,1.09 × 10 ? 3,10.1016/j.ssi.2018.06.016,03/07/2018,,Unknown,0.00109,single_sci,ok
1478,MnO2,Scm?1,0.035,10.1016/j.jpowsour.2013.04.122,02/05/2013,,Unknown,0.035,single_plain,ok
1480,V2O5,Scm?1, 10 ? 3,10.1016/j.physe.2013.09.009,01/10/2013,,Unknown,0.001,power_of_ten_leading_dash,ok
1482,LiNbO3,mScm?1,0.26 to 0.59,10.1016/j.apenergy.2017.07.054,04/08/2017,,Unknown,0.3916631205513228,range_to,ok
1483,TiO2,S/cm,0.665 × 10 ? 3,10.1016/j.polymertesting.2013.12.002,11/12/2013,,Unknown,0.000665,single_sci,ok
1485,Ni(OH)2,Scm?1,10 ? 17,10.1016/j.jpowsour.2015.11.053,06/12/2015,,Unknown,1e-17,power_of_ten,ok
1486,LiPON,Scm?1,10 ? 6,10.1039/C3TA10586E,16/04/2013,,Unknown,1e-06,power_of_ten,ok
1487,Mg(ClO4)2,S/cm,4.05 × 10 ? 4,10.1016/j.jsamd.2019.04.006,28/05/2019,,Unknown,0.000405,single_sci,ok
1488,TiO2,Scm?1,0.037,10.1016/j.ceramint.2014.01.118,01/02/2014,,Unknown,0.037,single_plain,ok
1489,NH4CH3COO,Scm?1,3.6 × 10 ? 3,10.1016/j.ceramint.2014.12.119,29/12/2014,,Unknown,0.0036000000000000003,single_sci,ok
1491,KOAc8 m,mScm?1,5.3,10.1039/C8EE00833G,10/10/2018,,Unknown,5.3,single_plain,ok
1492,LiFePO4,Scm?1,10 ? 6,10.1039/C8CP02492H,08/08/2018,,Unknown,1e-06,power_of_ten,ok
1493,ZrO2,Scm?1,4.97 × 10 ? 4,10.1016/j.jpowsour.2017.11.083,16/12/2017,,Unknown,0.000497,single_sci,ok
1495,Li(BH4)0.75I0.25,Scm?1,1.5 × 10 ? 5,10.1016/j.ssi.2018.01.037,21/02/2018,,Unknown,1.5000000000000002e-05,single_sci,ok
1496,Li2OB2O3P2O5,Scm?1,2.4 × 10 ? 8,10.1016/j.jpowsour.2006.07.061,12/09/2006,,Unknown,2.4e-08,single_sci,ok
1497,LiPON,Scm?1,3.7 × 10 ? 7,10.1039/C8TA08761J,16/10/2018,,Unknown,3.7e-07,single_sci,ok
1499,Li4SiO4,Scm?1,2 × 10 ? 5,10.1016/S0167-2738(97)00429-3,11/06/1999,,Unknown,2e-05,single_sci,ok
1500,NH4OH,S/cm,15.7,10.1016/j.egypro.2017.12.715,05/01/2018,,Unknown,15.7,single_plain,ok
1502,MnO2,Scm?1, 10 ? 6,10.1016/j.colsurfa.2013.12.067,08/01/2014,,Unknown,1e-06,power_of_ten_leading_dash,ok
1503,Li4SiO4,Scm?1,1.2 × 10 ? 8,10.1016/j.jmat.2016.04.005,22/04/2016,,Unknown,1.2e-08,single_sci,ok
1504,NH4Cl,Scm?1,2.5 × 10 ? 3,10.1016/j.jnoncrysol.2008.10.009,04/12/2008,,Unknown,0.0025,single_sci,ok
1506,Cu2O,Scm?1,1.1 × 10 ? 3,10.1039/C2JM31679J,19/06/2012,,Unknown,0.0011,single_sci,ok
1510,SiO2 / Si,Scm?1,0.2,10.1016/j.synthmet.2016.10.019,24/10/2016,,Unknown,0.2,single_plain,ok
1511,SiOC,Scm?1,2.08 × 10 ? 5,10.1039/C7RA01937H,28/07/2017,,Unknown,2.08e-05,single_sci,ok
1512,Polyethylene oxide,Scm?1,10 ? 4,10.1016/j.ssi.2003.11.024,03/02/2004,,Unknown,0.0001,power_of_ten,ok
1513,LiVPO4F,Scm?1,10  11,10.1016/j.ceramint.2017.11.168,24/11/2017,,Unknown,1e-11,power_of_ten,ok
1515,MnOOH,Scm?1, 10 ? 5,10.1039/C7CC00087A,21/02/2017,,Unknown,1e-05,power_of_ten_leading_dash,ok
1517,Li2S2,Scm?1,3.6 × 10 ? 7,10.1016/j.electacta.2018.09.048,07/09/2018,,Unknown,3.6e-07,single_sci,ok
1518,Li2MnSiO4,Scm?1,5 × 10 ? 16,10.1039/C0EE00713G,26/08/2011,,Unknown,5e-16,single_sci,ok
1520,TiO2,Scm?1,"2.66 × 10 ? 5 , 1.353 × 10 ? 4 , 2.422 × 10 ? 4 and 6.027 × 10 ? 4",10.1016/j.jpowsour.2013.12.059,19/12/2013,,Unknown,0.00015139575247804108,multi_value,ok
1521,LiMnPO4,Scm?1,1.1 × 10 ? 4 and 3.4 × 10 ? 4,10.1016/j.electacta.2017.09.018,05/09/2017,,Unknown,0.00019339079605813729,multi_value,ok
1522,LiFePO4,Scm?1,10 ? 15,10.1039/C4TA04221B,18/11/2014,,Unknown,1e-15,power_of_ten,ok
1525,SiO2,Scm?1,3.2 × 10 ? 3,10.1016/j.jpowsour.2011.07.079,29/07/2011,,Unknown,0.0032,single_sci,ok
1529,SiO2,mScm?1,0.91,10.1039/C1JM12246K,20/09/2011,,Unknown,0.91,single_plain,ok
1530,Lithium bis(trifluoromethanesulfonyl)imide,Scm?1,5.74 × 10 ? 4,10.1016/j.jpowsour.2016.01.032,01/02/2016,,Unknown,0.0005740000000000001,single_sci,ok
1533,LiBF4,Scm?1,1 × 10 ? 3,10.1016/j.jpowsour.2008.08.074,03/09/2008,,Unknown,0.001,single_sci,ok
1534,LiClKCl,Scm?1,2,10.1016/j.jpowsour.2010.12.009,14/12/2010,,Unknown,2.0,single_plain,ok
1536,Li2S,Scm?1,10 ? 4,10.1016/j.jpowsour.2018.05.003,16/05/2018,,Unknown,0.0001,power_of_ten,ok
1539,Mg(CB11H12)2LiTFSI / diglyme,mS/cm,1.82,10.1039/C6CC04133G,02/08/2016,,Unknown,1.82,single_plain,ok
1540,Lithium bis(trifluoromethanesulfonyl)imide,Scm?1,to 5.24 × 10 ? 4,10.1016/j.nanoen.2017.12.037,24/12/2017,,Unknown,0.000524,open_upper,ok
1541,Ba2.75Li1.5Ta5ZrSi4O26,S/cm,7,10.1016/j.ssi.2015.08.011,12/09/2015,,Unknown,7.0,single_plain,ok
1542,Li2S,Scm?1,10 ? 13,10.1039/C6SE00104A,30/05/2017,,Unknown,1e-13,power_of_ten,ok
1547,SiO2,Scm?1,3,10.1039/C6EE01219A,05/10/2016,,Unknown,3.0,single_plain,ok
1549,Li6PS5Br,Scm?1,3.4 × 10 ? 5 and 1.5 × 10 ? 5,10.1016/j.ceramint.2017.09.241,11/10/2017,,Unknown,2.258317958127244e-05,multi_value,ok
1550,LiBiO2,S/cm,6,10.1016/j.ssi.2015.10.016,01/12/2015,,Unknown,6.0,single_plain,ok
1554,LiBF4,S/cm,0.52,10.1016/S0140-6701(00)94423-0,24/11/2003,,Unknown,0.52,single_plain,ok
1555,SiO2,Scm?1,2.3 × 10 ? 5,10.1016/S0378-7753(03)00159-9,07/03/2003,,Unknown,2.3e-05,single_sci,ok
1556,SO3H,Scm?1,2 × 10 ? 3,10.1016/j.electacta.2005.06.038,07/09/2005,,Unknown,0.002,single_sci,ok
1557,MnO2,Scm?1,0.1,10.1016/j.nanoen.2017.08.039,31/08/2017,,Unknown,0.1,single_plain,ok
1558,LiFePO4 / Li,Scm?1,10 ? 7,10.1039/C7TA01431G,20/06/2017,,Unknown,1e-07,power_of_ten,ok
1559,Li3.5V0.5Ge0.5O4,Scm?1,2 × 10 ? 5,10.1016/0038-1098(93)90841-A,19/09/2002,,Unknown,2e-05,single_sci,ok
1560,Na2.9Sr0.05OBr0.6I0.4,mScm?1,0.19,10.1039/C8TA10498K,02/04/2019,,Unknown,0.19,single_plain,ok
1561,Al-doped Li6.6?z / 2Alz / 2La3Zr1.6+zTa0.4?zO12,Scm?1,5.0 × 10 ? 4,10.1039/C6RA13317G,17/08/2016,,Unknown,0.0005,single_sci,ok
1562,LiFePO4,Scm?1,10 ? 6,10.1039/C5NR05116A,17/12/2015,,Unknown,1e-06,power_of_ten,ok
1563,Hydroxide,mScm?1,23,10.1039/C6EE00656F,08/06/2016,,Unknown,23.0,single_plain,ok
1564,LiFePO4,Scm?1,10 ? 8,10.1016/j.jpowsour.2015.05.018,15/05/2015,,Unknown,1e-08,power_of_ten,ok
1566,Al2(WO4)3,Scm?1,to 7.7 × 10 ? 5,10.1016/S0167-2738(00)00443-4,30/11/2000,,Unknown,7.7e-05,open_upper,ok
1567,NaAlCl4·2SO2,mScm?1,67.2,10.1039/C6RA23550F,03/11/2016,,Unknown,67.2,single_plain,ok
1568,NaOH,S/cm,2,10.1016/j.memsci.2005.07.009,18/08/2005,,Unknown,2.0,single_plain,ok
1569,Polyethylene oxide,Scm?1,1 × 10 ? 5,10.1016/j.scib.2017.10.011,21/10/2017,,Unknown,1e-05,single_sci,ok
1570,TiO2,Scm?1,"2.66 × 10 ? 5 , 9.56 × 10 ? 5 , 9.13 × 10 ? 5 and 1.34 × 10 ? 4",10.1039/C6TA07359J,01/11/2016,,Unknown,7.468420737879519e-05,multi_value,ok
1571,LiAlPEG,Scm?1,3.1 × 10 ? 6 and 9.0 × 10 ? 6,10.1039/C8NR00573G,29/03/2018,,Unknown,5.282045058497707e-06,multi_value,ok
1573,MnO2,Scm?1, 10 ? 6,10.1016/j.nanoen.2015.02.024,24/02/2015,,Unknown,1e-06,power_of_ten_leading_dash,ok
1574,LiCoO2,Scm?1,4.7 × 10 ? 5,10.1016/j.jallcom.2010.01.070,25/01/2010,,Unknown,4.7000000000000004e-05,single_sci,ok
1575,LiBF4,S/cm,6.2 × 10 ? 5,10.1016/j.jpowsour.2004.03.040,25/05/2004,,Unknown,6.2e-05,single_sci,ok
1576,LiMn2O4,Scm?1,10 ? 3,10.1016/j.jallcom.2012.10.092,29/10/2012,,Unknown,0.001,power_of_ten,ok
1577,Fe(II),Scm?1,4.6 × 10 ? 8 to 5.8 × 10 ? 7,10.1039/C9TA04680A,16/07/2019,,Unknown,1.633401359127633e-07,range_to,ok
1578,LiPON,Scm?1,3.3 × 10 ? 6,10.1016/j.pmatsci.2017.04.007,08/04/2017,,Unknown,3.2999999999999997e-06,single_sci,ok
1579,LiFePO4,Scm?1, 10 ? 4,10.1016/j.jpowsour.2011.09.108,12/10/2011,,Unknown,0.0001,power_of_ten_leading_dash,ok
1580,Mn3O4,S/cm, 10 ? 8,10.1016/j.ceramint.2018.08.267,23/08/2018,,Unknown,1e-08,power_of_ten_leading_dash,ok
1581,CoOOH,Scm?1,10 ? 5,10.1016/S1466-6049(00)00093-3,04/12/2000,,Unknown,1e-05,power_of_ten,ok
1582,TiO2,Scm?1,10 ? 4,10.1016/S0167-2738(02)00013-9,03/02/2002,,Unknown,0.0001,power_of_ten,ok
1583,NASICON,S/cm,0.43,10.1016/j.snb.2003.11.039,19/02/2004,,Unknown,0.43,single_plain,ok
1585,Polyethylene oxide,Scm?1,2.2 × 10 ? 3,10.1016/j.solmat.2004.02.040,28/05/2004,,Unknown,0.0022,single_sci,ok
1586,GO / NaCl,mScm?1,25,10.1039/C2CP42385E,26/09/2012,,Unknown,25.0,single_plain,ok
1587,LiClO4,S/cm,4,10.1016/j.solmat.2007.02.025,25/09/2007,,Unknown,4.0,single_plain,ok
1589,SnO2,Scm?1,10  16,10.1016/j.jallcom.2019.05.009,02/05/2019,,Unknown,1e-16,power_of_ten,ok
1590,LFP @ GNs,Scm?1,7.69 × 10 ? 2,10.1016/j.matlet.2013.12.040,18/12/2013,,Unknown,0.07690000000000001,single_sci,ok
1591,LiMnPO4,S/cm,1.72 × 10 ? 4,10.1016/j.jallcom.2010.01.065,22/01/2010,,Unknown,0.000172,single_sci,ok
1593,LiFePO4,Scm?1,10 ? 9,10.1016/j.jpowsour.2010.11.138,02/12/2010,,Unknown,1e-09,power_of_ten,ok
1595,LiMnPO4,S/cm,3 × 10 ? 9,10.1016/j.jallcom.2010.01.065,22/01/2010,,Unknown,3.0000000000000004e-09,single_sci,ok
1596,NaPO3,Scm?1,2.8 × 10 ? 8,10.1016/j.jpowsour.2005.11.096,18/01/2006,,Unknown,2.8e-08,single_sci,ok
1597,LiMn2O4,Scm?1,10 ? 5,10.1039/B100030F,01/01/2001,,Unknown,1e-05,power_of_ten,ok
1600,NaCl,mScm?1,200 ± 20,10.1039/C7TB01247K,12/07/2017,,Unknown,200.0,plus_minus,ok
1601,SiO2,Scm?1,10 ? 4,10.1016/j.jpowsour.2004.06.060,26/08/2004,,Unknown,0.0001,power_of_ten,ok
1602,UiO-66-(SO3H)2,Scm?1,8.4 × 10 ? 2,10.1039/C6CS00362A,12/09/2016,,Unknown,0.084,single_sci,ok
1603,LiBF4,Scm?1,10 ? 3,10.1016/S0378-7753(99)00529-7,24/05/2000,,Unknown,0.001,power_of_ten,ok
1604,Li / HSPE-1-8 / LFP,Scm?1,4.31 × 10 ? 5,10.1039/C8TA05642K,11/09/2018,,Unknown,4.31e-05,single_sci,ok
1608,O / Li,mS/cm,0.1,10.1016/j.jfluchem.2011.06.020,24/06/2011,,Unknown,0.1,single_plain,ok
1613,LiClO4,Scm?1,1.3 × 10 ? 7,10.1016/S0013-4686(00)00775-1,20/03/2001,,Unknown,1.3e-07,single_sci,ok
1615,PVdF-HFP,Scm?1,1.22 × 10 ? 2,10.1016/j.jpowsour.2018.08.098,04/09/2018,,Unknown,0.0122,single_sci,ok
1617,LiPF6,Scm?1,1.8 × 10 ? 3,10.1016/j.jpowsour.2008.03.016,16/03/2008,,Unknown,0.0018000000000000002,single_sci,ok
1618,Li-rich vanadoborate Li10[V12B18O60H6]·28H2O,Scm?1,1.77 × 10 ? 2,10.1039/C6DT04701G,21/02/2017,,Unknown,0.0177,single_sci,ok
1620,SPEs,mScm?1,10 ? 7,10.1039/C3TA13163G,19/11/2013,,Unknown,1e-07,power_of_ten,ok
1622,TiO2,Scm?1,3.24 × 10 ? 3,10.1039/C0JM03597A,21/12/2010,,Unknown,0.0032400000000000003,single_sci,ok
1623,TiO2,Scm?1,4.8 × 10 ? 3,10.1016/j.jpowsour.2011.07.079,29/07/2011,,Unknown,0.0048,single_sci,ok
1625,H2SO4 / PAAM,Scm?1,6 × 10 ? 3,10.1039/C4RA05151C,31/07/2014,,Unknown,0.006,single_sci,ok
1626,TiO2,Scm?1,2.2 × 10 ? 4,10.1016/j.jallcom.2010.07.113,22/07/2010,,Unknown,0.00022000000000000003,single_sci,ok
1627,Polyethylene oxide,Scm?1,8.21 × 10 ? 3,10.1016/j.jechem.2018.12.013,22/12/2018,,Unknown,0.00821,single_sci,ok
1628,H3PO4,Scm?1,1.1 × 10 ? 2,10.1016/j.ijhydene.2010.01.047,24/02/2010,,Unknown,0.011000000000000001,single_sci,ok
1629,LiPON,Scm?1,1 × 10 ? 6,10.1039/C9EE00515C,12/06/2019,,Unknown,1e-06,single_sci,ok
1630,LiClO4,Scm?1,2.0 × 10 ? 4,10.1016/j.jpowsour.2005.03.102,01/08/2005,,Unknown,0.0002,single_sci,ok
1631,Mg(ClO4)2,mS/cm,to 0.275,10.1016/j.matchemphys.2019.01.051,24/01/2019,,Unknown,0.275,open_upper,ok
1632,LiFePO4,S/cm,0.55 × 10 ? 2,10.1016/j.jallcom.2008.04.030,03/06/2008,,Unknown,0.0055000000000000005,single_sci,ok
1633,RuO2,Scm?1,10 ? 5,10.1039/C8TA12375F,16/04/2019,,Unknown,1e-05,power_of_ten,ok
1634,Lithium bis(trifluoromethanesulfonyl)imide,Scm?1,10 ? 9,10.1039/B101079O,01/01/2001,,Unknown,1e-09,power_of_ten,ok
1635,LiFePO4,Scm?1,10 ? 9,10.1016/j.commatsci.2017.08.045,15/09/2017,,Unknown,1e-09,power_of_ten,ok
1638,Polyethylene oxide,Scm?1,to 2.4 × 10 ? 4,10.1016/j.coelec.2018.03.033,30/03/2018,,Unknown,0.00024,open_upper,ok
1639,LiPON,Scm?1,10 ? 6,10.1016/j.electacta.2016.09.040,08/09/2016,,Unknown,1e-06,power_of_ten,ok
1640,LiPON,S/cm,10 ? 8,10.1016/j.ijhydene.2014.01.012,01/02/2014,,Unknown,1e-08,power_of_ten,ok
1641,NASICON,Scm?1,9.4 × 10 ? 4,10.1016/j.electacta.2012.11.038,21/11/2012,,Unknown,0.0009400000000000001,single_sci,ok
1644,Polyethylene oxide,Scm?1,10 ? 3,10.1039/C4TA04727C,16/12/2014,,Unknown,0.001,power_of_ten,ok
1647,NaSICON,S/cm,10 ? 4,10.1016/j.jeurceramsoc.2012.08.005,21/12/2012,,Unknown,0.0001,power_of_ten,ok
1648,LiFePO4,Scm?1,10 ? 9,10.1016/j.electacta.2018.06.149,25/06/2018,,Unknown,1e-09,power_of_ten,ok
1650,TiO2,Scm?1,5.2 × 10 ? 6 and 1.9 × 10 ? 4,10.1016/j.ssi.2018.06.016,03/07/2018,,Unknown,3.143246729100343e-05,multi_value,ok
1653,Polyethylene oxide,Scm?1,10 ? 4,10.1039/C8TA10124H,05/02/2019,,Unknown,0.0001,power_of_ten,ok
1654,LiFePO4,Scm?1,10 ? 10,10.1016/j.jpowsour.2010.11.159,07/12/2010,,Unknown,1e-10,power_of_ten,ok
1655,Li4SiO4,Scm?1,5 × 10 ? 4,10.1016/S0167-2738(97)00429-3,11/06/1999,,Unknown,0.0005,single_sci,ok
1656,LiFePO4 / C,Scm?1,10 ? 1,10.1039/C4RA10899J,27/10/2014,,Unknown,0.1,power_of_ten,ok
1658,TiO2(B),Scm?1,0.2,10.1039/C5TA06850A,20/10/2015,,Unknown,0.2,single_plain,ok
1659,LiClO4,S/cm,1.6 to 0.0025,10.1016/j.synthmet.2003.07.001,10/10/2003,,Unknown,0.0632455532033676,range_to,ok
1660,V2O5,S/cm,1,10.1016/j.ensm.2016.12.003,22/12/2016,,Unknown,1.0,single_plain,ok
1662,LiMn2O4,Scm?1,10 ? 3,10.1016/j.jpowsour.2008.07.032,25/07/2008,,Unknown,0.001,power_of_ten,ok
1663,Li / Au,Scm?1,2.23 × 10 ? 6,10.1039/C8TA08761J,16/10/2018,,Unknown,2.23e-06,single_sci,ok
1665,LiFePO4,Scm?1,? 10 ? 10,10.1016/j.materresbull.2018.01.024,31/01/2018,,Unknown,,unknown,manual_review
1666,LiMnPO4,S/cm,1.8 × 10 ? 9,10.1016/j.jallcom.2007.09.118,04/10/2007,,Unknown,1.8000000000000002e-09,single_sci,ok
1667,LiFePO4,Scm?1,10 ? 10,10.1016/j.matchemphys.2012.08.021,29/08/2012,,Unknown,1e-10,power_of_ten,ok
1669,LiFePO4,Scm?1,10 ? 10,10.1016/j.electacta.2012.12.027,19/12/2012,,Unknown,1e-10,power_of_ten,ok
1670,NH4OH,Scm?1,18 × 10 ? 6 to 48 × 10 ? 6,10.1039/C2NR33056C,14/02/2013,,Unknown,2.9393876913398163e-05,range_to,ok
1671,Ce(ClO4)3,Scm?1,10 ? 5,10.1016/S0013-4686(99)00341-2,27/12/1999,,Unknown,1e-05,power_of_ten,ok
1672,LiClO4,mScm?1,9,10.1016/j.jpowsour.2010.11.001,09/11/2010,,Unknown,9.0,single_plain,ok
1673,Nb2O5,Scm?1,3.4 × 10 ? 6,10.1016/j.mtener.2018.10.013,14/11/2018,,Unknown,3.3999999999999996e-06,single_sci,ok
1675,LiClO4,Scm?1,9.51 × 10 ? 3,10.1039/C6TA07846J,22/11/2016,,Unknown,0.00951,single_sci,ok
1676,ZrO2,Scm?1,6,10.1016/S0254-0584(03)00277-3,24/07/2003,,Unknown,6.0,single_plain,ok
1677,NiS2,Scm?1,55,10.1016/j.jechem.2019.07.001,09/07/2019,,Unknown,55.0,single_plain,ok
1679,Polyethylene oxide,Scm?1, 10 ? 7,10.1039/B514346B,24/03/2006,,Unknown,1e-07,power_of_ten_leading_dash,ok
1681,LiPF6,S/cm,0.082,10.1016/S0140-6701(00)94423-0,24/11/2003,,Unknown,0.082,single_plain,ok
1683,TiO2,Scm?1,1.30 × 10 ? 4,10.1016/j.matchemphys.2013.09.051,27/10/2013,,Unknown,0.00013000000000000002,single_sci,ok
1684,LiFePO4,Scm?1,10 ? 10,10.1039/C7RA04194B,21/06/2017,,Unknown,1e-10,power_of_ten,ok
1685,H2 / Ar,Scm?1,92,10.1016/j.electacta.2018.09.102,17/09/2018,,Unknown,92.0,single_plain,ok
1686,LiFePO4,Scm?1,10 ? 9,10.1016/j.jpowsour.2015.11.022,21/11/2015,,Unknown,1e-09,power_of_ten,ok
1687,LiFePO4,Scm?1, 10 ? 11,10.1039/C4NJ01169D,16/12/2014,,Unknown,1e-11,power_of_ten_leading_dash,ok
1688,LiCoPO4,Scm?1,10 ? 9,10.1016/j.jpowsour.2016.02.035,23/02/2016,,Unknown,1e-09,power_of_ten,ok
1689,LiFePO4,Scm?1,2.4 × 10 ? 7,10.1016/j.ceramint.2016.11.114,18/11/2016,,Unknown,2.4e-07,single_sci,ok
1691,LiCoO2,S/cm,10 ? 4,10.1016/j.cossms.2012.05.002,15/06/2012,,Unknown,0.0001,power_of_ten,ok
1693,LiFePO4,Scm?1,10 ? 10,10.1039/C3CP52953C,16/10/2013,,Unknown,1e-10,power_of_ten,ok
1694,LixTiO2,Scm?1,- 10 ? 7,10.1016/j.jmst.2019.04.021,10/05/2019,,Unknown,1e-07,power_of_ten_leading_dash,ok
1695,LiFePO4,Scm?1,2.8 × 10 ? 5,10.1039/C6CP05694F,30/11/2016,,Unknown,2.8e-05,single_sci,ok
1697,Li2O2,Scm?1,10 ? 13,10.1039/C5TA09539E,02/02/2016,,Unknown,1e-13,power_of_ten,ok
1698,NH4Br @ HKUST-1,Scm?1,8.99 × 10 ? 4 to 3.39 × 10 ? 8,10.1039/C6DT00290K,04/05/2016,,Unknown,5.520516280204237e-06,range_to,ok
1699,LiAlPEG,Scm?1,3.1 × 10 ? 6 and 9.0 × 10 ? 5,10.1039/C8NR00573G,29/03/2018,,Unknown,1.670329308849008e-05,multi_value,ok
1700,MgBr2 / DMSO,S/cm,10 ? 2,10.1016/j.jare.2015.01.006,22/01/2015,,Unknown,0.01,power_of_ten,ok
1701,LiCoO2,Scm?1,4.34 × 10 ? 6,10.1016/j.jallcom.2012.08.026,31/08/2012,,Unknown,4.34e-06,single_sci,ok
1702,LiCoO2,Scm?1,2 × 10 ? 4,10.1039/C5EE01254F,01/07/2015,,Unknown,0.0002,single_sci,ok
1703,( Al xMg1?2xLix)Al2O4,Scm?1, 10 ? 8,10.1039/C3CP54610A,19/02/2014,,Unknown,1e-08,power_of_ten_leading_dash,ok
1704,Au / / c-LLZO / / Au,Scm?1,1.6 × 10 ? 4,10.1039/C6RA09695F,30/06/2016,,Unknown,0.00016,single_sci,ok
1705,TiO2,Scm?1,10 ? 8,10.1016/S0254-0584(99)00049-8,16/08/1999,,Unknown,1e-08,power_of_ten,ok
1708,LiCF3SO3,Scm?1,10 ? 6,10.1039/C8ME00096D,08/04/2019,,Unknown,1e-06,power_of_ten,ok
1709,LiAlPEG / PEO,Scm?1,4.0 × 10 ? 5 and 2.6 × 10 ? 4,10.1039/C8NR00573G,29/03/2018,,Unknown,0.00010198039027185574,multi_value,ok
1710,SiO2,Scm?1,9.6 × 10 ? 4,10.1039/C8TA10258A,26/02/2019,,Unknown,0.00096,single_sci,ok
1711,SiO2,mScm?1,0.73,10.1039/C1JM12246K,20/09/2011,,Unknown,0.73,single_plain,ok
1712,Co2P,Scm?1,10 ? 6,10.1016/j.electacta.2012.09.115,09/10/2012,,Unknown,1e-06,power_of_ten,ok
1713,Li2OHCl,Scm?1,1.7 × 10 ? 4,10.1039/C8EE00779A,10/10/2018,,Unknown,0.00017,single_sci,ok
1714,SiO2,mScm?1,to 0.67,10.1039/C8TA01117F,03/04/2018,,Unknown,0.67,open_upper,ok
1715,LiPON,S/cm,1 ? 3 × 10 ? 6,10.1016/j.ssi.2018.07.011,19/07/2018,,Unknown,,range_dash,manual_review
1716,V2O5,S/cm,2.4 × 10 ? 7,10.1016/j.ensm.2016.02.002,13/02/2016,,Unknown,2.4e-07,single_sci,ok
1717,MnO2,S/cm, 10 ? 6,10.1016/j.electacta.2011.07.140,09/08/2011,,Unknown,1e-06,power_of_ten_leading_dash,ok
1718,Li0.97Na0.02K0.01FePO4 / C,Scm?1,4.91 × 10 ? 2 and 5.44 × 10 ? 2,10.1039/C7NJ01872J,09/10/2017,,Unknown,0.051682105220279086,multi_value,ok
1719,LiPF6,S/cm,0.082,10.1016/S0140-6701(00)94429-1,24/11/2003,,Unknown,0.082,single_plain,ok
1720,Co[Cr(CN)6]2 / 3·zH2O,Scm?1,1.2 × 10 ? 3,10.1039/C0DT01829E,21/06/2011,,Unknown,0.0012,single_sci,ok
1721,LiCoO2,Scm?1,10 ? 4,10.1016/j.jpowsour.2005.10.072,28/11/2005,,Unknown,0.0001,power_of_ten,ok
1722,MnO2,Scm?1,? 10 ? 6,10.1016/j.jpowsour.2014.09.030,16/09/2014,,Unknown,,unknown,manual_review
1724,LiFePO4,Scm?1,10 ? 10,10.1016/j.jpowsour.2013.06.148,04/07/2013,,Unknown,1e-10,power_of_ten,ok
1725,TiO2,Scm?1,10 ? 13,10.1039/C1EE02201F,22/11/2011,,Unknown,1e-13,power_of_ten,ok
1727,LiBF4,Scm?1,10 ? 3,10.1016/j.electacta.2011.07.120,05/08/2011,,Unknown,0.001,power_of_ten,ok
1728,LiClO4,Scm?1,4.2 × 10 ? 5,10.1016/j.ijhydene.2013.03.059,13/04/2013,,Unknown,4.2000000000000004e-05,single_sci,ok
1729,P2O5,Scm?1,3.0 × 10 ? 3,10.1016/j.jnoncrysol.2007.07.059,29/10/2007,,Unknown,0.003,single_sci,ok
1730,LiClO4,S/cm,1.53 × 10 ? 4 to 3.1 × 10 ? 4,10.1016/j.solmat.2015.03.022,07/04/2015,,Unknown,0.00021778429695457844,range_to,ok
1731,SiO2,S/cm,1.0 × 10 ? 4,10.1016/j.compositesb.2013.12.071,01/01/2014,,Unknown,0.0001,single_sci,ok
1732,LiFePO4,Scm?1,10 ? 9,10.1039/C5RA04744G,30/03/2015,,Unknown,1e-09,power_of_ten,ok
1733,LiCoO2,Scm?1,1.8 × 10 ? 6,10.1016/j.jpowsour.2017.02.038,27/02/2017,,Unknown,1.8e-06,single_sci,ok
1734,TiO2,Scm?1,0.69 × 10 ? 6,10.1039/C7TA08164B,21/11/2017,,Unknown,6.9e-07,single_sci,ok
1735,LTO / TiO2,Scm?1,8.6 × 10 ? 5,10.1039/C6TA06874J,01/11/2016,,Unknown,8.6e-05,single_sci,ok
1736,Li7Ti5O12,Scm?1, 10 ? 9,10.1039/C2CP41227F,06/06/2012,,Unknown,1e-09,power_of_ten_leading_dash,ok
1737,LiCF3SO3,S/cm,2.6 × 10 ? 3 and 1.4 × 10 ? 3,10.1016/S0167-2738(03)00298-4,30/09/2003,,Unknown,0.0019078784028338921,multi_value,ok
1738,MnO2,Scm?1, 10 ? 6,10.1016/j.jallcom.2015.04.185,01/05/2015,,Unknown,1e-06,power_of_ten_leading_dash,ok
1739,MoS2,S/cm,1 × 10 ? 4,10.1016/S0167-2738(02)00774-9,15/11/2002,,Unknown,0.0001,single_sci,ok
1740,Li2S2,Scm?1,10 ? 30,10.1016/j.jpowsour.2017.12.027,14/12/2017,,Unknown,1e-30,power_of_ten,ok
1743,H3PO4,Scm?1,10 ? 2,10.1016/S0167-2738(01)00909-2,22/10/2001,,Unknown,0.01,power_of_ten,ok
1744,Polyethylene oxide,S/cm,8.2 × 10 ? 7,10.1016/j.synthmet.2013.06.020,20/07/2013,,Unknown,8.199999999999999e-07,single_sci,ok
1745,Ce0.84Sm0.16O1.92,Scm?1,0.0287,10.1016/j.jpowsour.2006.04.053,05/06/2006,,Unknown,0.0287,single_plain,ok
1746,Li2S,Scm?1,10 ? 8,10.1016/j.jpowsour.2006.04.037,24/05/2006,,Unknown,1e-08,power_of_ten,ok
1748,LiFePO4,Scm?1,10 ? 1,10.1016/j.electacta.2009.05.048,19/05/2009,,Unknown,0.1,power_of_ten,ok
1749,LiPF6,S/cm,1.3 × 10 ? 2 to 1.0 × 10 ? 3,10.1016/j.ijheatmasstransfer.2019.02.020,13/02/2019,,Unknown,0.00360555127546399,range_to,ok
1751,LiFePO4,Scm?1,10 ? 8,10.1016/j.electacta.2012.11.081,29/11/2012,,Unknown,1e-08,power_of_ten,ok
1756,LiPON,Scm?1,2 × 10 ? 6,10.1039/C6NR07733A,08/12/2016,,Unknown,2e-06,single_sci,ok
1757,Li2O2,S/cm,10 ? 12,10.1007/s11434-015-0837-5,23/12/2016,,Unknown,1e-12,power_of_ten,ok
1758,MnO2,mScm?1,to 10,10.1039/C6NR02215D,09/06/2016,,Unknown,10.0,open_upper,ok
1759,LiCoO2,S/cm,10 ? 6,10.1016/j.pmatsci.2005.04.002,14/06/2005,,Unknown,1e-06,power_of_ten,ok
1761,LiClKCl,Scm?1,2.73,10.1016/j.jpowsour.2010.12.009,14/12/2010,,Unknown,2.73,single_plain,ok
1762,Al2O3,Scm?1,6  7 × 10 ? 6,10.1016/j.electacta.2019.01.117,23/01/2019,,Unknown,,range_dash,manual_review
1763,SiB6,Scm?1,1,10.1039/C4RA16781C,13/02/2015,,Unknown,1.0,single_plain,ok
1764,LiPF6,Scm?1,1.21 × 10 ? 4 to 1.64 × 10 ? 2,10.1016/j.ssi.2003.11.024,03/02/2004,,Unknown,0.0014086873322352264,range_to,ok
1766,Li2S,Scm?1,3.9 × 10 ? 4,10.1016/j.carbon.2017.03.038,30/03/2017,,Unknown,0.00039,single_sci,ok
1767,Nb2O5,Scm?1,7.40 × 10 ? 6,10.1016/j.jallcom.2016.12.427,01/01/2017,,Unknown,7.4e-06,single_sci,ok
1770,LiFePO4,S/cm,2 × 10 ? 5  5 × 10 ? 5,10.1016/j.elecom.2007.11.016,24/11/2007,,Unknown,,range_dash,manual_review
1772,Hydroxide,mScm?1,60 to 120,10.1039/C8TA05428B,14/08/2018,,Unknown,84.85281374238566,range_to,ok
1773,Polyethylene oxide,Scm?1,1.85 × 10 ? 4,10.1016/j.scib.2017.10.011,21/10/2017,,Unknown,0.00018500000000000002,single_sci,ok
1774,Li2MnSiO4,Scm?1, 10 ? 16,10.1016/j.commatsci.2017.08.045,15/09/2017,,Unknown,1e-16,power_of_ten_leading_dash,ok
1775,LiMn0.7Fe0.3PO4 / C,Scm?1,5.8 × 10 ? 5 and 3.1 × 10 ? 5,10.1039/C7RA08993G,11/09/2017,,Unknown,4.240283009422838e-05,multi_value,ok
1777,LiPON,Scm?1,1.22 × 10 ? 6,10.1016/j.electacta.2013.08.053,20/08/2013,,Unknown,1.22e-06,single_sci,ok
1778,LiMn2O4,Scm?1,1.81 × 10 ? 4,10.1016/j.ceramint.2015.07.026,11/07/2015,,Unknown,0.000181,single_sci,ok
1780,LiCoO2,Scm?1,10 ? 9,10.1016/j.jpowsour.2009.08.089,06/09/2009,,Unknown,1e-09,power_of_ten,ok
1781,FeSO4,Scm?1,1.04 × 10 ? 2,10.1016/S0379-6779(01)00303-4,22/08/2001,,Unknown,0.010400000000000001,single_sci,ok
1782,SnO2,Scm?1,0.3,10.1016/j.jpowsour.2010.12.089,07/01/2011,,Unknown,0.3,single_plain,ok
1783,Na2.8Ca0.1Al2P3O12,Scm?1,"3.13 × 10 ? 8 , 2.27 × 10 ? 8 and 1.46 × 10 ? 8",10.1039/C8RA01676C,17/04/2018,,Unknown,2.1809264361885528e-08,multi_value,ok
1784,Si / Ti,mScm?1,1.954,10.1016/j.electacta.2016.09.057,12/09/2016,,Unknown,1.954,single_plain,ok
1785,PVImN-90,Scm?1,0.46 × 10 ? 4 and 1.37 × 10 ? 4,10.1039/C4TA05106H,02/12/2014,,Unknown,7.93851371479573e-05,multi_value,ok
1786,LiBF4,Scm?1,2.2 × 10 ? 3,10.1016/S0378-7753(99)00529-7,24/05/2000,,Unknown,0.0022,single_sci,ok
1788,LiClKCl,Scm?1,1.85,10.1016/j.jpowsour.2010.12.009,14/12/2010,,Unknown,1.85,single_plain,ok
1790,Polyethylene oxide,Scm?1, 10 ? 8,10.1016/S0167-577X(02)00888-1,26/06/2002,,Unknown,1e-08,power_of_ten_leading_dash,ok
1791,MgCl2AlCl3,mScm?1,6.99,10.1039/C3TA14825D,11/02/2014,,Unknown,6.99,single_plain,ok
1792,V2O5,Scm?1,10 ? 3,10.1016/j.jpowsour.2011.02.046,24/02/2011,,Unknown,0.001,power_of_ten,ok
1793,LiMn2O4,Scm?1,10 ? 4,10.1016/j.jallcom.2015.02.035,11/02/2015,,Unknown,0.0001,power_of_ten,ok
1794,LiBF4,mS/cm,4.59,10.1016/j.solmat.2007.03.036,27/09/2007,,Unknown,4.59,single_plain,ok
1796,SiO2,mScm?1,1,10.1016/j.electacta.2019.07.050,16/07/2019,,Unknown,1.0,single_plain,ok
1797,LiVPO4F,Scm?1,10  11,10.1016/j.ceramint.2017.11.168,24/11/2017,,Unknown,1e-11,power_of_ten,ok
1798,LiSO3CF3,Scm?1,4.57 × 10 ? 6 and 2.83 × 10 ? 6,10.1016/j.electacta.2005.02.050,17/05/2005,,Unknown,3.5962619481900986e-06,multi_value,ok
1799,TiO2,Scm?1,10 ? 4,10.1039/C6TA02907H,28/06/2016,,Unknown,0.0001,power_of_ten,ok
1800,MoO3,S/cm,"1 × 10 ? 10 , 2 × 10 ? 8 and 7 × 10 ? 6",10.1016/j.electacta.2016.09.069,28/09/2016,,Unknown,2.4101422641752286e-08,multi_value,ok
1801,SnO2,Scm?1,1.11 × 10 ? 7,10.1016/j.mtla.2018.09.037,29/09/2018,,Unknown,1.11e-07,single_sci,ok
1802,Polyethylene oxide,Scm?1,10 ? 4,10.1039/B925840J,16/06/2010,,Unknown,0.0001,power_of_ten,ok
1803,LiBF4,Scm?1,5 × 10 ? 4,10.1016/S0013-4686(03)00171-3,08/05/2003,,Unknown,0.0005,single_sci,ok
1804,LiCoO2,Scm?1,7.47 × 10 ? 4,10.1016/j.matchemphys.2013.06.049,31/07/2013,,Unknown,0.000747,single_sci,ok
1805,SiO2,S/cm,1 × 10 ? 3,10.1016/j.eurpolymj.2004.10.029,24/12/2004,,Unknown,0.001,single_sci,ok
1807,4ZrO2,Scm?1,6.24 × 10 ? 6,10.1016/j.physb.2011.05.047,01/06/2011,,Unknown,6.2399999999999995e-06,single_sci,ok
1808,Mn(II),Scm?1,3.0 × 10 ? 13 to 1.2 × 10 ? 12,10.1039/C9TA04680A,16/07/2019,,Unknown,6.000000000000003e-13,range_to,ok
1809,Polyethylene oxide,Scm?1,10 ? 7,10.1016/j.jpowsour.2017.10.059,05/11/2017,,Unknown,1e-07,power_of_ten,ok
1811,LiClO4,Scm?1,10.47 × 10 ? 3 and 10.96 × 10 ? 3,10.1039/C6TA07846J,22/11/2016,,Unknown,0.010712198653871203,multi_value,ok
1812,H2SO4,mScm?1,33.9,10.1016/j.jpowsour.2016.09.065,21/09/2016,,Unknown,33.9,single_plain,ok
1813,LiClO4,Scm?1,4.0 × 10 ? 6,10.1016/S0032-3861(97)10017-9,21/09/1998,,Unknown,4e-06,single_sci,ok
1814,Na10.8Sn1.9PS11.8,mScm?1,0.4,10.1016/j.nanoen.2018.01.046,31/01/2018,,Unknown,0.4,single_plain,ok
1815,LiFePO4,Scm?1,10 ? 9,10.1016/j.electacta.2013.02.042,26/02/2013,,Unknown,1e-09,power_of_ten,ok
1816,LiBF4,mScm?1,7.55,10.1016/j.electacta.2011.10.041,20/10/2011,,Unknown,7.55,single_plain,ok
1817,H3PO4,Scm?1,2.5 × 10 ? 3,10.1016/j.cclet.2016.06.046,11/07/2016,,Unknown,0.0025,single_sci,ok
1818,LiFePO4,Scm?1,10 ? 9,10.1016/j.jpowsour.2009.08.089,06/09/2009,,Unknown,1e-09,power_of_ten,ok
1820,NASICON,Scm?1,8.9 × 10 ? 4,10.1039/C6TA09375B,31/01/2017,,Unknown,0.0008900000000000001,single_sci,ok
1823,NaOH,S/cm,4.1 × 10 ? 2,10.1016/j.memsci.2005.07.009,18/08/2005,,Unknown,0.040999999999999995,single_sci,ok
1824,Li10[V12B18O60H6]·28H2O,Scm?1,1.77 × 10 ? 2,10.1039/C6DT04701G,21/02/2017,,Unknown,0.0177,single_sci,ok
1825,LiMnPO4,Scm?1,10 ? 9,10.1016/j.electacta.2016.03.017,04/03/2016,,Unknown,1e-09,power_of_ten,ok
1826,SiO2,Scm?1,7.55 × 10 ? 3,10.1016/j.electacta.2011.06.096,06/07/2011,,Unknown,0.00755,single_sci,ok
1827,LiFePO4,Scm?1,5,10.1016/j.jiec.2018.04.022,23/04/2018,,Unknown,5.0,single_plain,ok
1828,H3PO4,mScm?1,7,10.1016/j.nantod.2016.10.002,14/11/2016,,Unknown,7.0,single_plain,ok
1831,V2O5,Scm?1,10-4 ? 10-5,10.1016/j.materresbull.2017.11.054,29/11/2017,,Unknown,,range_dash,manual_review
1833,V2O5,Scm?1, 10 ? 3,10.1016/j.jcis.2019.03.013,06/03/2019,,Unknown,0.001,power_of_ten_leading_dash,ok
1834,LiPON,Scm?1,1  3 × 10 ? 6,10.1016/j.tsf.2019.06.055,29/06/2019,,Unknown,,range_dash,manual_review
1835,RuO2,Scm?1,35,10.1016/j.ensm.2017.05.004,05/05/2017,,Unknown,35.0,single_plain,ok
1836,Co3O4-C,Scm?1,"1.14 × 10 ? 5 , 6.73 × 10 ? 9 and 4.48 × 10 ? 8",10.1039/C4TA00561A,08/04/2014,,Unknown,1.5091508170659994e-07,multi_value,ok
1837,LiClO4,Scm?1,10 ? 2,10.1039/B401042F,27/09/2004,,Unknown,0.01,power_of_ten,ok
1838,LiClO4,Scm?1,1.6 × 10 ? 4,10.1016/S0013-4686(99)00333-3,27/12/1999,,Unknown,0.00016,single_sci,ok
1841,Polyethylene oxide,Scm?1,6.0 × 10 ? 5,10.1039/C8TA10258A,26/02/2019,,Unknown,6.000000000000001e-05,single_sci,ok
1843,LiCoO2,Scm?1,10 ? 4,10.1016/j.jpowsour.2017.05.112,13/06/2017,,Unknown,0.0001,power_of_ten,ok
1846,LiFePO4,S/cm,10 ? 8,10.1016/j.progsolidstchem.2012.01.001,25/01/2012,,Unknown,1e-08,power_of_ten,ok
1847,LiCoO2,Scm?1,2.06 × 10 ? 3 to 2.72 × 10 ? 1,10.1016/j.jpowsour.2013.01.102,28/01/2013,,Unknown,0.023671079400821582,range_to,ok
1848,LiFePO4,Scm?1, 10 ? 5,10.1016/j.jestch.2015.05.011,08/08/2015,,Unknown,1e-05,power_of_ten_leading_dash,ok
1849,LiMgBO3,Scm?1,4.679 × 10 ? 10,10.1016/j.jallcom.2017.05.157,16/05/2017,,Unknown,4.679e-10,single_sci,ok
1850,LiCl,mS/cm,170,10.1016/j.electacta.2012.03.004,09/03/2012,,Unknown,170.0,single_plain,ok
1851,TiO2,Scm?1,83.3,10.1016/j.jallcom.2011.06.027,17/06/2011,,Unknown,83.3,single_plain,ok
1852,NiMoO4,Scm?1,10 to 13,10.1039/C8NJ04402C,05/11/2018,,Unknown,11.401754250991383,range_to,ok
1854,LiFePO4,Scm?1, 10 ? 8,10.1039/B806372A,28/10/2008,,Unknown,1e-08,power_of_ten_leading_dash,ok
1855,LiOH,Scm?1,? 4 to 1.41 × 10 ? 4,10.1016/j.electacta.2017.07.110,22/07/2017,,Unknown,,unknown,manual_review
1856,Li2OHCl,Scm?1,1 × 10 ? 4,10.1039/C8EE00779A,10/10/2018,,Unknown,0.0001,single_sci,ok
1858,P2O5,Scm?1,1.8 × 10 ? 6,10.1016/j.jnoncrysol.2007.07.059,29/10/2007,,Unknown,1.8e-06,single_sci,ok
1859,P2O5TiO2SiO2,S/cm,6.47 × 10 ? 4 to 3.04 × 10 ? 2,10.1016/j.jnoncrysol.2005.08.010,15/09/2005,,Unknown,0.004434952085423248,range_to,ok
1860,Polyethylene oxide,Scm?1,1.00 × 10 ? 6,10.1016/j.electacta.2015.02.074,10/02/2015,,Unknown,1e-06,single_sci,ok
1861,70Li2S30P2S5,S/cm,4,10.1016/j.ssi.2016.01.015,26/01/2016,,Unknown,4.0,single_plain,ok
1862,H2SO4,Scm?1,0.8,10.1016/j.jpowsour.2017.04.021,09/04/2017,,Unknown,0.8,single_plain,ok
1863,LiMn2O4,Scm?1,2.5 × 10 ? 2,10.1016/j.electacta.2006.08.069,28/11/2006,,Unknown,0.025,single_sci,ok
1864,LiPF6,mScm?1,0.7,10.1016/j.cej.2019.122062,24/06/2019,,Unknown,0.7,single_plain,ok
1866,LiFePO4,Scm?1,10 ? 9,10.1039/C4TA04089A,28/10/2014,,Unknown,1e-09,power_of_ten,ok
1867,TiO2,Scm?1,"2.66 × 10 ? 5 , 9.56 × 10 ? 5 , 9.13 × 10 ? 5 and 1.34 × 10 ? 4",10.1039/C6TA07359J,01/11/2016,,Unknown,7.468420737879519e-05,multi_value,ok
1869,LiFePO4,Scm?1, 10 ? 10,10.1016/j.electacta.2015.04.004,02/04/2015,,Unknown,1e-10,power_of_ten_leading_dash,ok
1870,Poly ( propylene carbonate ) (PPC)-KFSI,Scm-1,1.36 × 10 ? 5,10.1016/j.jpowsour.2018.07.124,03/08/2018,,Unknown,1.3600000000000002e-05,single_sci,ok
1871,LiCl,mS/cm,19,10.1016/j.electacta.2012.03.004,09/03/2012,,Unknown,19.0,single_plain,ok
1873,LiBF4LiClO4,Scm?1,4,10.1016/S0013-4686(03)00171-3,08/05/2003,,Unknown,4.0,single_plain,ok
1874,Li2O2,Scm?1, 10 ? 11,10.1016/j.jelechem.2018.03.041,21/03/2018,,Unknown,1e-11,power_of_ten_leading_dash,ok
1875,Polyethylene oxide,S/cm,1.5 × 10 ? 6,10.1016/j.eurpolymj.2011.09.018,28/09/2011,,Unknown,1.5e-06,single_sci,ok
1880,TiO2,Scm?1,10 ? 7,10.1039/C6RA01614F,20/04/2016,,Unknown,1e-07,power_of_ten,ok
1883,LiCoO2,Scm?1,"6.5 × 10 ? 5 , 6 × 10 ? 5 , 1.5 × 10 ? 5 , 1.2 × 10 ? 5 and 1.0 × 10 ? 5",10.1039/C5EE01254F,01/07/2015,,Unknown,2.3402778513326935e-05,multi_value,ok
1885,LiCoPO4,Scm?1, 10 ? 9,10.1016/j.ceramint.2016.10.022,04/10/2016,,Unknown,1e-09,power_of_ten_leading_dash,ok
1886,Mg-doped CuCrO2,Scm?1,1.4,10.1039/C5TC01070E,04/06/2015,,Unknown,1.4,single_plain,ok
1887,LiFePO4,Scm?1,10 ? 10,10.1016/j.jpowsour.2014.05.102,01/06/2014,,Unknown,1e-10,power_of_ten,ok
1889,LiMnPO4,Scm?1,10 ? 9,10.1039/C1JM11541C,20/09/2011,,Unknown,1e-09,power_of_ten,ok
1890,NaOH,Scm?1,1.36 × 10 ? 2 to 0.91 × 10 ? 2,10.1039/C6RA08037E,27/05/2016,,Unknown,0.0111247471881387,range_to,ok
1891,LiBiO2,S/cm,10,10.1016/j.ssi.2015.10.016,01/12/2015,,Unknown,10.0,single_plain,ok
1892,LiFePO4,Scm?1,10 ? 10,10.1016/j.materresbull.2012.04.054,24/04/2012,,Unknown,1e-10,power_of_ten,ok
1893,LiPON / A-LLTO,Scm?1,to 1.65 × 10 ? 4,10.1039/C5TA06374D,03/11/2015,,Unknown,0.000165,open_upper,ok
1894,LiFePO4,Scm?1, 10 ? 9,10.1016/j.ssi.2019.03.002,07/03/2019,,Unknown,1e-09,power_of_ten_leading_dash,ok
1895,TiO2,Scm?1,5 × 10 ? 30,10.1039/C9TA00327D,15/05/2019,,Unknown,5.0000000000000004e-30,single_sci,ok
1896,Lithium bis(trifluoromethanesulfonyl)imide,Scm?1,3.3 × 10 ? 3,10.1039/C7MH01130J,08/05/2018,,Unknown,0.0033,single_sci,ok
1898,LiPON,Scm?1,3.3 × 10 ? 6,10.1016/j.jpowsour.2010.12.022,21/12/2010,,Unknown,3.2999999999999997e-06,single_sci,ok
1901,LiPF6,Scm?1,1.7 × 10 ? 5,10.1016/j.jpowsour.2011.08.037,12/08/2011,,Unknown,1.7e-05,single_sci,ok
1902,( Cu1-xAgxI )( Ag2O )( CrO3 ),Scm?1,10 ? 3,10.1016/S0167-2738(02)00701-4,21/09/2002,,Unknown,0.001,power_of_ten,ok
1903,LiMnPO4,Scm?1,10 ? 10,10.1016/j.jpowsour.2011.12.050,21/01/2012,,Unknown,1e-10,power_of_ten,ok
1904,LiFePO4,Scm?1,- 10 ? 10,10.1016/j.electacta.2018.10.101,16/10/2018,,Unknown,1e-10,power_of_ten_leading_dash,ok
1906,NixCo3?xO4,Scm?1,0.3,10.1039/C4NR02183E,07/08/2014,,Unknown,0.3,single_plain,ok
1907,PVdF-HFP,mScm?1,0.3,10.1039/C6RA10340E,01/08/2016,,Unknown,0.3,single_plain,ok
1909,Polyethylene oxide,Scm?1,2.87 × 10 ? 5,10.1016/j.ssi.2010.12.008,21/01/2011,,Unknown,2.8700000000000003e-05,single_sci,ok
1910,TiO2,Scm?1, 10 ? 7,10.1039/C6TA04102G,19/07/2016,,Unknown,1e-07,power_of_ten_leading_dash,ok
1911,NiMoO4,Scm?1,10 ? 6,10.1039/C6RA23076H,23/11/2016,,Unknown,1e-06,power_of_ten,ok
1912,Li14Zn(GeO4)4,Scm?1,0.13,10.1016/j.jpowsour.2018.05.003,16/05/2018,,Unknown,0.13,single_plain,ok
1915,LiPF6,Scm?1,0.01,10.1016/j.jpowsour.2012.11.141,12/12/2012,,Unknown,0.01,single_plain,ok
1916,70Li2S·30P2S5-220,Scm?1,1.1 × 10 ? 5 and 3.7 × 10 ? 6,10.1039/C7QI00737J,13/02/2018,,Unknown,6.379655163094635e-06,multi_value,ok
1917,V2O5,Scm?1,000,10.1016/j.jpowsour.2016.08.039,24/08/2016,,Unknown,,single_plain,manual_review
1918,LiFePO4,Scm?1,10 ? 9,10.1039/C5CE00989H,03/08/2015,,Unknown,1e-09,power_of_ten,ok
1919,LiPO3,S/cm,11,10.1016/j.ssi.2008.04.015,17/06/2008,,Unknown,11.0,single_plain,ok
1920,Li2FeSiO4,Scm?1,5.6 × 10 ? 4,10.1016/j.carbon.2015.02.056,21/02/2015,,Unknown,0.00056,single_sci,ok
1921,MoS2-doped Li2SP2S5,mScm?1,4.8,10.1039/C8TA01115J,17/04/2018,,Unknown,4.8,single_plain,ok
1922,BSCF5582,Scm?1,1,10.1039/C6CS00841K,22/05/2017,,Unknown,1.0,single_plain,ok
1923,LiFePO4 / C,Scm?1,4.09 × 10 ? 2,10.1016/j.electacta.2009.09.029,12/09/2009,,Unknown,0.0409,single_sci,ok
1924,Li2O2,Scm?1,5 × 10 ? 20,10.1039/C3EE41632A,17/07/2013,,Unknown,5e-20,single_sci,ok
1925,LiMnPO4,Scm?1,1.8 × 10 ? 8,10.1016/j.jallcom.2014.06.085,23/06/2014,,Unknown,1.8000000000000002e-08,single_sci,ok
1926,LiFeBO3,Scm?1,3.9 × 10 ? 7,10.1039/C2NR30598D,27/07/2012,,Unknown,3.8999999999999997e-07,single_sci,ok
1927,LiFeSO4F,Scm?1,11,10.1016/j.electacta.2012.08.073,03/09/2012,,Unknown,11.0,single_plain,ok
1928,Li14Zn(GeO4)4,Scm?1,0.125,10.1016/S0167-2738(97)00429-3,11/06/1999,,Unknown,0.125,single_plain,ok
1929,LiPON,Scm?1,1.5 × 10 ? 6,10.1016/j.jpowsour.2010.06.113,13/07/2010,,Unknown,1.5e-06,single_sci,ok
1930,NaOH,Scm?1,1.9 × 10 ? 2,10.1016/j.jpowsour.2007.09.063,28/09/2007,,Unknown,0.019,single_sci,ok
1931,LiFePO4,Scm?1,10 ? 8,10.1016/j.jpowsour.2014.04.046,04/05/2014,,Unknown,1e-08,power_of_ten,ok
1932,Li4SiS4,S/cm,4,10.1016/j.matlet.2007.08.055,27/08/2007,,Unknown,4.0,single_plain,ok
1933,PVDFHFP / LiClO4,Scm?1,8.28 × 10 ? 4,10.1039/C8RA00970H,23/04/2018,,Unknown,0.000828,single_sci,ok
1936,LiNi0.5Mn1.5O4,Scm?1,"1.18 × 10 ? 4 , 5.32 × 10 ? 4 and 4.73 × 10 ? 4",10.1016/j.elecom.2009.05.054,02/06/2009,,Unknown,0.00030965986975013324,multi_value,ok
1937,FeCl3,Scm?1,3.59 × 10 ? 4,10.1039/C6RA08876G,01/07/2016,,Unknown,0.000359,single_sci,ok
1938,SiO2,mScm?1,0.66,10.1039/C1JM12246K,20/09/2011,,Unknown,0.66,single_plain,ok
1939,MnO2,Scm?1,10 ? 6,10.1039/C3CP53504E,30/10/2013,,Unknown,1e-06,power_of_ten,ok
1943,LiClO4,Scm?1,10 ? 3,10.1039/C8TA01409D,08/05/2018,,Unknown,0.001,power_of_ten,ok
1944,Polyethylene oxide,Scm?1,10 ? 7,10.1016/j.jpowsour.2005.10.042,21/11/2005,,Unknown,1e-07,power_of_ten,ok
1945,MnO2,Scm?1, 10 ? 6,10.1039/C7RA07056J,09/08/2017,,Unknown,1e-06,power_of_ten_leading_dash,ok
1946,LiFePO4,Scm?1,1.8 × 10 ? 9,10.1039/C5RA02659H,07/04/2015,,Unknown,1.8000000000000002e-09,single_sci,ok
1947,TiO2,Scm?1,7.2 × 10 ? 6 and 5.8 × 10 ? 6,10.1016/j.electacta.2019.01.117,23/01/2019,,Unknown,6.462197768561392e-06,multi_value,ok
1948,LiClO4,Scm?1,? 6 to 2 × 10 ? 3,10.1016/S0013-4686(00)00732-5,20/03/2001,,Unknown,,unknown,manual_review
1949,SiO2,mScm?1,0.55 to 0.93,10.1039/C4RA07994A,27/10/2014,,Unknown,0.7151922818375489,range_to,ok
1950,SiO2,mScm?1,50,10.1039/B821506E,06/05/2009,,Unknown,50.0,single_plain,ok
1951,MnO2,S/cm,10â5â1Ã  10â6,10.1016/S1003-6326(18)64843-5,06/11/2018,,Unknown,,encoding_error,manual_review
1952,Cr-doped TiO2,Scm?1,to 1.22 × 10 ? 8,10.1039/C3TA14535B,14/01/2014,,Unknown,1.22e-08,open_upper,ok
1953,LiFePO4,Scm?1,10 ? 8,10.1016/j.jpowsour.2015.10.068,11/11/2015,,Unknown,1e-08,power_of_ten,ok
1954,TiO2,Scm?1,"1 × 10 ? 5 , 7.8 × 10 ? 5 , 9.8 × 10 ? 5 and 7.9 × 10 ? 5",10.1039/C6TA06840E,31/01/2017,,Unknown,4.9572057231039914e-05,multi_value,ok
1955,IrO2 / SbSnO2,Scm?1,10 ? 1,10.1039/C5TA02942B,13/10/2015,,Unknown,0.1,power_of_ten,ok
1956,Li2S,Scm?1,10 ? 4,10.1016/S0167-2738(00)00484-7,30/11/2000,,Unknown,0.0001,power_of_ten,ok
1957,Polyethylene oxide,S/cm,1.2 × 10 ? 5,10.1016/j.ssi.2019.01.007,09/01/2019,,Unknown,1.2e-05,single_sci,ok
1958,P222Si-TFSI,mScm?1,1  2,10.1039/C1CC15331E,25/10/2011,,Unknown,,range_dash,manual_review
1960,MoOx,Scm?1,4,10.1039/C6TA10433A,07/02/2017,,Unknown,4.0,single_plain,ok
1961,LiMn2O4,Scm?1,10 ? 4,10.1016/j.elecom.2007.09.020,01/10/2007,,Unknown,0.0001,power_of_ten,ok
1963,LiCl,mScm?1,1.8,10.1016/j.jpowsour.2012.12.022,14/12/2012,,Unknown,1.8,single_plain,ok
1964,V2O5,Scm?1, 10 ? 3,10.1016/j.electacta.2018.02.167,02/03/2018,,Unknown,0.001,power_of_ten_leading_dash,ok
1965,Fe2P,Scm?1,10 ? 1,10.1016/j.jpowsour.2011.10.042,20/10/2011,,Unknown,0.1,power_of_ten,ok
1967,NASICON,Scm?1,10 ? 3,10.1016/j.jpowsour.2017.07.051,20/07/2017,,Unknown,0.001,power_of_ten,ok
1968,MnO2,Scm?1, 10 ? 6,10.1039/C8QI00170G,12/06/2018,,Unknown,1e-06,power_of_ten_leading_dash,ok
1969,Tungsten oxide hydrates,Scm?1,6.7 × 10 ? 5,10.1016/j.electacta.2018.04.169,07/05/2018,,Unknown,6.7e-05,single_sci,ok
1970,LiCF3SO3,Scm?1,1 × 10 ? 8 and 8 × 10 ? 5,10.1016/S0167-2738(98)00372-5,07/01/2000,,Unknown,8.944271909999161e-07,multi_value,ok
1972,LiFePO4,Scm?1,10 ? 10,10.1016/j.jallcom.2014.06.085,23/06/2014,,Unknown,1e-10,power_of_ten,ok
1973,V2O5,Scm?1, 10 ? 3,10.1039/C8TA01627E,15/05/2018,,Unknown,0.001,power_of_ten_leading_dash,ok
1974,Mg(BH4)2,Scm?1,1 × 10 ? 9 and 1 × 10 ? 6,10.1039/C3CC47097K,09/01/2014,,Unknown,3.162277660168379e-08,multi_value,ok
1975,LiPF6,Scm?1,4.99 × 10 ? 4,10.1039/C4EE02192D,12/11/2014,,Unknown,0.0004990000000000001,single_sci,ok
1976,Al2O3,Scm?1,5.0 × 10-5,10.1016/j.commatsci.2017.12.014,30/12/2017,,Unknown,5e-05,single_sci,ok
1977,LiClO4,Scm?1,3.14 × 10 ? 5,10.1016/S0016-2361(01)00178-8,01/11/2001,,Unknown,3.1400000000000004e-05,single_sci,ok
1978,SiO2,Scm?1,3.5 × 10 ? 2,10.1016/S0013-4686(03)00179-8,17/06/2003,,Unknown,0.035,single_sci,ok
1979,P2S5,Scm?1,7.2 × 10 ? 4,10.1016/j.jnoncrysol.2006.10.091,11/12/2007,,Unknown,0.00072,single_sci,ok
1981,LiPF6,mScm?1,3.2,10.1039/C3NR04486F,10/10/2013,,Unknown,3.2,single_plain,ok
1982,LiFePO4,S/cm,10 ? 10,10.1016/j.jallcom.2010.07.010,14/07/2010,,Unknown,1e-10,power_of_ten,ok
1983,H2SO4,Scm?1,0.8,10.1016/j.jallcom.2017.10.262,31/10/2017,,Unknown,0.8,single_plain,ok
1984,LiClO4,Scm?1,2.6 × 10 ? 4,10.1016/j.scib.2017.10.011,21/10/2017,,Unknown,0.00026000000000000003,single_sci,ok
1985,(La0.8Sr0.2)MnO3,Scm?1,10 ? 7,10.1039/C2CP42919E,23/01/2013,,Unknown,1e-07,power_of_ten,ok
1986,LiPON,S/cm,10 ? 6,10.1016/j.jallcom.2019.07.348,30/07/2019,,Unknown,1e-06,power_of_ten,ok
1987,Al2O3,S/cm,1.0 × 10 ? 7,10.1016/S0167-2738(03)00025-0,26/02/2003,,Unknown,1e-07,single_sci,ok
1990,Li2MnSiO4,Scm?1,5 × 10 ? 16,10.1016/j.electacta.2018.11.133,22/11/2018,,Unknown,5e-16,single_sci,ok
1991,Cu3Ge,Scm?1,1.45,10.1039/C5TA06862B,10/11/2015,,Unknown,1.45,single_plain,ok
1992,Polyethylene oxide,Scm?1,10 ? 7,10.1016/j.jpowsour.2018.03.016,29/03/2018,,Unknown,1e-07,power_of_ten,ok
1993,Mn3O4,Scm?1,10 ? 4,10.1039/C1EE02121D,22/11/2011,,Unknown,0.0001,power_of_ten,ok
1994,LiPON,S/cm,3 × 10 ? 6,10.1016/j.jallcom.2019.07.348,30/07/2019,,Unknown,3e-06,single_sci,ok
1995,LiMnPO4,Scm?1,10 ? 10,10.1039/C2DT30630A,04/07/2012,,Unknown,1e-10,power_of_ten,ok
1996,LiFePO4,Scm?1,10 ? 9,10.1016/j.matchemphys.2015.02.024,27/02/2015,,Unknown,1e-09,power_of_ten,ok
1997,LiFePO4,S/cm,10 ? 9,10.1016/j.jpowsour.2015.04.081,28/04/2015,,Unknown,1e-09,power_of_ten,ok
1998,Polyethylene oxide,Scm?1,1.03 × 10 ? 5,10.1016/j.jpowsour.2005.03.028,28/04/2005,,Unknown,1.0300000000000001e-05,single_sci,ok
1999,NASICON,Scm?1,3.6 × 10 ? 3,10.1016/j.ensm.2019.04.009,12/04/2019,,Unknown,0.0036000000000000003,single_sci,ok
2000,LiFePO4,Scm?1,0.203,10.1016/j.electacta.2017.02.161,28/02/2017,,Unknown,0.203,single_plain,ok
2001,LiClO4,S/cm,17,10.1016/S0013-4686(00)00741-6,20/03/2001,,Unknown,17.0,single_plain,ok
2002,Al2(WO3)4,Scm?1,4 × 10 ? 6,10.1039/C3RA42211A,01/07/2013,,Unknown,4e-06,single_sci,ok
2003,Li6.6?z / 2Alz / 2?0.4La3Zr1.6+zTa0.4?zO12,Scm?1,4.7 × 10 ? 4,10.1039/C6RA13317G,17/08/2016,,Unknown,0.00047000000000000004,single_sci,ok
2005,LiClO4,Scm?1,10 ? 9,10.1016/j.mseb.2006.08.033,26/09/2006,,Unknown,1e-09,power_of_ten,ok
2006,SiO2,Scm?1,3.9 × 10 ? 4,10.1039/C6QI00125D,01/11/2016,,Unknown,0.00039,single_sci,ok
2007,Li2MnO3,Scm?1,10 ? 9,10.1039/C5TA01445J,07/04/2015,,Unknown,1e-09,power_of_ten,ok
2008,MnO2,Scm?1,10 ? 6,10.1039/C6TA04530H,25/10/2016,,Unknown,1e-06,power_of_ten,ok
2009,LiClO4,S/cm,2.0 × 10 ? 8 to 7.2 × 10 ? 8,10.1016/j.electacta.2006.08.007,09/10/2006,,Unknown,3.7947331922020574e-08,range_to,ok
2010,Fe(II),Scm?1,4.6 × 10 ? 8 to 5.8 × 10 ? 7,10.1039/C9TA04680A,16/07/2019,,Unknown,1.633401359127633e-07,range_to,ok
2013,Al2O3,S/cm,? 6 to 2.38 × 10 ? 5,10.1016/j.jallcom.2013.04.195,07/05/2013,,Unknown,,unknown,manual_review
2014,Mn3O4,Scm?1, 10 ? 8,10.1039/C4CS00218K,26/01/2015,,Unknown,1e-08,power_of_ten_leading_dash,ok
2015,Mg(ClO4)2,mS/cm,3.67,10.1016/j.electacta.2012.07.050,20/07/2012,,Unknown,3.67,single_plain,ok
2016,LiBF4,Scm?1,10 ? 3,10.1016/S0378-7753(99)00148-2,20/01/2000,,Unknown,0.001,power_of_ten,ok
2017,V2O5,Scm?1,0.008,10.1039/C8TA11233A,24/04/2019,,Unknown,0.008,single_plain,ok
2018,MnO2,Scm?1, 10 ? 6,10.1016/j.jallcom.2016.03.252,31/03/2016,,Unknown,1e-06,power_of_ten_leading_dash,ok
2020,LiPON,Scm?1,5.6 × 10 ? 7,10.1016/j.jpowsour.2003.08.030,30/10/2003,,Unknown,5.599999999999999e-07,single_sci,ok
2022,Li2B12H12,Scm?1,0.79,10.1016/j.ensm.2019.08.032,07/09/2019,,Unknown,0.79,single_plain,ok
2024,Nb2O5,Scm?1,3 × 10 ? 6,10.1016/j.electacta.2018.11.017,07/11/2018,,Unknown,3e-06,single_sci,ok
2025,MnO2,Scm?1, 10 ? 6,10.1039/C3CP55456B,09/04/2014,,Unknown,1e-06,power_of_ten_leading_dash,ok
2027,LiClO4,Scm?1,3,10.1039/C6TA07846J,22/11/2016,,Unknown,3.0,single_plain,ok
2028,LiCoPO4,S/cm,10 ? 8,10.1016/j.elecom.2006.04.018,06/06/2006,,Unknown,1e-08,power_of_ten,ok
2029,MnO2,S/cm, 10 ? 8,10.1016/j.jcis.2017.01.008,10/01/2017,,Unknown,1e-08,power_of_ten_leading_dash,ok
2032,Li2FeSiO4,Scm?1,6 × 10 ? 14,10.1016/j.jpowsour.2016.08.091,27/08/2016,,Unknown,6e-14,single_sci,ok
2033,NaCl,mScm?1,1,10.1039/C7TA06573F,31/10/2017,,Unknown,1.0,single_plain,ok
2034,Mg(CF3SO3)2,Scm?1,2.16 × 10 ? 4,10.1016/j.electacta.2013.09.008,16/09/2013,,Unknown,0.00021600000000000002,single_sci,ok
2036,Li7Ti5O12,Scm?1,1.6 × 10 ? 8 and 3.4 × 10 ? 5,10.1039/C2RA21603E,08/10/2012,,Unknown,7.375635565834314e-07,multi_value,ok
2039,LaF3,Scm-1,10  6,10.1016/j.ensm.2018.10.010,12/10/2018,,Unknown,1e-06,power_of_ten,ok
2040,LiFePO4,Scm?1,3.5 × 10 ? 6,10.1039/C0JM04396F,28/06/2011,,Unknown,3.5e-06,single_sci,ok
2041,NaAlCl4·2SO2,S/cm,10 ? 1,10.1016/j.ensm.2018.04.014,13/04/2018,,Unknown,0.1,power_of_ten,ok
2042,Co3O4,Scm?1,3.1 × 10 ? 5,10.1016/j.nanoen.2014.09.015,28/09/2014,,Unknown,3.1e-05,single_sci,ok
2043,ZrO2,Scm?1,1.55 × 10 ? 7,10.1016/S0167-577X(00)00029-X,08/06/2000,,Unknown,1.55e-07,single_sci,ok
2044,LiCoO2,Scm?1,"6.5 × 10 ? 5 , 6 × 10 ? 5 , 1.5 × 10 ? 5 , 1.2 × 10 ? 5 and 1.0 × 10 ? 5",10.1039/C5EE01254F,01/07/2015,,Unknown,2.3402778513326935e-05,multi_value,ok
2045,Li2S,Scm?1,5 × 10 ? 30,10.1016/j.coco.2019.07.012,30/07/2019,,Unknown,5.0000000000000004e-30,single_sci,ok
2047,MnO2,Scm?1,10 ? 6,10.1039/C3NR01589K,11/07/2013,,Unknown,1e-06,power_of_ten,ok
2048,Li7Ti5O12,Scm?1,10 ? 2,10.1016/j.pnsc.2016.06.004,10/08/2016,,Unknown,0.01,power_of_ten,ok
2049,NaCl,Scm?1,0.0002435,10.1016/j.seppur.2018.06.041,21/06/2018,,Unknown,0.0002435,single_plain,ok
2051,Li2S,Scm?1,3.6 × 10 ? 7,10.1016/j.electacta.2018.09.048,07/09/2018,,Unknown,3.6e-07,single_sci,ok
2052,Li6PS5Br,Scm?1,3.4 × 10 ? 5 and 1.5 × 10 ? 5,10.1016/j.ceramint.2017.09.241,11/10/2017,,Unknown,2.258317958127244e-05,multi_value,ok
2054,MnO2,Scm?1, 10 ? 8,10.1016/j.ssi.2005.04.002,11/05/2005,,Unknown,1e-08,power_of_ten_leading_dash,ok
2055,TiO2,Scm?1, 10 ? 2,10.1016/j.jpowsour.2015.05.115,06/06/2015,,Unknown,0.01,power_of_ten_leading_dash,ok
2056,KPC-750,Scm?1,1.4,10.1039/C6RA22426A,25/10/2016,,Unknown,1.4,single_plain,ok
2057,SrBi4Ti4O15,Scm?1,0.72 × 10 ? 5,10.1016/j.jpcs.2007.08.072,15/09/2007,,Unknown,7.2000000000000005e-06,single_sci,ok
2059,Li4SiO4,Scm?1,1.2 × 10 ? 7,10.1016/j.ssi.2018.10.014,30/10/2018,,Unknown,1.2e-07,single_sci,ok
2060,SnS2,Scm-1,3.09 × 10-5,10.1016/j.ensm.2017.10.004,10/10/2017,,Unknown,3.09e-05,single_sci,ok
2062,LiMn2O4,Scm?1,0.108,10.1039/C3EE24249H,19/06/2013,,Unknown,0.108,single_plain,ok
2064,LiPF6,S/cm,0.082,10.1016/S0140-6701(00)94424-2,24/11/2003,,Unknown,0.082,single_plain,ok
2066,LiFePO4,Scm?1,5.88 × 10 ? 8,10.1016/j.jpowsour.2008.09.053,25/09/2008,,Unknown,5.88e-08,single_sci,ok
2067,LiPON,S/cm,2 × 10 ? 6,10.1016/j.ijhydene.2014.01.012,01/02/2014,,Unknown,2e-06,single_sci,ok
2068,LiBON,Scm?1,8.10 × 10 ? 7 and 9.27 × 10 ? 7,10.1016/j.tsf.2019.06.055,29/06/2019,,Unknown,8.665275529375854e-07,multi_value,ok
2070,NaBH4,S/cm,0.0833,10.1016/j.supflu.2011.09.006,21/09/2011,,Unknown,0.0833,single_plain,ok
2072,Na0.44MnO2,Scm?1,10 ? 6,10.1016/j.electacta.2016.11.048,09/11/2016,,Unknown,1e-06,power_of_ten,ok
2073,Sb2O3,Scm?1,0.0792,10.1016/j.energy.2014.08.017,26/08/2014,,Unknown,0.0792,single_plain,ok
2075,LiMnPO4,Scm?1,1.8 × 10 ? 8,10.1016/j.electacta.2012.12.027,19/12/2012,,Unknown,1.8000000000000002e-08,single_sci,ok
2076,LiFePO4,Scm?1,1.8 × 10 ? 9,10.1016/j.jpowsour.2013.12.010,12/12/2013,,Unknown,1.8000000000000002e-09,single_sci,ok
2079,SiO2,Scm?1,6.20 × 10 ? 5,10.1039/C9TA01214A,24/04/2019,,Unknown,6.2e-05,single_sci,ok
2080,V2O5,Scm?1,10 ? 3,10.1039/C5TA01949D,22/12/2015,,Unknown,0.001,power_of_ten,ok
2082,LiFePO4,Scm?1,"4.62 × 10 ? 3 , 1.56 × 10 ? 8 and 6.28 × 10 ? 6",10.1039/C3RA44218G,16/10/2013,,Unknown,7.677893302373827e-06,multi_value,ok
2085,NaPO3,Scm?1,2.8 × 10 ? 8,10.1016/j.eurpolymj.2007.07.038,08/08/2007,,Unknown,2.8e-08,single_sci,ok
2087,LiCoO2,Scm?1, 10 ? 6,10.1016/j.jelechem.2015.02.016,04/03/2015,,Unknown,1e-06,power_of_ten_leading_dash,ok
2088,LiMn2O4,S/cm,10  4,10.1016/j.jechem.2017.09.007,14/09/2017,,Unknown,0.0001,power_of_ten,ok
2089,TiO2,Scm?1,2.75 × 10 ? 5,10.1039/C4RA00133H,05/03/2014,,Unknown,2.75e-05,single_sci,ok
2090,LiCoO2,Scm?1,2.07 × 10 ? 1,10.1039/C1JM11793A,03/08/2011,,Unknown,0.207,single_sci,ok
2091,LiTa2PO8,Scm?1,2.5 × 10 ? 4,10.1039/C8TA09170F,20/11/2018,,Unknown,0.00025,single_sci,ok
2093,ZrO2,Scm?1,7.0 × 10 ? 4,10.1016/j.jpowsour.2017.11.083,16/12/2017,,Unknown,0.0007,single_sci,ok
2094,RuO2,Scm?1,10 ? 3,10.1016/j.jpcs.2009.03.015,08/04/2009,,Unknown,0.001,power_of_ten,ok
2096,LiCoO2,Scm?1, 10 ? 5,10.1039/C6NH00016A,17/10/2016,,Unknown,1e-05,power_of_ten_leading_dash,ok
2097,NASICON,Scm?1,8.9 × 10 ? 4,10.1016/j.ensm.2017.10.006,13/10/2017,,Unknown,0.0008900000000000001,single_sci,ok
2098,CoOOH,Scm?1,10 ? 2,10.1016/S1466-6049(00)00093-3,04/12/2000,,Unknown,0.01,power_of_ten,ok
2099,LiCoPO4,Scm?1,2,10.1016/j.jpowsour.2006.10.010,13/11/2006,,Unknown,2.0,single_plain,ok
2100,P2O5,Scm?1, 10 ? 7,10.1016/S0022-0728(98)00388-X,23/05/2000,,Unknown,1e-07,power_of_ten_leading_dash,ok
2103,K2SO4,Scm?1,9 × 10 ? 4,10.1039/C8TA11735G,19/02/2019,,Unknown,0.0009000000000000001,single_sci,ok
2104,LiCoO2,Scm?1,10 ? 9,10.1016/j.materresbull.2017.05.021,10/05/2017,,Unknown,1e-09,power_of_ten,ok
2107,SnO2,Scm?1,5.95,10.1039/C2JM34352E,20/11/2012,,Unknown,5.95,single_plain,ok
2108,LiCF3SO3,Scm?1,5.09 × 10 ? 5,10.1016/j.jpowsour.2005.12.007,18/01/2006,,Unknown,5.0900000000000004e-05,single_sci,ok
2109,LiTFSI / CH3CN,mScm?1,21,10.1039/C8EE01040D,07/11/2018,,Unknown,21.0,single_plain,ok
2111,PbSnF4,Scm?1,1.5 × 10 ? 3,10.1039/C8CC05549A,09/10/2018,,Unknown,0.0015,single_sci,ok
2113,Polyethylene oxide,Scm?1,10 ? 4.3,10.1016/S0167-2738(02)00032-2,05/02/2002,,Unknown,,unknown,manual_review
2114,LiCoPO4,Scm?1,10 ? 9,10.1016/j.electacta.2012.10.048,22/10/2012,,Unknown,1e-09,power_of_ten,ok
2115,ZrO2,Scm?1,1.78 × 10 ? 4,10.1016/S0167-577X(00)00029-X,08/06/2000,,Unknown,0.00017800000000000002,single_sci,ok
2116,LiFePO4,Scm?1,10 ? 11,10.1016/j.synthmet.2012.04.025,13/06/2012,,Unknown,1e-11,power_of_ten,ok
2117,LiClO4,Scm?1,4 × 10 ? 5 and 1.6 × 10 ? 6,10.1016/j.electacta.2004.07.027,05/10/2004,,Unknown,8.000000000000003e-06,multi_value,ok
2118,LiBF4,S/cm,0.52,10.1016/S0140-6701(00)94422-9,24/11/2003,,Unknown,0.52,single_plain,ok
2121,TiO2,Scm?1,10 ? 5,10.1039/C8GC03086C,04/02/2019,,Unknown,1e-05,power_of_ten,ok
2122,Li3BO3,Scm?1,2 × 10 ? 6,10.1016/j.ssi.2018.05.015,19/05/2018,,Unknown,2e-06,single_sci,ok
2123,LiMnPO4,Scm?1,9,10.1039/C2CS35307E,11/03/2013,,Unknown,9.0,single_plain,ok
2124,Hydroxide,mS/cm,27,10.1016/j.memsci.2016.09.033,22/09/2016,,Unknown,27.0,single_plain,ok
2125,LiFePO4,S/cm,10 ? 9,10.1016/j.ceramint.2014.08.120,07/10/2014,,Unknown,1e-09,power_of_ten,ok
2126,LiFePO4,Scm?1,3,10.1016/j.jpowsour.2013.01.073,21/01/2013,,Unknown,3.0,single_plain,ok
2127,Hydroxide,mScm?1,132,10.1039/C4CP05755D,28/01/2015,,Unknown,132.0,single_plain,ok
2128,LiFePO4,Scm?1, 10 ? 10,10.1016/j.est.2018.05.009,29/05/2018,,Unknown,1e-10,power_of_ten_leading_dash,ok
2131,MnO2,Scm?1, 10 ? 6,10.1039/C8NJ04358B,19/11/2018,,Unknown,1e-06,power_of_ten_leading_dash,ok
2132,Mg(ClO4)2,mS/cm,to 2.16,10.1016/j.electacta.2012.07.050,20/07/2012,,Unknown,2.16,open_upper,ok
2133,MnO2,Scm?1,to 6.0,10.1039/C6RA23127F,24/10/2016,,Unknown,6.0,open_upper,ok
2134,Li2S,Scm?1, 10 ? 7,10.1016/j.apsusc.2018.09.241,28/09/2018,,Unknown,1e-07,power_of_ten_leading_dash,ok
2139,PVdF-HFP,mScm?1,2.6,10.1016/j.jpowsour.2013.06.151,05/07/2013,,Unknown,2.6,single_plain,ok
2140,LiPF6,mS/cm,0.66,10.1016/S0378-7753(03)00154-X,28/03/2003,,Unknown,0.66,single_plain,ok
2141,Mn3O4,Scm?1, 10 ? 8,10.1016/j.nanoen.2015.01.040,04/02/2015,,Unknown,1e-08,power_of_ten_leading_dash,ok
2142,LiCoO2,Scm?1,10 ? 10,10.1016/j.electacta.2006.08.069,28/11/2006,,Unknown,1e-10,power_of_ten,ok
2143,Li14Zn(GeO4)4,Scm?1,0.13,10.1039/C6MH00218H,24/10/2016,,Unknown,0.13,single_plain,ok
2144,LiMnPO4,Scm?1,10 ? 10,10.1016/j.electacta.2013.10.176,07/11/2013,,Unknown,1e-10,power_of_ten,ok
2146,Al2O3,mScm?1,1.64,10.1016/j.memsci.2018.02.040,16/02/2018,,Unknown,1.64,single_plain,ok
2149,LiFePO4,Scm?1,2 × 10 ? 9,10.1039/C3TA13387G,27/11/2013,,Unknown,2e-09,single_sci,ok
2150,Hydroxide,mScm?1,1  60,10.1039/C1JM10656B,16/08/2011,,Unknown,,range_dash,manual_review
2152,NaBF4,Scm?1,5.67 × 10 ? 4,10.1039/C5RA23864A,20/01/2016,,Unknown,0.000567,single_sci,ok
2153,LiClO4,Scm?1,4 × 10 ? 5 and 1.6 × 10 ? 6,10.1016/j.electacta.2004.07.027,05/10/2004,,Unknown,8.000000000000003e-06,multi_value,ok
2155,NaOH,mScm?1,0.4,10.1039/C6EE00656F,08/06/2016,,Unknown,0.4,single_plain,ok
2156,Al2O3,Scm?1,4.0 × 10 ? 3,10.1039/C3TC30137K,21/03/2013,,Unknown,0.004,single_sci,ok
2157,Li2FeSiO4,Scm?1,1 × 10 ? 14 and 6 × 10 ? 14,10.1016/j.jallcom.2019.05.221,18/05/2019,,Unknown,2.4494897427831786e-14,multi_value,ok
2158,LiPON,Scm?1,1.6 × 10 ? 6,10.1016/j.jallcom.2018.07.153,20/07/2018,,Unknown,1.6e-06,single_sci,ok
2159,Y2O3-doped CeO2,S/cm,0.023,10.1016/j.ceramint.2008.01.027,29/04/2008,,Unknown,0.023,single_plain,ok
2160,LiFePO4,Scm?1,2.4 × 10 ? 7,10.1016/j.jallcom.2012.04.014,12/04/2012,,Unknown,2.4e-07,single_sci,ok
2161,NaOH,Scm?1,100,10.1016/j.electacta.2011.11.086,29/11/2011,,Unknown,100.0,power_of_ten,ok
2162,FeII,Scm?1,10 ? 3,10.1039/C5TA06424D,03/11/2015,,Unknown,0.001,power_of_ten,ok
2163,Li2S,Scm?1,10 ? 30,10.1016/j.jpowsour.2017.04.092,03/05/2017,,Unknown,1e-30,power_of_ten,ok
2164,LiPF6,Scm?1,2.24 × 10 ? 3,10.1039/C6TA07757A,17/01/2017,,Unknown,0.0022400000000000002,single_sci,ok
2165,TiO2,S/cm,1.4 × 10 ? 6,10.1016/S0167-2738(99)00004-1,20/04/1999,,Unknown,1.4e-06,single_sci,ok
2167,LiMn2O4,Scm?1,10 ? 4,10.1039/C3CP53436G,02/01/2014,,Unknown,0.0001,power_of_ten,ok
2168,Co3O4,Scm?1,0.08,10.1039/C2TA01253G,05/02/2013,,Unknown,0.08,single_plain,ok
2170,TiO2,Scm?1,1.34 × 10 ? 4,10.1016/j.jiec.2015.07.009,26/07/2015,,Unknown,0.000134,single_sci,ok
2171,LiClO4,mS/cm,3.785,10.1016/j.cap.2007.12.003,03/01/2008,,Unknown,3.785,single_plain,ok
2172,Li2MnO3,Scm?1,3.5 × 10 ? 8,10.1016/j.jallcom.2012.08.026,31/08/2012,,Unknown,3.5e-08,single_sci,ok
2174,MnO2,Scm?1,10 ? 2,10.1039/C7TA02454A,10/05/2017,,Unknown,0.01,power_of_ten,ok
2175,Li7P2.9S10.85Mo0.01,mScm?1,4.8,10.1039/C6TA10142A,07/02/2017,,Unknown,4.8,single_plain,ok
2177,Fe2P,Scm?1,10 ? 13,10.1016/j.electacta.2009.09.029,12/09/2009,,Unknown,1e-13,power_of_ten,ok
2178,TiO2,Scm?1,4.3 × 10 ? 4,10.1016/j.ceramint.2017.05.063,10/05/2017,,Unknown,0.00043,single_sci,ok
2179,MnOx,Scm?1,10 ? 8,10.1039/C0NR00731E,06/04/2011,,Unknown,1e-08,power_of_ten,ok
2180,Li4Ti5?xMnxO12,Scm?1,0.48 × 10 ? 8,10.1039/C3TA11590A,06/08/2013,,Unknown,4.8e-09,single_sci,ok
2181,Co2P,Scm?1,10 ? 4,10.1039/C8RA08785G,04/01/2019,,Unknown,0.0001,power_of_ten,ok
2183,Cu2S,Scm?1,9.5 × 10 ? 3,10.1039/C4NR03057E,07/08/2014,,Unknown,0.0095,single_sci,ok
2185,Silicon monoxide,Scm?1,6.7 × 10 ? 4,10.1016/j.jelechem.2019.04.040,17/04/2019,,Unknown,0.00067,single_sci,ok
2186,Li2S,Scm?1, 10 ? 4,10.1039/C7QI00737J,13/02/2018,,Unknown,0.0001,power_of_ten_leading_dash,ok
2189,ClSO3H,Scm?1,10 ? 14,10.1039/C3RA23176C,02/04/2013,,Unknown,1e-14,power_of_ten,ok
2190,BaSnF4,mScm?1,3,10.1039/C6DT00944A,24/05/2016,,Unknown,3.0,single_plain,ok
2192,MoS2,Scm?1,1.37 × 10 ? 2 and 2.43 × 10 ? 2,10.1039/C4RA12683A,03/11/2014,,Unknown,0.01824582143944196,multi_value,ok
2193,Li2MnSiO4,Scm?1,5 × 10 ? 16,10.1016/j.jpowsour.2012.04.011,13/04/2012,,Unknown,5e-16,single_sci,ok
2194,Al2O3,mScm?1,0.7,10.1016/j.memsci.2016.06.035,24/06/2016,,Unknown,0.7,single_plain,ok
2196,PVAc,Scm?1,2.3 × 10 ? 3,10.1016/S0013-4686(00)00756-8,20/03/2001,,Unknown,0.0023,single_sci,ok
2197,LiMgBO3,Scm?1,1.396 × 10 ? 8 and 9.706 × 10 ? 5,10.1016/j.jallcom.2017.05.157,16/05/2017,,Unknown,1.16402646018035e-06,multi_value,ok
2200,V2O5,Scm?1, 10 ? 6,10.1039/C8NR04033H,23/08/2018,,Unknown,1e-06,power_of_ten_leading_dash,ok
2201,Mg(ClO4)2,Scm?1,2 × 10 ? 3,10.1016/j.materresbull.2004.03.027,13/05/2004,,Unknown,0.002,single_sci,ok
2204,LiPON,Scm?1,2.1 × 10 ? 6,10.1016/j.jpowsour.2016.05.098,30/05/2016,,Unknown,2.1e-06,single_sci,ok
2205,LiClO4,Scm?1,4.4 × 10 ? 5,10.1016/S0013-4686(99)00013-4,02/05/2000,,Unknown,4.4000000000000006e-05,single_sci,ok
2206,LiFePO4,Scm?1,3.3 × 10 ? 1,10.1016/j.jallcom.2013.04.149,29/04/2013,,Unknown,0.33,single_sci,ok
2208,LiFePO4,Scm?1,10 ? 3,10.1016/j.electacta.2019.06.069,15/06/2019,,Unknown,0.001,power_of_ten,ok
2210,LiClLiBrNaClKCl,Scm?1,3.11,10.1016/j.jpowsour.2010.12.009,14/12/2010,,Unknown,3.11,single_plain,ok
2213,LFP / C,Scm?1,8.94 × 10 ? 4 and 2.65 × 10 ? 3,10.1016/j.jpowsour.2013.08.047,27/08/2013,,Unknown,0.001539188097667079,multi_value,ok
2214,LiPF6,S/cm,1.3 × 10 ? 2 to 1.0 × 10 ? 3,10.1016/j.ijheatmasstransfer.2019.02.020,13/02/2019,,Unknown,0.00360555127546399,range_to,ok
2215,CF3SO3,Scm?1,10 ? 5,10.1039/C7CP08592C,25/04/2018,,Unknown,1e-05,power_of_ten,ok
2216,LiFePO4,Scm?1,1.9 × 10 ? 9,10.1016/j.jpowsour.2012.12.027,20/12/2012,,Unknown,1.9e-09,single_sci,ok
2217,Na3LiS0.5O0.5I2,mScm?1,6.3,10.1039/C9TA02166C,24/04/2019,,Unknown,6.3,single_plain,ok
2218,P2S5,Scm?1,4.8 × 10 ? 3,10.1016/j.rser.2019.04.035,20/04/2019,,Unknown,0.0048,single_sci,ok
2219,LiClO4,S/cm,10 ? 4,10.1016/S0378-7753(03)00270-2,30/04/2003,,Unknown,0.0001,power_of_ten,ok
2220,MnO2,Scm?1,10 ? 6,10.1039/C3TC31476F,23/01/2014,,Unknown,1e-06,power_of_ten,ok
2221,LiMnPO4,Scm?1,10 ? 14,10.1016/j.jpowsour.2010.03.028,12/03/2010,,Unknown,1e-14,power_of_ten,ok
2225,LiClO4,Scm?1,10 ? 3,10.1016/j.jallcom.2015.08.079,13/08/2015,,Unknown,0.001,power_of_ten,ok
2228,LiAlF4,S/cm,6,10.1016/j.tsf.2017.05.026,18/05/2017,,Unknown,6.0,single_plain,ok
2229,LiMnPO4,Scm?1,10 ? 9,10.1039/C0JM03471A,08/02/2011,,Unknown,1e-09,power_of_ten,ok
2230,Mn3O4,Scm?1, 10 ? 7,10.1016/j.jpowsour.2013.10.133,07/11/2013,,Unknown,1e-07,power_of_ten_leading_dash,ok
2231,LiFePO4,Scm?1,2.2 × 10 ? 5,10.1016/j.ssc.2008.06.010,14/06/2008,,Unknown,2.2000000000000003e-05,single_sci,ok
2232,Ce0.7Ca0.3VO3,Scm?1,40  50,10.1039/C1JM10960J,06/06/2011,,Unknown,,range_dash,manual_review
2233,Na11Sn2PS12,Scm?1,1.1 × 10 ? 3,10.1016/j.nanoen.2019.104109,09/09/2019,,Unknown,0.0011,single_sci,ok
2234,LiMnPO4,S/cm,10  8,10.1016/j.jechem.2017.11.006,14/11/2017,,Unknown,1e-08,power_of_ten,ok
2236,5FIn,Scm?1,2.43 × 10 ? 2,10.1039/C1JM11723H,30/08/2011,,Unknown,0.024300000000000002,single_sci,ok
2237,LiCl,Scm?1,3,10.1039/C6EE02697D,18/01/2017,,Unknown,3.0,single_plain,ok
2238,LiNiO2,Scm?1,10 ? 4,10.1039/C0JM03471A,08/02/2011,,Unknown,0.0001,power_of_ten,ok
2239,Li6.35P0.65Si0.35S5Br,mScm?1,0.7,10.1039/C7TA08581H,02/01/2018,,Unknown,0.7,single_plain,ok
2240,(FSO2)2N,Scm?1,10 ? 3,10.1039/C4TA05833J,20/01/2015,,Unknown,0.001,power_of_ten,ok
2241,V2O5,S/cm,2.03 × 10 ? 7 and 1.45 × 10 ? 7,10.1016/j.ssi.2004.08.024,10/11/2004,,Unknown,1.715663137098887e-07,multi_value,ok
2242,LiNi0.5Mn1.5O4,Scm?1,10 ? 4.5,10.1016/j.jpowsour.2012.10.099,15/01/2013,,Unknown,,unknown,manual_review
2243,TiO2,Scm?1,1.06 × 10 ? 9,10.1039/C3NR06393C,27/03/2014,,Unknown,1.06e-09,single_sci,ok
2245,LiN(CF3SO2)2,Scm?1,1.2 × 10 ? 4,10.1016/j.jpowsour.2004.08.007,30/01/2005,,Unknown,0.00012,single_sci,ok
2246,LiMnPO4,Scm?1,10 ? 10,10.1016/j.jallcom.2015.02.143,25/02/2015,,Unknown,1e-10,power_of_ten,ok
2247,LiCoO2,Scm?1,4,10.1016/j.commatsci.2017.08.045,15/09/2017,,Unknown,4.0,single_plain,ok
2248,PVdF-HFP,Scm?1,1.01 × 10 ? 7,10.1039/C6RA10340E,01/08/2016,,Unknown,1.0099999999999999e-07,single_sci,ok
2249,LiPF6,mScm?1,2.3,10.1016/j.jpowsour.2014.07.185,06/08/2014,,Unknown,2.3,single_plain,ok
2250,Hydroxide,mScm?1,133,10.1039/C7PY01084B,26/09/2017,,Unknown,133.0,single_plain,ok
2253,Li1+x+yAlxTi2?xSiyP3?yO12,Scm?1,10 ? 4,10.1039/C5EE00058K,06/05/2015,,Unknown,0.0001,power_of_ten,ok
2254,LiFePO4,S/cm,10 ? 9,10.1016/j.cap.2014.12.002,03/12/2014,,Unknown,1e-09,power_of_ten,ok
2255,LiFePO4F,Scm?1,10 ? 7,10.1016/j.electacta.2012.08.073,03/09/2012,,Unknown,1e-07,power_of_ten,ok
2256,H2 / Ar,Scm?1,2.24,10.1016/j.jpowsour.2016.01.026,17/01/2016,,Unknown,2.24,single_plain,ok
2257,LiCoPO4,Scm?1,10 ? 9,10.1016/j.jpowsour.2005.10.072,28/11/2005,,Unknown,1e-09,power_of_ten,ok
2260,Hydroxide,mScm?1,38.7,10.1039/C7EE02468A,14/02/2018,,Unknown,38.7,single_plain,ok
2261,CuBO2,Scm?1,2.8,10.1039/C0CP02562C,03/05/2011,,Unknown,2.8,single_plain,ok
2262,LiMnPO4,Scm?1,10 ? 2,10.1016/j.electacta.2017.09.018,05/09/2017,,Unknown,0.01,power_of_ten,ok
2264,ZnMn2O4,Scm?1,1 × 10 ? 7,10.1016/j.jpowsour.2014.11.010,04/11/2014,,Unknown,1e-07,single_sci,ok
2265,LiCoO2,Scm?1,10 ? 9,10.1016/j.jpowsour.2007.08.014,11/08/2007,,Unknown,1e-09,power_of_ten,ok
2266,PT-ED-n,Scm?1,1.0 × 10 ? 4,10.1039/C1JM11177A,05/07/2011,,Unknown,0.0001,single_sci,ok
2268,LaF3,Scm?1,10 ? 5,10.1016/j.jfluchem.2016.09.006,09/09/2016,,Unknown,1e-05,power_of_ten,ok
2269,Al2O3,mScm?1,0.855,10.1016/j.jiec.2018.11.036,24/11/2018,,Unknown,0.855,single_plain,ok
2270,ZrO2,Scm?1,4.6 × 10 ? 5 and 1.9 × 10 ? 4,10.1016/S0167-577X(00)00103-8,16/08/2000,,Unknown,9.348796714016196e-05,multi_value,ok
2271,V2O5P2O5,Scm?1,2 × 10 ? 1,10.1016/j.jpowsour.2009.02.031,21/02/2009,,Unknown,0.2,single_sci,ok
2273,LiFePO4,Scm?1,10 ? 10,10.1016/j.cej.2018.06.073,13/06/2018,,Unknown,1e-10,power_of_ten,ok
2274,Lithium bis(trifluoromethanesulfonyl)imide,Scm?1,2.05 × 10 ? 3,10.1016/j.electacta.2012.03.021,21/03/2012,,Unknown,0.0020499999999999997,single_sci,ok
2275,LiClO4,S/cm,4.5 × 10 ? 4,10.1016/j.polymer.2009.01.022,15/01/2009,,Unknown,0.00045000000000000004,single_sci,ok
2276,CCl / FeCl2 / CCl,Scm?1,80.17,10.1039/C4NR05070C,06/11/2014,,Unknown,80.17,single_plain,ok
2277,ZnO / zincone,Scm?1,13,10.1039/C8TA00132D,27/02/2018,,Unknown,13.0,single_plain,ok
2278,Li6CuB4O10,Scm?1,10 ? 2,10.1039/C6CP01581F,01/06/2016,,Unknown,0.01,power_of_ten,ok
2279,LiPF6,mScm?1,8.2,10.1016/j.electacta.2005.02.137,31/08/2005,,Unknown,8.2,single_plain,ok
2280,TiO2,Scm?1,3.2 × 10 ? 5,10.1016/j.jpowsour.2006.08.022,02/10/2006,,Unknown,3.2000000000000005e-05,single_sci,ok
2281,Li2S,Scm?1,10 ? 30,10.1016/j.jpowsour.2017.12.027,14/12/2017,,Unknown,1e-30,power_of_ten,ok
2282,SnO2,S/cm,1.75 × 10 ? 1,10.1016/j.synthmet.2012.10.004,05/12/2012,,Unknown,0.17500000000000002,single_sci,ok
2287,(LiClO4)z}n,Scm?1,1 × 10 ? 5,10.1016/S0013-4686(02)00721-1,10/01/2003,,Unknown,1e-05,single_sci,ok
2289,Li6PS5Br,mScm?1,1,10.1039/C9RA00949C,08/05/2019,,Unknown,1.0,single_plain,ok
2290,LiClO4,Scm?1,10 ? 8,10.1016/S0013-4686(02)00785-5,20/01/2003,,Unknown,1e-08,power_of_ten,ok
2291,POSSPEG,Scm?1,to 5.05 × 10 ? 5,10.1039/C6QM00062B,16/02/2017,,Unknown,5.05e-05,open_upper,ok
2292,SiO2,Scm?1,8.5 × 10 ? 3,10.1039/C6RA25062A,13/01/2017,,Unknown,0.0085,single_sci,ok
2293,POSS-PEG / LiClO4,S/cm,1.6 × 10 ? 5 and 1.1 × 10 ? 6,10.1016/j.electacta.2015.04.010,18/04/2015,,Unknown,4.1952353926806085e-06,multi_value,ok
2294,LiPON / A-LLTO,Scm?1,2.25 × 10 ? 4 and 7.8 × 10 ? 7,10.1039/C5TA06374D,03/11/2015,,Unknown,1.3247641299491779e-05,multi_value,ok
2295,Li / Au,Scm?1,2.9 × 10 ? 6,10.1039/C8TA08761J,16/10/2018,,Unknown,2.8999999999999998e-06,single_sci,ok
2296,SiO2,Scm?1,6.8 × 10 ? 3,10.1039/C6RA25062A,13/01/2017,,Unknown,0.0068,single_sci,ok
2299,TiO2(B) @ RuO2-50,Scm?1,0.01,10.1039/C5TA06850A,20/10/2015,,Unknown,0.01,single_plain,ok
2301,LiFe1?xMnxPO4,Scm?1,3.49 × 10 ? 5,10.1016/j.jallcom.2009.12.014,11/12/2009,,Unknown,3.490000000000001e-05,single_sci,ok
2303,NaOH,mScm?1,39.4 to 28.7,10.1039/C7PY01084B,26/09/2017,,Unknown,33.627072426840854,range_to,ok
2304,TiO2,Scm?1,? 12 to 1 × 10 ? 7,10.1039/C7TA02823G,15/08/2017,,Unknown,,unknown,manual_review
2305,LiClO4,S/cm,6.0 × 10 ? 6,10.1016/j.polymer.2009.01.022,15/01/2009,,Unknown,6e-06,single_sci,ok
2306,LiPON,Scm?1,1 × 10 ? 6,10.1016/j.jpowsour.2015.12.057,13/01/2016,,Unknown,1e-06,single_sci,ok
2307,LiClO4,S/cm,10 ? 8,10.1016/S0013-4686(00)00741-6,20/03/2001,,Unknown,1e-08,power_of_ten,ok
2308,Hydroxide,mScm?1,164.4,10.1039/C6TA11168H,16/05/2017,,Unknown,164.4,single_plain,ok
2309,LiFePO4,Scm?1,10 ? 10,10.1016/j.electacta.2013.02.132,07/03/2013,,Unknown,1e-10,power_of_ten,ok
2310,Polyethylene oxide,Scm?1,2 × 10 ? 5,10.1039/C4RA07919A,19/11/2014,,Unknown,2e-05,single_sci,ok
2311,Polyethylene oxide,Scm?1,10 ? 5,10.1016/j.carbpol.2003.08.018,30/10/2003,,Unknown,1e-05,power_of_ten,ok
2312,MnO2,Scm?1,- 10 ? 6,10.1016/j.jpowsour.2017.04.065,27/04/2017,,Unknown,1e-06,power_of_ten_leading_dash,ok
2313,LiOH,mScm?1,2.4,10.1016/j.jpowsour.2012.12.022,14/12/2012,,Unknown,2.4,single_plain,ok
2314,InZnO-BisC60,Scm?1,0.015 to 4.06,10.1039/C5EE02510A,25/11/2015,,Unknown,0.24677925358506125,range_to,ok
2315,SnS2,Scm?1, 10 ? 2,10.1039/C2RA22764A,11/02/2013,,Unknown,0.01,power_of_ten_leading_dash,ok
2316,Li2S,Scm?1,5 × 10 ? 30,10.1016/j.mtener.2018.12.007,03/01/2019,,Unknown,5.0000000000000004e-30,single_sci,ok
2317,LiPF6,Scm?1,"7.41 × 10 ? 5 , 7.76 × 10 ? 5 and 3.02 × 10 ? 6",10.1016/j.memsci.2010.10.004,10/10/2010,,Unknown,2.5895777649319774e-05,multi_value,ok
2319,Lithium bis(trifluoromethanesulfonyl)imide,Scm?1,3.6 × 10 ? 4,10.1016/j.jpowsour.2008.11.115,06/12/2008,,Unknown,0.00036,single_sci,ok
2320,H2 / Ar,Scm?1,1.9,10.1016/j.matchemphys.2011.01.009,01/02/2011,,Unknown,1.9,single_plain,ok
2321,WTe2,mSm?1,50,10.1039/C4NR04951A,27/11/2014,,Unknown,50.0,single_plain,ok
2324,LiFePO4,Scm?1,10 ? 9,10.1039/C3CE41967C,03/12/2013,,Unknown,1e-09,power_of_ten,ok
2325,MnO2,Scm?1,10 ? 6,10.1016/j.ijhydene.2015.05.152,10/07/2015,,Unknown,1e-06,power_of_ten,ok
2326,Al2(WO4)3,Scm?1,1.06 × 10 ? 4,10.1016/S0167-2738(00)00552-X,30/11/2000,,Unknown,0.00010600000000000002,single_sci,ok
2327,LiPF6,S/cm,0.015,10.1016/j.elecom.2008.01.023,31/01/2008,,Unknown,0.015,single_plain,ok
2328,CoOOH,Scm?1,12.8,10.1039/C8RA04827D,12/09/2018,,Unknown,12.8,single_plain,ok
2329,LiCoO2,Scm?1,10 ? 9,10.1016/j.matchemphys.2019.01.050,22/01/2019,,Unknown,1e-09,power_of_ten,ok
2330,Ce0.80Gd0.20O1.90,S/cm,0.017,10.1016/j.materresbull.2006.04.016,03/05/2006,,Unknown,0.017,single_plain,ok
2332,Li2O,S/cm,6,10.1016/j.ssi.2012.05.008,31/05/2012,,Unknown,6.0,single_plain,ok
2334,Manganese oxides,Scm?1,1 × 10 ? 7 to 1 × 10 ? 8,10.1039/C7GC02786A,11/12/2017,,Unknown,3.162277660168379e-08,range_to,ok
2335,SiO2,mScm?1,0.75 to 1.01,10.1039/C8TA01117F,03/04/2018,,Unknown,0.8703447592764605,range_to,ok
2336,NASICON,Scm?1,3.03,10.1016/j.electacta.2012.11.038,21/11/2012,,Unknown,3.03,single_plain,ok
2337,NH4Br @ HKUST-1,Scm?1,8.99 × 10 ? 4 to 3.39 × 10 ? 8,10.1039/C6DT00290K,04/05/2016,,Unknown,5.520516280204237e-06,range_to,ok
2339,LiFePO4,Scm?1,2.46 × 10 ? 9,10.1016/j.jallcom.2013.04.149,29/04/2013,,Unknown,2.46e-09,single_sci,ok
2342,LiClO4(8,Scm?1,0.2307 × 10 ? 5,10.1016/j.mseb.2014.01.009,30/01/2014,,Unknown,2.307e-06,single_sci,ok
2343,Polyethylene oxide,Scm?1,1.10 × 10 ? 6,10.1016/j.solidstatesciences.2012.05.019,26/05/2012,,Unknown,1.1e-06,single_sci,ok
2344,LiPF6,mScm?1,1.04,10.1039/C7TA05787C,07/11/2017,,Unknown,1.04,single_plain,ok
2346,TiO2,Scm?1,to 1.47 × 10 ? 6,10.1016/j.electacta.2014.04.114,28/04/2014,,Unknown,1.47e-06,open_upper,ok
2348,LiClO4,Scm?1,8.38 × 10 ? 3,10.1016/S0167-2738(02)00086-3,14/03/2002,,Unknown,0.00838,single_sci,ok
2349,LiFePO4,Scm?1,10 ? 6,10.1039/C0JM03471A,08/02/2011,,Unknown,1e-06,power_of_ten,ok
2350,LiMn2O4,S/cm,10 ? 6,10.1016/S0378-7753(01)00832-1,27/11/2001,,Unknown,1e-06,power_of_ten,ok
2353,LiClO4,Scm?1,8.9 × 10 ? 6,10.1016/j.electacta.2007.10.022,22/10/2007,,Unknown,8.9e-06,single_sci,ok
2354,P2O5,Scm?1,7.0 × 10 ? 11 and 3.0 × 10 ? 10,10.1016/j.jpowsour.2005.03.063,25/05/2005,,Unknown,1.4491376746189443e-10,multi_value,ok
2355,Li2FeSiO4,Scm?1,1.38 × 10 ? 4,10.1016/j.jpowsour.2016.08.091,27/08/2016,,Unknown,0.000138,single_sci,ok
2356,MnO2,Scm?1,10 ? 6,10.1016/j.electacta.2016.01.097,16/01/2016,,Unknown,1e-06,power_of_ten,ok
2357,Lithium bis(trifluoromethanesulfonyl)imide,Scm?1,1.2 × 10 ? 3,10.1016/j.ssi.2019.01.024,30/01/2019,,Unknown,0.0012,single_sci,ok
2358,SnO2,Scm?1,7.2 × 10 ? 7,10.1016/j.jallcom.2017.10.048,10/10/2017,,Unknown,7.2e-07,single_sci,ok
2359,LiFePO4,Scm?1,3·10?9,10.1016/j.elecom.2007.09.020,01/10/2007,,Unknown,3.0000000000000004e-09,single_sci,ok
2360,Na10.8Sn1.9PS11.8,mScm?1,0.67,10.1016/j.nanoen.2018.01.046,31/01/2018,,Unknown,0.67,single_plain,ok
2361,Al2O3,mScm?1,to 0.78,10.1016/j.ceramint.2014.05.142,06/06/2014,,Unknown,0.78,open_upper,ok
2362,Li2MnSiO4,Scm?1,5 × 10  16,10.1016/j.jssc.2012.01.051,31/01/2012,,Unknown,5e-16,single_sci,ok
2363,Mn3O4,Scm?1,10 ? 8,10.1039/C2JM15075A,31/01/2012,,Unknown,1e-08,power_of_ten,ok
2364,TiO2,Scm?1,to 5.8,10.1016/j.nanoen.2015.06.017,27/06/2015,,Unknown,5.8,open_upper,ok
2365,Al2O3,Scm?1,0.021,10.1016/j.carbon.2012.09.013,16/09/2012,,Unknown,0.021,single_plain,ok
2371,Mn3O4,Scm?1,10 ? 8,10.1039/C5TA03610K,04/08/2015,,Unknown,1e-08,power_of_ten,ok
2373,POSS-PEG / LiClO4,S/cm,1.6 × 10 ? 5 and 1.1 × 10 ? 6,10.1016/j.electacta.2015.04.010,18/04/2015,,Unknown,4.1952353926806085e-06,multi_value,ok
2375,TiO2,Scm?1,10  12,10.1016/j.scib.2019.06.022,26/06/2019,,Unknown,1e-12,power_of_ten,ok
2378,NASICON,Scm?1,7 × 10 ? 4,10.1016/j.elecom.2019.106483,19/06/2019,,Unknown,0.0007,single_sci,ok
2379,Ni(OH)2,Scm?1,5 to 74,10.1039/C5TA01133G,28/04/2015,,Unknown,19.235384061671343,range_to,ok
2380,Li2O,S/cm,3,10.1016/j.jnoncrysol.2016.04.025,22/04/2016,,Unknown,3.0,single_plain,ok
2381,Li2FeSiO4,Scm?1,"1.58 × 10 ? 5 , 4.94 × 10 ? 4 and 1.63 × 10 ? 3",10.1016/j.jpowsour.2011.09.066,29/09/2011,,Unknown,0.00023344820919408434,multi_value,ok
2382,NaCl,mS/cm,30,10.1016/j.crte.2009.07.010,03/10/2009,,Unknown,30.0,single_plain,ok
2384,TiO2,Scm?1,1.25 × 10 ? 1,10.1016/j.eurpolymj.2017.01.026,23/01/2017,,Unknown,0.125,single_sci,ok
2385,Li3BO3,Scm?1,2.5 × 10 ? 4,10.1016/j.ssi.2018.05.015,19/05/2018,,Unknown,0.00025,single_sci,ok
2386,TiO2,Scm?1,2.51 × 10 ? 3 to 2.95 × 10 ? 3,10.1016/j.jpowsour.2012.09.049,23/09/2012,,Unknown,0.002721121092491107,range_to,ok
2387,Bicarbonate,mScm?1,44,10.1039/C8CC05371E,25/09/2018,,Unknown,44.0,single_plain,ok
2388,Li1.3Ti1.7Al0.3(PO4)3,Scm?1,10 ? 4,10.1039/C5CS00289C,03/11/2015,,Unknown,0.0001,power_of_ten,ok
2389,LiFePO4,Scm?1,1.56 × 10 ? 1,10.1039/C7RA12029J,16/01/2018,,Unknown,0.15600000000000003,single_sci,ok
2390,PVA / H3PO4,mScm?1,39.3,10.1039/C6RA15070E,09/08/2016,,Unknown,39.3,single_plain,ok
2391,MnO2,Scm?1,4 × 10 ? 2,10.1016/j.cej.2017.11.039,07/11/2017,,Unknown,0.04,single_sci,ok
2393,LiPF6,mScm?1,5.4,10.1016/j.jpowsour.2012.01.027,08/01/2012,,Unknown,5.4,single_plain,ok
2394,NH4CH3COO,Scm?1,10 ? 4,10.1016/j.arabjc.2014.05.001,10/05/2014,,Unknown,0.0001,power_of_ten,ok
2395,P2S5,Scm?1,2 × 10 ? 4,10.1016/j.rser.2019.04.035,20/04/2019,,Unknown,0.0002,single_sci,ok
2397,NiO,Scm?1,0.01,10.1016/j.elecom.2010.08.038,08/09/2010,,Unknown,0.01,single_plain,ok
2398,LiCoO2,Scm?1,10 ? 9,10.1039/C3CP53436G,02/01/2014,,Unknown,1e-09,power_of_ten,ok
2399,P2S5,Scm?1,1.1 × 10 ? 3,10.1039/C9TA04772G,30/07/2019,,Unknown,0.0011,single_sci,ok
2401,LiNbO3,Scm?1,10 ? 5,10.1039/C4CP01897D,30/07/2014,,Unknown,1e-05,power_of_ten,ok
2402,IrO2,Scm?1,4.5,10.1039/C5GC02899J,18/04/2016,,Unknown,4.5,single_plain,ok
2405,Ag+ / Ag,Scm?1,to 1.0 × 10 ? 5,10.1039/C5PY00526D,02/06/2015,,Unknown,1e-05,open_upper,ok
2407,Co3O4,Scm?1,10 ? 6,10.1016/j.materresbull.2018.01.021,02/02/2018,,Unknown,1e-06,power_of_ten,ok
2408,LiTaO3,Scm?1,10 ? 5,10.1016/j.scib.2017.10.011,21/10/2017,,Unknown,1e-05,power_of_ten,ok
2410,LiFePO4,Scm?1,9,10.1039/C3TA12422C,10/09/2013,,Unknown,9.0,single_plain,ok
2412,LiClO4,S/cm,"2.17 × 10 ? 5 , 1.84 × 10 ? 5 , 1.05 × 10 ? 5 and 2.25 × 10 ? 5",10.1016/j.electacta.2019.06.069,15/06/2019,,Unknown,1.752517419871992e-05,multi_value,ok
2413,SiO2,Scm?1,5.5 × 10 ? 3,10.1039/C6RA25062A,13/01/2017,,Unknown,0.0055,single_sci,ok
2414,V2O5,Scm?1,0.01,10.1039/C8TA11233A,24/04/2019,,Unknown,0.01,single_plain,ok
2415,2(CF3SO3),Scm?1,2.6 × 10 ? 5 and 2.9 × 10 ? 4,10.1039/C5NJ00085H,02/06/2015,,Unknown,8.683317338436962e-05,multi_value,ok
2416,(BaCl2)1?x : (KCl)x]1?y : (ZrO2)y,Scm?1,10 × 10 ? 6,10.1016/j.materresbull.2004.09.011,22/10/2004,,Unknown,9.999999999999999e-06,single_sci,ok
2418,SiO2,mScm?1,0.55 to 0.93,10.1039/C4RA07994A,27/10/2014,,Unknown,0.7151922818375489,range_to,ok
2419,TiO2,Scm?1,? 10 ? 7,10.1016/j.electacta.2015.02.149,18/02/2015,,Unknown,,unknown,manual_review
2420,BCl3,S/cm,7,10.1016/j.ssi.2006.11.005,10/01/2007,,Unknown,7.0,single_plain,ok
2422,Na2SO4(aq),mScm?1,60.5,10.1039/C6TC03739A,13/10/2016,,Unknown,60.5,single_plain,ok
2423,LiSO3CF3,Scm?1,4.57 × 10 ? 6 and 2.83 × 10 ? 6,10.1016/j.electacta.2005.02.050,17/05/2005,,Unknown,3.5962619481900986e-06,multi_value,ok
2425,LiFePO4,Scm?1,2.4 × 10 ? 7,10.1039/C5RA02659H,07/04/2015,,Unknown,2.4e-07,single_sci,ok
2427,SiO2,Scm?1,2.3 × 10 ? 3 to 4.3 × 10 ? 3,10.1016/j.electacta.2009.05.081,09/06/2009,,Unknown,0.0031448370387032803,range_to,ok
2428,MoS2,Scm?1,10  100,10.1039/C7TC00838D,22/06/2017,,Unknown,1e-100,power_of_ten,ok
2429,LiFePO4,Scm?1,10 ? 7,10.1016/j.ceramint.2016.03.144,19/03/2016,,Unknown,1e-07,power_of_ten,ok
2431,NaOH,mScm?1,39.4 to 28.7,10.1039/C7PY01084B,26/09/2017,,Unknown,33.627072426840854,range_to,ok
2433,LiPON,Scm?1,2.3 × 10 ? 6,10.1039/C4NR01666A,25/09/2014,,Unknown,2.2999999999999996e-06,single_sci,ok
2434,Polyethylene oxide,S/cm,1.0 × 10 ? 8,10.1016/j.synthmet.2013.06.020,20/07/2013,,Unknown,1e-08,single_sci,ok
2435,FeO6,Scm?1,10 ? 10,10.1039/C0JM01346C,06/09/2010,,Unknown,1e-10,power_of_ten,ok
2436,LiNi0.5Mn1.5O4,S/cm,1 × 10 ? 9,10.1016/j.jpowsour.2017.02.071,06/03/2017,,Unknown,1e-09,single_sci,ok
2438,TiO2,S/cm,0.3,10.1016/j.memsci.2014.02.004,11/02/2014,,Unknown,0.3,single_plain,ok
2442,LiFePO4,Scm?1,9,10.1016/j.jpowsour.2010.03.028,12/03/2010,,Unknown,9.0,single_plain,ok
2443,Co3O4,S/cm,"3.2 × 10 ? 4 , 5.1 × 10 ? 5 , 4.1 × 10 ? 5 and 1.4 × 10 ? 5",10.1016/j.mseb.2010.07.014,17/07/2010,,Unknown,5.5323291605442686e-05,multi_value,ok
2444,Polyethylene oxide,Scm?1,3.3 × 10 ? 3,10.1039/C7RA02603J,28/04/2017,,Unknown,0.0033,single_sci,ok
2446,LiFePO4 / C,Scm?1,2.01 × 10 ? 2,10.1016/j.jallcom.2015.05.097,21/05/2015,,Unknown,0.0201,single_sci,ok
2447,Li3.5Si0.5P0.5O4,Scm?1,3 × 10 ? 6,10.1016/j.ssi.2015.10.009,07/11/2015,,Unknown,3e-06,single_sci,ok
2448,Li7Ti5O12,Scm?1,10 ? 2,10.1016/j.jpowsour.2017.06.044,29/06/2017,,Unknown,0.01,power_of_ten,ok
2449,Li2Ti3O7,Scm?1,1.2 × 10 ? 6,10.1016/j.materresbull.2015.06.014,09/06/2015,,Unknown,1.2e-06,single_sci,ok
2452,PVAc,S/cm,10 ? 6,10.1016/S0167-2738(01)00999-7,30/10/2001,,Unknown,1e-06,power_of_ten,ok
2453,Hydroxide,S/cm,10 ? 2,10.1016/j.electacta.2015.03.038,09/03/2015,,Unknown,0.01,power_of_ten,ok
2454,Ce(ClO4)3,Scm?1,10 ? 4,10.1016/S0013-4686(99)00341-2,27/12/1999,,Unknown,0.0001,power_of_ten,ok
2455,O / Li,Scm?1,7 × 10 ? 5,10.1016/S0014-3057(99)00057-9,02/12/1999,,Unknown,7.000000000000001e-05,single_sci,ok
2457,H2SO4,S/cm,0.8,10.1016/S0013-4686(00)00354-6,05/07/2000,,Unknown,0.8,single_plain,ok
2458,Lithium bis(trifluoromethanesulfonyl)imide,Scm?1,10 ? 3.9,10.1016/S0013-4686(03)00178-6,29/04/2003,,Unknown,,unknown,manual_review
2460,LiMn2O4,Scm?1,10 ? 5,10.1016/j.jpowsour.2013.03.136,02/04/2013,,Unknown,1e-05,power_of_ten,ok
2461,LiCr(MoO4)2,Scm?1, 10 ? 11,10.1039/C8TA10274K,02/01/2019,,Unknown,1e-11,power_of_ten_leading_dash,ok
2463,P2S5,Scm?1,6.5 × 10 ? 5,10.1016/j.rser.2019.04.035,20/04/2019,,Unknown,6.500000000000001e-05,single_sci,ok
2464,Polyethylene oxide,Scm?1,1.35 × 10 ? 4,10.1016/j.coelec.2018.03.033,30/03/2018,,Unknown,0.00013500000000000003,single_sci,ok
2465,MnO2,Scm?1,10 ? 3,10.1039/C5NH00048C,22/02/2016,,Unknown,0.001,power_of_ten,ok
2466,Li3VO4,Scm?1,to 4.37 × 10 ? 8,10.1016/j.jpowsour.2016.04.048,16/04/2016,,Unknown,4.37e-08,open_upper,ok
2467,LiOH,Scm?1,? 4 to 1.41 × 10 ? 4,10.1016/j.electacta.2017.07.110,22/07/2017,,Unknown,,unknown,manual_review
2468,NASICON,Scm?1,4.696 × 10 ? 2,10.1016/j.electacta.2016.09.104,24/09/2016,,Unknown,0.04696,single_sci,ok
2469,LiFePO4,Scm?1,2 × 10 ? 5 to 5 × 10 ? 5,10.1039/C1EE01263K,01/01/2012,,Unknown,3.1622776601683795e-05,range_to,ok
2470,Li0.3V2O5,Scm?1,0.02,10.1039/C3TA01548C,02/04/2013,,Unknown,0.02,single_plain,ok
2471,LiFSI / PEO,Scm?1,1.0 × 10 ? 3,10.1016/j.electacta.2014.04.099,24/04/2014,,Unknown,0.001,single_sci,ok
2472,LiPF6,S/cm,10 ? 2,10.1016/j.electacta.2017.03.132,20/03/2017,,Unknown,0.01,power_of_ten,ok
2474,Li3P / LiCl,Scm?1,3.54 × 10 ? 6,10.1039/C8TA05102J,14/08/2018,,Unknown,3.54e-06,single_sci,ok
2475,Polyethylene oxide,Scm?1,10 ? 5,10.1016/j.energy.2018.03.024,06/03/2018,,Unknown,1e-05,power_of_ten,ok
2476,LiClO4,S/cm,2.58 × 10 ? 7,10.1016/j.electacta.2019.06.069,15/06/2019,,Unknown,2.58e-07,single_sci,ok
2478,LiFePO4,Scm?1,10 ? 7,10.1039/B602698B,11/12/2006,,Unknown,1e-07,power_of_ten,ok
2479,MoS2,Scm?1,35.4,10.1039/C7TC00838D,22/06/2017,,Unknown,35.4,single_plain,ok
2480,V2O5,S/cm,3.3 × 10 ? 5,10.1016/j.matchemphys.2015.03.036,01/04/2015,,Unknown,3.3e-05,single_sci,ok
2481,LiPF6,mScm?1,5.1,10.1016/j.jpowsour.2012.01.027,08/01/2012,,Unknown,5.1,single_plain,ok
2482,Polyethylene oxide,Scm?1,2.1 × 10 ? 4,10.1016/j.jpowsour.2018.04.099,06/05/2018,,Unknown,0.00021,single_sci,ok
2483,LiCoO2,Scm?1,2.2 × 10 ? 6,10.1016/j.jpowsour.2018.05.005,10/05/2018,,Unknown,2.2e-06,single_sci,ok
2484,HfO2,Scm?1,2.8 × 10 ? 2 and 2.5 × 10 ? 2,10.1016/j.jpowsour.2008.10.066,28/10/2008,,Unknown,0.026457513110645908,multi_value,ok
2487,Li2S,S/cm,4,10.1016/j.ssi.2006.09.001,09/10/2006,,Unknown,4.0,single_plain,ok
2488,Li0.47CoO2,Scm?1,4,10.1039/C8SE00436F,18/12/2018,,Unknown,4.0,single_plain,ok
2489,O / Li,Scm?1,3.1 × 10 ? 4,10.1016/S0378-7753(00)00589-9,23/02/2001,,Unknown,0.00031,single_sci,ok
2490,MnO2,S/cm,- 10 ? 6,10.1016/j.electacta.2016.07.155,30/07/2016,,Unknown,1e-06,power_of_ten_leading_dash,ok
2491,LiCoO2,S/cm, 10 ? 10,10.1016/j.elecom.2007.11.016,24/11/2007,,Unknown,1e-10,power_of_ten_leading_dash,ok
2492,LiCoO2,Scm?1,2.5 × 10 ? 4,10.1039/C4RA01423E,27/03/2014,,Unknown,0.00025,single_sci,ok
2494,LiPON / A-LLTO,Scm?1,2.25 × 10 ? 4,10.1016/j.electacta.2017.07.110,22/07/2017,,Unknown,0.00022500000000000002,single_sci,ok
2496,LiClO4,S/cm,4,10.1016/j.polymer.2009.01.022,15/01/2009,,Unknown,4.0,single_plain,ok
2497,LiCoO2,Scm?1,0.1 to 1,10.1039/C2EE21874G,20/06/2012,,Unknown,0.31622776601683794,range_to,ok
2498,LiClO4,Scm?1,10 ? 4,10.1016/j.ssi.2005.01.001,10/02/2005,,Unknown,0.0001,power_of_ten,ok
2499,Li2MnSiO4,Scm?1,3 × 10 ? 14,10.1016/j.ceramint.2014.02.012,14/02/2014,,Unknown,3e-14,single_sci,ok
2501,Al2O3,Scm?1,2.5 × 10 ? 5,10.1016/j.electacta.2015.06.049,20/06/2015,,Unknown,2.5e-05,single_sci,ok
2503,LiPON,Scm?1,2 × 10 ? 6,10.1039/C6TA05439K,11/10/2016,,Unknown,2e-06,single_sci,ok
2505,Li2MoO3,Scm?1,10 ? 2,10.1039/C6CP05162F,19/10/2016,,Unknown,0.01,power_of_ten,ok
2506,SiO2,S/cm,to 3.5 × 10 ? 2,10.1016/j.jpowsour.2015.02.010,07/02/2015,,Unknown,0.035,open_upper,ok
2507,Hydroxide,mScm?1,10,10.1039/C7SE00050B,25/07/2017,,Unknown,10.0,single_plain,ok
2508,LiFePO4,Scm?1,- 10 ? 10,10.1016/j.jallcom.2017.07.305,31/07/2017,,Unknown,1e-10,power_of_ten_leading_dash,ok
2509,LiFePO4,Scm?1,8.0 × 10 ? 7,10.1016/j.jpowsour.2007.06.161,29/06/2007,,Unknown,8e-07,single_sci,ok
2510,N-doped TiO2,Scm?1,to 1.8 × 10 ? 7,10.1039/C3TA14535B,14/01/2014,,Unknown,1.8e-07,open_upper,ok
2513,LiCoO2,Scm?1,10 ? 2,10.1016/j.electacta.2014.08.034,24/08/2014,,Unknown,0.01,power_of_ten,ok
2515,SiO2,S/cm,8.5 × 10  7,10.1016/j.solmat.2011.11.021,15/12/2011,,Unknown,8.499999999999999e-07,single_sci,ok
2516,Li7Ti5O12,Scm?1,10 ? 11,10.1016/j.jpowsour.2017.06.044,29/06/2017,,Unknown,1e-11,power_of_ten,ok
2517,TiO2,Scm?1,1.22 × 10 ? 4,10.1016/j.jiec.2015.07.009,26/07/2015,,Unknown,0.000122,single_sci,ok
2518,LiCoBO3,S/cm,4.89 × 10 ? 8,10.1016/j.apsusc.2017.11.087,13/11/2017,,Unknown,4.89e-08,single_sci,ok
2519,Li4.5Mo2.48VO9.93,Scm?1,to 0.2,10.1039/C8TA07782G,09/10/2018,,Unknown,0.2,open_upper,ok
2520,Polyethylene oxide,Scm?1,10 ? 6,10.1016/j.mtcomm.2017.02.001,21/02/2017,,Unknown,1e-06,power_of_ten,ok
2523,Fe3O4,Scm?1,3.48,10.1016/S0379-6779(03)00190-5,20/06/2003,,Unknown,3.48,single_plain,ok
2524,LiFePO4,Scm?1,6.15 × 10 ? 4,10.1016/j.electacta.2013.11.152,11/12/2013,,Unknown,0.0006150000000000001,single_sci,ok
2525,LiPF6,mScm?1,2.6,10.1016/j.jpowsour.2014.04.083,10/05/2014,,Unknown,2.6,single_plain,ok
2526,50Li2O20Li2WO430B2O3,Scm?1,1.7410 ? 6,10.1016/j.jiec.2019.01.030,30/01/2019,,Unknown,,unknown,manual_review
2528,MnO2,Scm?1,10 ? 6,10.1039/C6RA05790J,11/05/2016,,Unknown,1e-06,power_of_ten,ok
2529,Polyethylene oxide,Scm?1,10 ? 4,10.1016/j.ijhydene.2013.04.045,06/05/2013,,Unknown,0.0001,power_of_ten,ok
2531,LiMn2O4,Scm?1,2 × 10 ? 4,10.1016/S0013-4686(03)00522-X,12/09/2003,,Unknown,0.0002,single_sci,ok
2532,LiPF6,mScm?1,10,10.1016/j.ensm.2019.07.027,23/07/2019,,Unknown,10.0,single_plain,ok
2533,Li2S,Scm?1,5 × 10 ? 30,10.1016/j.jpowsour.2016.05.122,03/06/2016,,Unknown,5.0000000000000004e-30,single_sci,ok
2535,Li2MnO3,Scm?1,10 ? 5,10.1039/C5TA01445J,07/04/2015,,Unknown,1e-05,power_of_ten,ok
2536,LiNi0.5Mn1.5O4,Scm?1,10 ? 2,10.1016/j.matlet.2012.07.110,08/08/2012,,Unknown,0.01,power_of_ten,ok
2537,V2O5,Scm?1,10 ? 3,10.1039/C5CC05425G,06/10/2015,,Unknown,0.001,power_of_ten,ok
2538,LiPF6,mScm?1,0.87,10.1039/C5TA02445E,12/05/2015,,Unknown,0.87,single_plain,ok
2539,LiClO4,Scm?1,10 ? 6,10.1016/S0167-2738(96)00383-9,12/02/1999,,Unknown,1e-06,power_of_ten,ok
2540,LiFePO4,Scm?1,1 × 10 ? 10,10.1016/j.jelechem.2018.04.040,21/04/2018,,Unknown,1e-10,single_sci,ok
2541,Fe2P,Scm?1,1.5,10.1016/j.jpowsour.2010.11.138,02/12/2010,,Unknown,1.5,single_plain,ok
2542,NASICON,Scm?1,10 ? 3,10.1016/j.ensm.2017.10.006,13/10/2017,,Unknown,0.001,power_of_ten,ok
2543,Li3BO3Li2CO3,Scm?1,10 ? 6,10.1039/C8TA08761J,16/10/2018,,Unknown,1e-06,power_of_ten,ok
2544,LiPF6,S/cm,0.082,10.1016/S0140-6701(00)94430-8,24/11/2003,,Unknown,0.082,single_plain,ok
2546,ZrO2,Scm?1,0.493 to 0.875,10.1016/j.cej.2018.05.074,12/05/2018,,Unknown,0.6567914433060162,range_to,ok
2547,LiMnPO4,S/cm,10 ? 10,10.1016/j.electacta.2016.08.042,09/08/2016,,Unknown,1e-10,power_of_ten,ok
2549,LiFSI / PEO,Scm?1,1.3 × 10 ? 3,10.1016/j.electacta.2014.04.099,24/04/2014,,Unknown,0.0013000000000000002,single_sci,ok
2550,MgAl2O4,Scm?1,2.80 × 10 ? 3,10.1016/j.polymer.2014.01.015,23/01/2014,,Unknown,0.0028,single_sci,ok
2551,Hydroxide,mScm?1,36.6,10.1039/C5TA10452A,02/02/2016,,Unknown,36.6,single_plain,ok
2554,LiTFSA / tetraglyme,mScm?1,6.4,10.1039/C9CP01839E,15/05/2019,,Unknown,6.4,single_plain,ok
2556,FeCl3,S/cm,10 ? 3,10.1016/S0014-3057(98)00092-5,28/01/1999,,Unknown,0.001,power_of_ten,ok
2557,MoS2,S/cm,10 ? 1,10.1016/j.ssi.2006.02.048,15/05/2006,,Unknown,0.1,power_of_ten,ok
2558,Polyethylene oxide,Scm?1,3.38 × 10 ? 4,10.1016/j.gee.2018.07.001,10/07/2018,,Unknown,0.00033800000000000003,single_sci,ok
2560,LiFePO4,Scm?1,10 ? 9,10.1016/j.solidstatesciences.2014.10.002,06/10/2014,,Unknown,1e-09,power_of_ten,ok
2561,RuO2,Scm?1, 10 ? 6,10.1039/C8NJ02377H,09/07/2018,,Unknown,1e-06,power_of_ten_leading_dash,ok
2562,LiFePO4,Scm?1,10 ? 10,10.1016/j.ceramint.2014.07.106,29/07/2014,,Unknown,1e-10,power_of_ten,ok
2564,Co3O4(66,Scm?1,0.13,10.1039/C2TA01253G,05/02/2013,,Unknown,0.13,single_plain,ok
2565,Al2O3,Scm?1,1.53 × 10 ? 3,10.1016/j.ssi.2018.06.016,03/07/2018,,Unknown,0.0015300000000000001,single_sci,ok
2566,SiOC,S/cm,7.1,10.1016/j.matchemphys.2019.121963,06/08/2019,,Unknown,7.1,single_plain,ok
2567,Polyethylene oxide,Scm?1,1.18 × 10 ? 5,10.1016/j.scib.2017.10.011,21/10/2017,,Unknown,1.18e-05,single_sci,ok
2568,MnO2,Scm?1, 10 ? 6,10.1039/C9TA00364A,12/03/2019,,Unknown,1e-06,power_of_ten_leading_dash,ok
2570,LiPON,S/cm,to 1.5 × 10 ? 6,10.1016/j.mee.2011.06.022,05/07/2011,,Unknown,1.5e-06,open_upper,ok
2573,CoOOH,Scm?1,10 ? 2,10.1016/j.jpowsour.2013.09.134,06/10/2013,,Unknown,0.01,power_of_ten,ok
2574,TiO2(B),Scm?1,0.17 to 99,10.1039/C8TA01499J,24/04/2018,,Unknown,4.102438299353203,range_to,ok
2575,Li2S,Scm?1,10 ? 7,10.1016/j.ensm.2019.04.001,04/04/2019,,Unknown,1e-07,power_of_ten,ok
2576,LiFSI / TMP,mScm?1,0.9,10.1039/C8CC00994E,26/04/2018,,Unknown,0.9,single_plain,ok
2580,SiOC,Scm?1,101,10.1016/j.ceramint.2018.08.102,11/08/2018,,Unknown,101.0,power_of_ten,ok
2582,SiO2,mScm?1,1.3,10.1016/j.memsci.2013.08.028,29/08/2013,,Unknown,1.3,single_plain,ok
2583,LFP,Scm?1,10 ? 2,10.1016/j.electacta.2017.06.172,29/06/2017,,Unknown,0.01,power_of_ten,ok
2584,Hydroxide,mScm?1,1  60,10.1039/C1JM10656B,16/08/2011,,Unknown,,range_dash,manual_review
2586,SiO2,S/cm,8.5 × 10  7,10.1016/j.solmat.2011.11.021,15/12/2011,,Unknown,8.499999999999999e-07,single_sci,ok
2588,Li4.5Mo2.48VO9.93,Scm?1,0.2,10.1039/C8TA10274K,02/01/2019,,Unknown,0.2,single_plain,ok
2589,V2O5,S/cm,4,10.1016/j.ssi.2011.11.017,16/12/2011,,Unknown,4.0,single_plain,ok
2590,LiClO4,Scm?1,10 ? 2,10.1016/S0013-4686(02)00721-1,10/01/2003,,Unknown,0.01,power_of_ten,ok
2591,K2SO4,mScm?1,200,10.1016/j.electacta.2010.01.022,15/01/2010,,Unknown,200.0,single_plain,ok
2592,Ru / Ag,Scm?1,0.4,10.1039/C3CE41015C,10/03/2014,,Unknown,0.4,single_plain,ok
2593,LiPF6,Scm?1,10 ? 2,10.1016/j.jpowsour.2014.07.151,04/08/2014,,Unknown,0.01,power_of_ten,ok
2594,Mn3O4,Scm?1,10 ? 6,10.1039/C5RA05946A,19/05/2015,,Unknown,1e-06,power_of_ten,ok
2595,CoOOH,Scm?1,10 ? 5,10.1016/j.electacta.2017.12.065,12/12/2017,,Unknown,1e-05,power_of_ten,ok
2596,Li2O2,Scm?1,- 10 ? 9,10.1016/j.electacta.2016.03.040,09/03/2016,,Unknown,1e-09,power_of_ten_leading_dash,ok
2597,PVdF-HFP,Scm?1,8.2 × 10 ? 3,10.1016/j.jpowsour.2010.10.096,03/11/2010,,Unknown,0.008199999999999999,single_sci,ok
2598,LiCoO2,Scm?1,5 × 10 ? 8,10.1016/j.jpowsour.2018.05.005,10/05/2018,,Unknown,5e-08,single_sci,ok
2599,Cu(II),mS/cm,3.84,10.1016/j.jhazmat.2013.08.004,12/08/2013,,Unknown,3.84,single_plain,ok
2600,LiCF3SO3,Scm?1,10 ? 3,10.1016/S0167-2738(02)00595-7,11/10/2002,,Unknown,0.001,power_of_ten,ok
2602,LiCoO2,Scm?1,3.8 × 10 ? 7,10.1016/j.jpowsour.2017.02.038,27/02/2017,,Unknown,3.7999999999999996e-07,single_sci,ok
2604,Li2S,Scm-1,10  30,10.1016/j.ensm.2018.12.024,31/12/2018,,Unknown,1e-30,power_of_ten,ok
2605,NH4Br,Scm?1,1.12 × 10 ? 4,10.1016/j.electacta.2014.02.074,27/02/2014,,Unknown,0.00011200000000000001,single_sci,ok
2607,LiCoBO3,Scm?1,10 ? 12,10.1039/C8RA02745E,26/04/2018,,Unknown,1e-12,power_of_ten,ok
2609,LiFSI / PEO,Scm?1,3.4 × 10 ? 5,10.1016/j.electacta.2014.04.099,24/04/2014,,Unknown,3.4e-05,single_sci,ok
2610,LiBF4,Scm?1,1.57 × 10 ? 3,10.1016/j.apenergy.2017.07.054,04/08/2017,,Unknown,0.00157,single_sci,ok
2611,LiFePO4,Scm?1,4.5 × 10 ? 5 to 2.18 × 10 ? 4,10.1039/C2JM31149F,17/07/2012,,Unknown,9.904544411531512e-05,range_to,ok
2612,MoS2,Scm?1,1.37 × 10 ? 2 and 2.43 × 10 ? 2,10.1039/C4RA12683A,03/11/2014,,Unknown,0.01824582143944196,multi_value,ok
2613,LiCB11H12,Scm?1,0.15,10.1039/C5EE02941D,25/11/2015,,Unknown,0.15,single_plain,ok
2615,LiClO4,S/cm,1.53 × 10 ? 5,10.1016/j.solmat.2007.02.025,25/09/2007,,Unknown,1.5300000000000003e-05,single_sci,ok
2617,Polyethylene oxide,Scm?1,37 to 1.3 × 10 ? 4,10.1039/C8TA10124H,05/02/2019,,Unknown,0.06935416353759882,range_to,ok
2618,LiFePO4,Scm?1,10 ? 15,10.1016/j.jallcom.2015.08.016,08/08/2015,,Unknown,1e-15,power_of_ten,ok
2619,LiClO4,S/cm,2.26 × 10 ? 6,10.1016/j.electacta.2019.06.069,15/06/2019,,Unknown,2.2599999999999995e-06,single_sci,ok
2623,Fe2P,Scm?1,0.09,10.1016/j.jpowsour.2014.01.039,17/01/2014,,Unknown,0.09,single_plain,ok
2624,Hydroxide,Scm?1,0.065,10.1016/j.memsci.2010.11.058,27/11/2010,,Unknown,0.065,single_plain,ok
2627,LiClO4,Scm?1,1.13 × 10 ? 4 and 6.61 × 10 ? 4,10.1016/j.electacta.2012.03.021,21/03/2012,,Unknown,0.00027330020124397995,multi_value,ok
2628,Li2FeSiO4,Scm?1,4.76 × 10 ? 3,10.1039/C3TA00611E,26/03/2013,,Unknown,0.0047599999999999995,single_sci,ok
2629,TiO2,Scm?1,6.0 × 10 ? 8,10.1039/C3TA14535B,14/01/2014,,Unknown,6.000000000000001e-08,single_sci,ok
2630,Li2FeSiO4,Scm?1,1 × 10 ? 14 and 6 × 10 ? 14,10.1016/j.jallcom.2019.05.221,18/05/2019,,Unknown,2.4494897427831786e-14,multi_value,ok
2631,H2SO4,S/cm,0.34,10.1016/j.synthmet.2003.12.008,06/02/2004,,Unknown,0.34,single_plain,ok
2632,SiO2,mScm?1,2.27,10.1016/j.memsci.2018.07.092,04/08/2018,,Unknown,2.27,single_plain,ok
2635,Li2CO3,Scm?1,10 ? 5,10.1039/C8TA05102J,14/08/2018,,Unknown,1e-05,power_of_ten,ok
2636,SnO2,Scm?1,10 ? 5,10.1016/j.nanoen.2017.08.039,31/08/2017,,Unknown,1e-05,power_of_ten,ok
2637,Cd(II),Scm?1,2.8485 × 10 ? 9,10.1039/C8CE01251B,01/10/2018,,Unknown,2.8485000000000002e-09,single_sci,ok
2639,LiFeSO4F,Scm?1,5.2 × 10 ? 11,10.1016/j.electacta.2012.08.073,03/09/2012,,Unknown,5.2e-11,single_sci,ok
2641,LiOH,Scm?1,1 × 10 ? 3,10.1016/j.jpowsour.2011.09.052,21/09/2011,,Unknown,0.001,single_sci,ok
2643,Li3Co1.06(1)TeO6,Scm?1,1.64 × 10 ? 6,10.1039/C7DT02663C,26/09/2017,,Unknown,1.6399999999999998e-06,single_sci,ok
2644,P2O5,Scm?1,1.6 × 10 ? 7,10.1016/j.jnoncrysol.2009.09.013,21/10/2009,,Unknown,1.6e-07,single_sci,ok
2646,La0.9Ba0.1F2.9,Scm?1,2.8 × 10 ? 4,10.1039/C1JM13535J,25/10/2011,,Unknown,0.00028,single_sci,ok
2647,Li2O2,Scm?1,4 × 10 ? 19,10.1039/C8TA10771H,12/02/2019,,Unknown,4e-19,single_sci,ok
2648,LiClO4,S/cm,1.5 × 10 ? 5,10.1016/j.solmat.2007.02.025,25/09/2007,,Unknown,1.5000000000000002e-05,single_sci,ok
2649,LaF3,Scm?1,3 × 10 ? 4,10.1039/C5DT02321A,10/11/2015,,Unknown,0.00030000000000000003,single_sci,ok
2651,Ti8O15,Scm?1,20.6,10.1039/C6RA14507H,22/08/2016,,Unknown,20.6,single_plain,ok
2653,Li7P2.9S10.85Mo0.01,mScm?1,4.8,10.1016/j.cej.2019.03.145,18/03/2019,,Unknown,4.8,single_plain,ok
2654,Hydroxide,mScm?1,60 to 120,10.1039/C8TA05428B,14/08/2018,,Unknown,84.85281374238566,range_to,ok
2655,MnO2,Scm?1, 10 ? 6,10.1039/C5NR07900D,21/01/2016,,Unknown,1e-06,power_of_ten_leading_dash,ok
2656,LiFePO4,Scm?1,10 ? 2,10.1016/j.jpowsour.2005.03.094,04/05/2005,,Unknown,0.01,power_of_ten,ok
2657,TiO2,Scm?1,8.70 × 10 ? 4,10.1016/j.ssi.2019.05.017,03/06/2019,,Unknown,0.00087,single_sci,ok
2659,LiMn2O4,Scm?1,10 ? 5,10.1016/j.jallcom.2012.08.026,31/08/2012,,Unknown,1e-05,power_of_ten,ok
2662,FeF2.5·0.5H2O,S/cm,5.4 × 10 ? 12,10.1016/j.electacta.2017.04.006,03/04/2017,,Unknown,5.4000000000000004e-12,single_sci,ok
2664,Li2CO3,Scm?1,10 ? 19,10.1016/j.pecs.2017.06.001,22/06/2017,,Unknown,1e-19,power_of_ten,ok
2665,Polyethylene oxide,Scm?1,to 6.76 × 10 ? 5,10.1016/j.solidstatesciences.2012.05.019,26/05/2012,,Unknown,6.76e-05,open_upper,ok
2666,H2SO4,Scm?1,10 ? 1,10.1016/S0167-2738(01)00909-2,22/10/2001,,Unknown,0.1,power_of_ten,ok
2667,Na3V2(PO4)3,Scm?1,to 2.9 × 10 ? 5,10.1016/j.electacta.2019.03.057,09/03/2019,,Unknown,2.9e-05,open_upper,ok
2668,MnO2,Scm?1, 10 ? 2,10.1016/j.jcis.2019.07.064,25/07/2019,,Unknown,0.01,power_of_ten_leading_dash,ok
2669,Lithium bis(trifluoromethanesulfonyl)imide,S/cm,10 ? 4,10.1016/j.solmat.2014.05.028,04/06/2014,,Unknown,0.0001,power_of_ten,ok
2671,Li0.66FeF3·0.33H2O,Scm?1,1.0 × 10 ? 9,10.1039/C5TA03327F,28/07/2015,,Unknown,1e-09,single_sci,ok
2672,LiFePO4,Scm?1, 10 ? 10,10.1016/j.apsusc.2018.01.201,28/02/2018,,Unknown,1e-10,power_of_ten_leading_dash,ok
2673,Li2FeSiO4,Scm?1,"1.58 × 10 ? 5 , 4.94 × 10 ? 4 and 1.63 × 10 ? 3",10.1016/j.jpowsour.2011.09.066,29/09/2011,,Unknown,0.00023344820919408434,multi_value,ok
2674,Li0.97Na0.02K0.01FePO4 / C,Scm?1,4.24 × 10 ? 3,10.1039/C7NJ01872J,09/10/2017,,Unknown,0.004240000000000001,single_sci,ok
2675,MoS2,Scm?1,1 × 101,10.1016/j.matchemphys.2005.10.012,28/11/2005,,Unknown,10.0,single_sci,ok
2676,Li2S,Scm?1,10 ? 7,10.1039/C8TA08420C,27/11/2018,,Unknown,1e-07,power_of_ten,ok
2677,LiClO4,Scm?1,1.2 × 10 ? 6,10.1016/j.jpowsour.2005.05.004,12/07/2005,,Unknown,1.2e-06,single_sci,ok
2678,NH4OH,Scm?1,18 × 10 ? 6 to 48 × 10 ? 6,10.1039/C2NR33056C,14/02/2013,,Unknown,2.9393876913398163e-05,range_to,ok
2679,LiPF6,Scm?1,6.8 × 10 ? 3,10.1039/C7CP03647G,30/08/2017,,Unknown,0.0068,single_sci,ok
2680,Li2O2,Scm?1,1 × 10 ? 12,10.1039/C3EE23966G,20/02/2013,,Unknown,1e-12,single_sci,ok
2681,Mn3O4,Scm?1,10 ? 3,10.1016/j.physb.2010.12.059,04/01/2011,,Unknown,0.001,power_of_ten,ok
2682,NASICON,Scm?1,3.879 × 10 ? 3,10.1016/j.electacta.2016.09.104,24/09/2016,,Unknown,0.003879,single_sci,ok
2683,TiO2,Scm?1,4.46 × 10 ? 3,10.1016/j.memsci.2008.02.007,14/02/2008,,Unknown,0.00446,single_sci,ok
2684,Li3BO3,Scm?1,2.7 × 10 ? 4 and 3.3 × 10 ? 4,10.1016/j.electacta.2017.03.041,07/03/2017,,Unknown,0.00029849623113198604,multi_value,ok
2685,MoO3,S/cm,"1 × 10 ? 10 , 2 × 10 ? 8 and 7 × 10 ? 6",10.1016/j.electacta.2016.09.069,28/09/2016,,Unknown,2.4101422641752286e-08,multi_value,ok
2686,MoO3,Scm?1,11,10.1016/j.electacta.2010.05.001,11/05/2010,,Unknown,11.0,single_plain,ok
2688,LiMn1.5Ni0.5O4,Scm?1,10 ? 6,10.1039/C6RA20829K,17/10/2016,,Unknown,1e-06,power_of_ten,ok
2689,Mg(ClO4)2,S/cm,4,10.1016/j.ssi.2017.06.002,14/06/2017,,Unknown,4.0,single_plain,ok
2695,Hydroxide,mScm?1,50,10.1039/C1CC13141A,16/08/2011,,Unknown,50.0,single_plain,ok
2696,LiFePO4,Scm?1,10 ? 2,10.1016/j.jpowsour.2006.09.082,17/11/2006,,Unknown,0.01,power_of_ten,ok
2697,LiMn2O4,Scm?1,10 ? 4,10.1039/C8SE00483H,29/01/2019,,Unknown,0.0001,power_of_ten,ok
2698,Li2S,Scm?1,10 ? 14,10.1039/C4TA06097K,31/03/2015,,Unknown,1e-14,power_of_ten,ok
2700,LiVPO4F,Scm?1,10 ? 11,10.1016/j.ssi.2018.10.029,30/10/2018,,Unknown,1e-11,power_of_ten,ok
2701,PCNiO20,Scm?1,7,10.1039/C6RA03322A,10/03/2016,,Unknown,7.0,single_plain,ok
2702,LiBO2,Scm?1,3.0 × 10 ? 4,10.1016/j.ceramint.2018.01.058,10/01/2018,,Unknown,0.00030000000000000003,single_sci,ok
2703,Co3O4,Scm?1,3.1 × 10 ? 5,10.1039/C4NR02183E,07/08/2014,,Unknown,3.1e-05,single_sci,ok
2704,LiSO3CF3,S/cm,5,10.1016/j.ssi.2006.08.022,12/10/2006,,Unknown,5.0,single_plain,ok
2705,LiFePO4,Scm?1,1.61 × 10 ? 7,10.1039/C9CP00408D,15/05/2019,,Unknown,1.61e-07,single_sci,ok
2707,POSSPEG,Scm?1,10 ? 4,10.1016/j.eurpolymj.2015.11.023,02/12/2015,,Unknown,0.0001,power_of_ten,ok
2708,LiPON,Scm?1,2 × 10 ? 7,10.1039/C7TA07928A,13/03/2018,,Unknown,2e-07,single_sci,ok
2709,75Li2S·25P2S5-220,Scm?1,6.4 × 10 ? 4 and 6.1 × 10 ? 4,10.1039/C7QI00737J,13/02/2018,,Unknown,0.0006248199740725327,multi_value,ok
2710,PVdF-HFP / PVK,mScm?1,0.72,10.1039/C3RA40732B,01/07/2013,,Unknown,0.72,single_plain,ok
2711,Li14Zn(GeO4)4,Scm?1,6.4 × 10 ? 4 and 2.2 × 10 ? 3,10.1016/j.jpowsour.2010.12.020,21/12/2010,,Unknown,0.001186591757935306,multi_value,ok
2714,LiClO4,Scm?1,1 × 10 ? 3,10.1016/j.electacta.2005.02.003,02/03/2005,,Unknown,0.001,single_sci,ok
2715,AlCl3 / [BMIM]Cl,mScm?1,4.3,10.1039/C5TA06187C,10/11/2015,,Unknown,4.3,single_plain,ok
2716,SiO2,mScm?1,0.242,10.1039/C3RA44917C,15/11/2013,,Unknown,0.242,single_plain,ok
2717,SnS2,Scm-1,2.76,10.1016/j.ensm.2017.10.004,10/10/2017,,Unknown,2.76,single_plain,ok
2718,LiFePO4,Scm?1,10 ? 10,10.1016/j.jpowsour.2014.11.080,17/11/2014,,Unknown,1e-10,power_of_ten,ok
2719,FeCl3,Scm?1,5.1,10.1016/j.tet.2005.08.030,07/09/2005,,Unknown,5.1,single_plain,ok
2722,La9.33(SiO4)6O2,Scm?1,3 × 10 ? 2,10.1016/j.jpowsour.2015.12.100,28/12/2015,,Unknown,0.03,single_sci,ok
2723,MnO2,Scm?1, 10 ? 6,10.1039/C4EE01195C,16/07/2014,,Unknown,1e-06,power_of_ten_leading_dash,ok
2724,LiClO4,S/cm,2.3 × 10 ? 4,10.1016/j.electacta.2007.05.008,13/05/2007,,Unknown,0.00022999999999999998,single_sci,ok
2726,Polyethylene oxide,Scm?1,5.8 × 10 ? 8,10.1016/j.ssi.2010.12.008,21/01/2011,,Unknown,5.7999999999999997e-08,single_sci,ok
2728,Li6PS5Br,Scm?1,1.0 × 10 ? 4,10.1016/j.ceramint.2017.09.241,11/10/2017,,Unknown,0.0001,single_sci,ok
2729,LiNi0.5Mn1.5O4,Scm?1,"1.18 × 10 ? 4 , 5.32 × 10 ? 4 and 4.73 × 10 ? 4",10.1016/j.elecom.2009.05.054,02/06/2009,,Unknown,0.00030965986975013324,multi_value,ok
2730,SiO2,Scm?1,2.92 × 10 ? 3,10.1016/j.memsci.2015.06.016,22/06/2015,,Unknown,0.00292,single_sci,ok
2732,SiO2,mScm?1,0.7,10.1016/j.ceramint.2014.05.142,06/06/2014,,Unknown,0.7,single_plain,ok
2733,Hydroxide,mScm?1,24.8,10.1039/C9TA01167F,26/03/2019,,Unknown,24.8,single_plain,ok
2734,94Na3PS46Na4SiS4,mScm?1,0.74,10.1039/C5TA01616A,09/06/2015,,Unknown,0.74,single_plain,ok
2735,LiClO4,Scm?1,10 ? 3,10.1016/S0013-4686(00)00775-1,20/03/2001,,Unknown,0.001,power_of_ten,ok
2736,Cu2SnS3,Scm?1,3.43,10.1039/B910965J,06/10/2009,,Unknown,3.43,single_plain,ok
2737,Na+ / Na,mScm?1,0.1,10.1016/j.jpowsour.2017.08.079,04/09/2017,,Unknown,0.1,single_plain,ok
2738,Li2O2,Scm?1,4 × 10 ? 19,10.1039/C3EE41632A,17/07/2013,,Unknown,4e-19,single_sci,ok
2740,AgIAgPO3,Scm?1,10 ? 2,10.1016/j.physb.2006.05.054,13/07/2006,,Unknown,0.01,power_of_ten,ok
2742,RuO2,Scm?1,0.1,10.1039/C5TA06850A,20/10/2015,,Unknown,0.1,single_plain,ok
2746,Li2S,S/cm,5,10.1016/j.ssi.2006.09.001,09/10/2006,,Unknown,5.0,single_plain,ok
2747,LiFePO4,Scm?1,10 ? 9,10.1016/j.electacta.2013.06.075,08/07/2013,,Unknown,1e-09,power_of_ten,ok
2748,LiCoO2,Scm?1,4,10.1039/C2CP23626E,01/02/2012,,Unknown,4.0,single_plain,ok
2750,LiCoO2,Scm?1, 10 ? 9,10.1016/j.materresbull.2013.04.010,17/04/2013,,Unknown,1e-09,power_of_ten_leading_dash,ok
2752,LiClO4,Scm?1,10 ? 3,10.1016/S0013-4686(00)00732-5,20/03/2001,,Unknown,0.001,power_of_ten,ok
2754,NASICON,Scm?1,10 ? 4,10.1016/j.jpowsour.2018.04.006,24/04/2018,,Unknown,0.0001,power_of_ten,ok
2755,ZrO2,Scm?1, 10 ? 6,10.1039/C6CS00841K,22/05/2017,,Unknown,1e-06,power_of_ten_leading_dash,ok
2756,Li2MnO3,Scm?1,10 ? 3,10.1039/B702425H,14/08/2007,,Unknown,0.001,power_of_ten,ok
2757,LiPF6,Scm?1,5.8 × 10 ? 5,10.1016/j.ensm.2019.04.016,28/04/2019,,Unknown,5.8e-05,single_sci,ok
2758,LiMn2O4,Scm?1,10 ? 4,10.1016/j.jallcom.2011.06.054,29/06/2011,,Unknown,0.0001,power_of_ten,ok
2759,MoS2,S/cm,2.2 × 10 ? 2,10.1016/j.apsusc.2013.10.142,30/10/2013,,Unknown,0.022000000000000002,single_sci,ok
2760,LiPON,Scm?1,2 × 10 ? 6,10.1016/j.jeurceramsoc.2008.12.016,06/02/2009,,Unknown,2e-06,single_sci,ok
2763,LiBO2,Scm?1,to 2.0 × 10 ? 4,10.1016/j.ceramint.2018.01.058,10/01/2018,,Unknown,0.0002,open_upper,ok
2765,Mg(CF3SO3)2,Scm?1,2.17 × 10 ? 4,10.1016/j.electacta.2013.09.008,16/09/2013,,Unknown,0.00021700000000000002,single_sci,ok
2766,MnO2,Scm?1, 10 ? 6,10.1016/j.electacta.2015.09.014,08/09/2015,,Unknown,1e-06,power_of_ten_leading_dash,ok
2767,V2O5,Scm?1, 10 ? 6,10.1016/j.electacta.2016.11.174,01/12/2016,,Unknown,1e-06,power_of_ten_leading_dash,ok
2769,LiBF4,S/cm,0.52,10.1016/S0140-6701(00)94428-X,24/11/2003,,Unknown,0.52,single_plain,ok
2770,LiMnPO4,Scm?1,10 ? 14,10.1039/C0EE00713G,26/08/2011,,Unknown,1e-14,power_of_ten,ok
2771,Na11Sn2PS12,Scm?1,8.0 × 10 ? 9,10.1039/C7EE03083E,17/01/2018,,Unknown,8e-09,single_sci,ok
2772,LiPF6,Scm?1,1.4 × 10 ? 6,10.1016/j.electacta.2005.02.003,02/03/2005,,Unknown,1.4e-06,single_sci,ok
2773,Li2O,Scm?1,8.62 × 10 ? 8,10.1016/j.jpowsour.2012.05.117,09/06/2012,,Unknown,8.619999999999999e-08,single_sci,ok
2774,FeCl3,S/cm,to 6.17 × 10 ? 10,10.1016/j.jnoncrysol.2006.10.071,06/04/2007,,Unknown,6.17e-10,open_upper,ok
2775,Li2O,Scm?1,3.17 × 10 ? 4,10.1016/j.jpowsour.2014.10.146,29/10/2014,,Unknown,0.000317,single_sci,ok
2776,ZnMn2O4,Scm?1,6.4 × 10 ? 7,10.1016/j.carbon.2017.08.013,09/08/2017,,Unknown,6.4e-07,single_sci,ok
2777,Manganese oxides,Scm?1,10 ? 6,10.1039/C8TA09394F,11/12/2018,,Unknown,1e-06,power_of_ten,ok
2778,LiClO4,S/cm,"2.17 × 10 ? 5 , 1.84 × 10 ? 5 , 1.05 × 10 ? 5 and 2.25 × 10 ? 5",10.1016/j.electacta.2019.06.069,15/06/2019,,Unknown,1.752517419871992e-05,multi_value,ok
2779,MnO2,Scm?1,10 ? 6,10.1039/C3NR02119J,08/08/2013,,Unknown,1e-06,power_of_ten,ok
2780,Li2S,Scm-1,10  30,10.1016/j.ensm.2018.12.024,31/12/2018,,Unknown,1e-30,power_of_ten,ok
2781,LiCF3SO3,Scm?1,5.49 × 10 ? 3,10.1039/C6TA02907H,28/06/2016,,Unknown,0.00549,single_sci,ok
2782,Lithium bis(trifluoromethanesulfonyl)imide,Scm?1,10 ? 4,10.1016/j.pmatsci.2017.04.007,08/04/2017,,Unknown,0.0001,power_of_ten,ok
2783,LiBF4LiClO4,Scm?1,10 ? 6,10.1016/S0013-4686(03)00171-3,08/05/2003,,Unknown,1e-06,power_of_ten,ok
2784,Li2S,Scm?1,10 ? 30,10.1039/C6TA04445J,17/08/2016,,Unknown,1e-30,power_of_ten,ok
2785,Al2O3,mScm?1,1.12 to 1.00,10.1016/j.jpowsour.2017.02.078,03/03/2017,,Unknown,1.0583005244258363,range_to,ok
2786,LiFePO4,Scm?1,10 ? 9,10.1016/j.rser.2016.06.002,09/06/2016,,Unknown,1e-09,power_of_ten,ok
2787,LiPF6,Scm?1,10 ? 3,10.1039/C5TA06844D,05/01/2016,,Unknown,0.001,power_of_ten,ok
2789,LiPON,Scm?1,6.9 × 10 ? 4,10.1016/j.electacta.2016.03.143,25/03/2016,,Unknown,0.0006900000000000001,single_sci,ok
2790,H2SO4,S/cm,10.16 × 10 ? 2,10.1016/j.memsci.2019.01.008,10/01/2019,,Unknown,0.10160000000000001,single_sci,ok
2792,LiCoO2,Scm?1,10 ? 3,10.1039/C7TA01227F,30/05/2017,,Unknown,0.001,power_of_ten,ok
2793,LiCoO2,Scm?1,8.5 × 10 ? 6 to 4.6 × 10 ? 4,10.1039/C2CP23626E,01/02/2012,,Unknown,6.252999280345396e-05,range_to,ok
2794,TiO2,Scm?1,3,10.1016/j.eurpolymj.2017.01.026,23/01/2017,,Unknown,3.0,single_plain,ok
2795,LiPON,Scm?1,10 ? 6,10.1016/j.jpowsour.2013.10.089,30/10/2013,,Unknown,1e-06,power_of_ten,ok
2796,V2O5,Scm?1, 10 ? 3,10.1039/B314775D,26/02/2004,,Unknown,0.001,power_of_ten_leading_dash,ok
2797,LiNi0.5Mn1.5O4,mScm?1,to 9.5,10.1016/j.electacta.2016.05.029,06/05/2016,,Unknown,9.5,open_upper,ok
2798,Hydroxide,mScm?1,58.8,10.1039/C8QM00356D,25/10/2018,,Unknown,58.8,single_plain,ok
2800,Co3O4,Scm?1,10  103,10.1039/C5TA03469H,28/07/2015,,Unknown,1e-103,power_of_ten,ok
2802,Li2O2,Scm?1,10 ? 6,10.1039/C4EE00496E,16/07/2014,,Unknown,1e-06,power_of_ten,ok
2803,SiO2,mScm?1,0.35,10.1016/j.memsci.2013.08.028,29/08/2013,,Unknown,0.35,single_plain,ok
2804,LiClO4,S/cm,10 ? 5,10.1016/j.electacta.2006.08.007,09/10/2006,,Unknown,1e-05,power_of_ten,ok
2806,Na(B / Al)H4 complex hydrides,Scm?1,10 ? 10,10.1039/C8CC03367F,06/09/2018,,Unknown,1e-10,power_of_ten,ok
2808,MnO2,S/cm,6,10.1016/j.matlet.2012.03.030,16/03/2012,,Unknown,6.0,single_plain,ok
2809,Li7Ti5O12,Scm?1,- 10 ? 9,10.1016/j.electacta.2017.02.064,14/02/2017,,Unknown,1e-09,power_of_ten_leading_dash,ok
2810,V2O5,Scm?1, 10 ? 3,10.1016/j.jpowsour.2011.03.039,31/03/2011,,Unknown,0.001,power_of_ten_leading_dash,ok
2813,Sr1.6Na0.4MgSi2O6.8,Scm?1,6 × 10 ? 3,10.1039/C3TA13175K,17/12/2013,,Unknown,0.006,single_sci,ok
2814,SiO2,mS/cm,2,10.1016/j.joule.2017.08.012,27/09/2017,,Unknown,2.0,single_plain,ok
2817,SnO2,Scm?1,0.025,10.1016/j.synthmet.2010.01.018,09/02/2010,,Unknown,0.025,single_plain,ok
2818,Co3O4,S/cm,"3.2 × 10 ? 4 , 5.1 × 10 ? 5 , 4.1 × 10 ? 5 and 1.4 × 10 ? 5",10.1016/j.mseb.2010.07.014,17/07/2010,,Unknown,5.5323291605442686e-05,multi_value,ok
2819,LiCl,mScm?1,1,10.1016/j.ensm.2019.04.030,30/04/2019,,Unknown,1.0,single_plain,ok
2820,LiCoO2,Scm?1,7.25 × 10 ? 5 and 2.31 × 10 ? 4,10.1016/j.jpowsour.2005.02.002,23/03/2005,,Unknown,0.00012941213235241896,multi_value,ok
2821,O / Li,Scm?1,3.2 × 10 ? 4,10.1016/j.electacta.2011.05.006,10/05/2011,,Unknown,0.00032,single_sci,ok
2822,LiPF6,mScm?1,12,10.1016/j.jpowsour.2013.09.092,05/10/2013,,Unknown,12.0,single_plain,ok
2826,NH4CH3COO,Scm?1,10 ? 6,10.1016/j.arabjc.2014.05.001,10/05/2014,,Unknown,1e-06,power_of_ten,ok
2827,Li2MnSiO4,Scm?1,10 ? 14,10.1039/C5RA18594G,19/11/2015,,Unknown,1e-14,power_of_ten,ok
2828,Polyethylene oxide,Scm?1,6.76 × 10 ? 4,10.1016/j.est.2019.100947,19/09/2019,,Unknown,0.0006760000000000001,single_sci,ok
2829,LiFePO4,Scm?1,4.4 × 10 ? 6 and 2.1 × 10 ? 6,10.1016/j.electacta.2011.01.082,28/01/2011,,Unknown,3.039736830714135e-06,multi_value,ok
2831,LiPF6,Scm?1,to 1.5 × 10 ? 2,10.1016/S1364-0321(00)00011-3,07/03/2001,,Unknown,0.015,open_upper,ok
2833,O / Li,S/cm,7.5 × 10 ? 5,10.1016/j.jfluchem.2011.06.020,24/06/2011,,Unknown,7.500000000000001e-05,single_sci,ok
2834,NH4Br,Scm?1,1.0 × 10 ? 5,10.1016/j.jnoncrysol.2008.10.009,04/12/2008,,Unknown,1e-05,single_sci,ok
2835,LiBF4,mScm?1,3,10.1039/C8CP04102D,17/10/2018,,Unknown,3.0,single_plain,ok
2836,LiMnPO4,Scm?1,3 × 10 ? 9,10.1016/j.electacta.2013.05.025,16/05/2013,,Unknown,3.0000000000000004e-09,single_sci,ok
2838,LiPF6,Scm?1,5.5 × 10 ? 3,10.1039/C3RA47695B,07/03/2014,,Unknown,0.0055,single_sci,ok
2839,TiO2,Scm?1,0.2,10.1016/j.ceramint.2014.01.118,01/02/2014,,Unknown,0.2,single_plain,ok
2841,LiFePO4,S/cm,10 ? 9,10.1016/j.flatc.2017.08.002,09/08/2017,,Unknown,1e-09,power_of_ten,ok
2842,LiClO4,Scm?1,7 × 10 ? 7,10.1039/B004174M,01/01/2000,,Unknown,7e-07,single_sci,ok
2845,LiBF4,S/cm,10 ? 4,10.1016/j.electacta.2006.08.007,09/10/2006,,Unknown,0.0001,power_of_ten,ok
2847,Nb2O5,Scm?1,3 × 10 ? 6,10.1039/C6TA07856G,15/11/2016,,Unknown,3e-06,single_sci,ok
2849,H2SO4,Scm?1,0.8,10.1016/j.jpowsour.2004.12.011,17/02/2005,,Unknown,0.8,single_plain,ok
2850,MnO2,Scm?1,4.46 × 10 ? 4 to 3.18 × 10 ? 6,10.1016/j.physb.2011.02.063,04/03/2011,,Unknown,3.7660058417373724e-05,range_to,ok
2853,LiClO4,mScm?1,6.9,10.1016/j.nantod.2016.10.002,14/11/2016,,Unknown,6.9,single_plain,ok
2854,TiO2,Scm?1,10 ? 7,10.1039/C7TA05003H,22/08/2017,,Unknown,1e-07,power_of_ten,ok
2855,Na11Sn2PS12,mScm?1,6.3,10.1039/C9TA02166C,24/04/2019,,Unknown,6.3,single_plain,ok
2856,Fe3O4,Scm?1,"2.38 × 10 ? 9 , 7.96 × 10 ? 9 and 2.73 × 10 ? 8",10.1016/j.jcis.2017.11.054,21/11/2017,,Unknown,8.026956152049714e-09,multi_value,ok
2857,LiN(CF3SO2)2,Scm?1,10 ? 4,10.1016/j.electacta.2007.02.046,20/02/2007,,Unknown,0.0001,power_of_ten,ok
2858,Li2B12H12,Scm?1,10 ? 6,10.1039/C7DT02946B,26/09/2017,,Unknown,1e-06,power_of_ten,ok
2860,V2O5,Scm?1,1.17 × 10 ? 3,10.1039/B410324F,24/11/2004,,Unknown,0.00117,single_sci,ok
2861,NaCl,mS/cm,126,10.1016/j.electacta.2012.03.004,09/03/2012,,Unknown,126.0,single_plain,ok
2862,O / Li,S/cm,10-May,10.1016/S0022-0728(97)00174-5,07/04/1998,,Unknown,,unknown,manual_review
2863,SiO2,Scm?1,to 1.4 × 10 ? 3,10.1016/j.scib.2017.10.011,21/10/2017,,Unknown,0.0014,open_upper,ok
2865,LiFePO4 / C,Scm?1,10 ? 4,10.1016/j.jpowsour.2008.09.053,25/09/2008,,Unknown,0.0001,power_of_ten,ok
2866,TiO2,Scm?1,10 ? 5,10.1016/S0167-2738(02)00013-9,03/02/2002,,Unknown,1e-05,power_of_ten,ok
2867,H2SO4,Scm?1,8.7 × 10 ? 2,10.1016/j.jpowsour.2005.12.059,15/02/2006,,Unknown,0.087,single_sci,ok
2869,LiCoO2,Scm?1,5.9 × 10 ? 8,10.1016/j.jpowsour.2018.05.005,10/05/2018,,Unknown,5.9000000000000006e-08,single_sci,ok
2871,LiPF6,S/cm,0.082,10.1016/S0140-6701(00)94425-4,24/11/2003,,Unknown,0.082,single_plain,ok
2872,MnO2,Scm?1,80,10.1016/j.matchemphys.2011.06.050,20/07/2011,,Unknown,80.0,single_plain,ok
2873,LiFePO4,Scm?1, 10 ? 9,10.1016/j.jpowsour.2013.08.047,27/08/2013,,Unknown,1e-09,power_of_ten_leading_dash,ok
2874,K2CO3,mScm?1,529,10.1039/C1CC13141A,16/08/2011,,Unknown,529.0,single_plain,ok
2875,LiTFSI / CH3CN,mScm?1,17.4,10.1039/C8EE01040D,07/11/2018,,Unknown,17.4,single_plain,ok
2876,Fe2O3,Scm?1,10 ? 10,10.1016/j.matchemphys.2016.07.023,15/07/2016,,Unknown,1e-10,power_of_ten,ok
2877,Li2MnSiO4,Scm?1,10 ? 16,10.1039/C6TA01269H,14/06/2016,,Unknown,1e-16,power_of_ten,ok
2879,LiMn2O4,Scm?1,3.3 × 10 ? 5,10.1039/C7TA00482F,13/06/2017,,Unknown,3.3e-05,single_sci,ok
2880,LiClO4,S/cm,3,10.1016/j.ssi.2006.03.018,22/05/2006,,Unknown,3.0,single_plain,ok
2881,Hydroxide,Scm?1,3.6 to 5.5 × 10 ? 2,10.1016/j.memsci.2010.11.058,27/11/2010,,Unknown,0.4449719092257398,range_to,ok
2882,TiO2,Scm?1,1.24 × 10 ? 6,10.1039/C4RA00133H,05/03/2014,,Unknown,1.24e-06,single_sci,ok
2883,MnO2,Scm?1,10 ? 9,10.1039/C1JM10594A,05/04/2011,,Unknown,1e-09,power_of_ten,ok
2884,P2S5,Scm?1,17 × 10 ? 3,10.1016/j.rser.2019.04.035,20/04/2019,,Unknown,0.017,single_sci,ok
2885,SiO2,mScm?1,to 2.969,10.1016/j.electacta.2012.08.120,04/09/2012,,Unknown,2.969,open_upper,ok
2886,TiO2,Scm?1,1.8 × 10 ? 4,10.1039/C6TA02907H,28/06/2016,,Unknown,0.00018,single_sci,ok
2889,LiClO4,Scm?1,10.47 × 10 ? 3 and 10.96 × 10 ? 3,10.1039/C6TA07846J,22/11/2016,,Unknown,0.010712198653871203,multi_value,ok
2890,LiPON,S/cm,10 ? 4,10.1016/j.joule.2019.02.006,21/03/2019,,Unknown,0.0001,power_of_ten,ok
2891,Li2S2,Scm?1,10 ? 13,10.1039/C8CS00826D,17/06/2019,,Unknown,1e-13,power_of_ten,ok
2892,LiClO4,S/cm,10 ? 5,10.1016/S0167-2738(01)00693-2,28/02/2001,,Unknown,1e-05,power_of_ten,ok
2895,Cu(II),mS/cm,0.33,10.1016/j.jhazmat.2013.08.004,12/08/2013,,Unknown,0.33,single_plain,ok
2896,MnO2,Scm?1,10 ? 6,10.1016/j.electacta.2013.12.088,26/12/2013,,Unknown,1e-06,power_of_ten,ok
2897,LiTa2PO8,Scm?1,4,10.1039/C8TA09170F,20/11/2018,,Unknown,4.0,single_plain,ok
2898,LiClO4,S/cm,"2.17 × 10 ? 5 , 1.84 × 10 ? 5 , 1.05 × 10 ? 5 and 2.25 × 10 ? 5",10.1016/j.electacta.2019.06.069,15/06/2019,,Unknown,1.752517419871992e-05,multi_value,ok
2900,90V2O5·10P2O5,Scm?1,2 × 10 ? 1,10.1016/j.jpowsour.2009.02.031,21/02/2009,,Unknown,0.2,single_sci,ok
2902,Li2MnSiO4,Scm?1,10 ? 12,10.1039/C0JM03471A,08/02/2011,,Unknown,1e-12,power_of_ten,ok
2905,PVA / H3PO4,mScm?1,27.3,10.1039/C6RA15070E,09/08/2016,,Unknown,27.3,single_plain,ok
2906,LiMn2O4,S/cm,10 ? 2,10.1016/j.pmatsci.2005.04.002,14/06/2005,,Unknown,0.01,power_of_ten,ok
2909,LaF3,Scm-1,10-Mar,10.1016/0167-2738(90)90101-V,30/08/2002,,Unknown,,unknown,manual_review
2911,LiFeBO3,Scm?1,3.9 × 10 ? 7,10.1039/C7RA03028B,05/07/2017,,Unknown,3.8999999999999997e-07,single_sci,ok
2912,LiCoO2,Scm?1, 10 ? 16,10.1039/C3CP53436G,02/01/2014,,Unknown,1e-16,power_of_ten_leading_dash,ok
2913,Li2O2,Scm?1,1.1 × 10 ? 10,10.1039/C4EE00496E,16/07/2014,,Unknown,1.1000000000000001e-10,single_sci,ok
2914,Pd(II),Scm?1,3.90 × 10 ? 9,10.1039/C6DT03521C,20/12/2016,,Unknown,3.9e-09,single_sci,ok
2915,15LiCF3SO3,Scm?1,2.7 × 10 ? 3,10.1016/j.physb.2013.12.028,26/12/2013,,Unknown,0.0027,single_sci,ok
2916,Li2MnSiO4,Scm?1,10 ? 14,10.1016/j.jssc.2012.01.051,31/01/2012,,Unknown,1e-14,power_of_ten,ok
2917,LiClO4,Scm?1,to 6.9 × 10 ? 5,10.1016/j.electacta.2009.07.051,24/07/2009,,Unknown,6.900000000000001e-05,open_upper,ok
2918,LiCF3SO3PC,Scm?1,3,10.1016/S0167-2738(97)00531-6,27/03/1998,,Unknown,3.0,single_plain,ok
2922,70Li2S30P2S5,Scm?1,10 ? 3,10.1039/C4TA04332D,27/01/2015,,Unknown,0.001,power_of_ten,ok
2923,KMnO2,Scm?1,10 ? 5,10.1039/C5TA01445J,07/04/2015,,Unknown,1e-05,power_of_ten,ok
2925,Li6PS5Br,Scm?1,10 ? 3,10.1039/C9CP00664H,17/04/2019,,Unknown,0.001,power_of_ten,ok
2926,Co3O4,S/cm,"3.2 × 10 ? 4 , 5.1 × 10 ? 5 , 4.1 × 10 ? 5 and 1.4 × 10 ? 5",10.1016/j.mseb.2010.07.014,17/07/2010,,Unknown,5.5323291605442686e-05,multi_value,ok
2928,Li2CO3,Scm?1,10 ? 7,10.1016/j.joule.2017.10.007,06/11/2017,,Unknown,1e-07,power_of_ten,ok
2929,V2O5,Scm?1, 10 ? 6,10.1016/j.jpowsour.2015.06.055,16/06/2015,,Unknown,1e-06,power_of_ten_leading_dash,ok
2932,RuO2,Scm?1, 10 ? 3,10.1016/j.ensm.2018.12.018,29/12/2018,,Unknown,0.001,power_of_ten_leading_dash,ok
2935,NaPO3,Scm?1,1.6 × 10 ? 6,10.1016/j.jpowsour.2005.11.096,18/01/2006,,Unknown,1.6e-06,single_sci,ok
2936,La9.67(SiO4)6O2.5,Scm?1,1.3 × 10 ? 3,10.1039/B704426G,14/08/2007,,Unknown,0.0013000000000000002,single_sci,ok
2937,SnS2,Scm?1,to 0.345,10.1039/C2RA22764A,11/02/2013,,Unknown,0.345,open_upper,ok
2938,MgCl2,Scm?1,10 ? 5,10.1039/B201599B,26/07/2002,,Unknown,1e-05,power_of_ten,ok
2939,ZnO / zincone,Scm?1,6,10.1039/C8TA00132D,27/02/2018,,Unknown,6.0,single_plain,ok
2941,LiFePO4,Scm?1,10 ? 4,10.1016/j.carbon.2016.03.032,16/03/2016,,Unknown,0.0001,power_of_ten,ok
2942,LiFePO4,Scm?1,10 ? 9,10.1016/j.jpowsour.2008.12.041,24/12/2008,,Unknown,1e-09,power_of_ten,ok
2944,Ni2P-YS,Scm?1,4.252 × 10 ? 4 and 1.631 × 10 ? 5,10.1039/C7TA03236F,18/07/2017,,Unknown,8.32767194358664e-05,multi_value,ok
2945,LiCoO2 / graphite,Scm?1,2.5 × 10 ? 4,10.1016/j.jiec.2016.03.045,02/04/2016,,Unknown,0.00025,single_sci,ok
2946,Polyethylene oxide,S/cm,3.61 × 10 ? 4 and 7.03 × 10 ? 4,10.1016/j.ssi.2019.01.007,09/01/2019,,Unknown,0.0005037687961753882,multi_value,ok
2947,LiBF4,Scm?1,2.24 × 10 ? 3,10.1039/C6TA07757A,17/01/2017,,Unknown,0.0022400000000000002,single_sci,ok
2948,LiFePO4 / C,Scm?1,1.0 × 10 ? 7,10.1016/j.jpowsour.2006.11.024,21/12/2006,,Unknown,1e-07,single_sci,ok
2949,Na3V2(PO4)3,Scm?1,1.9 × 10 ? 9,10.1016/j.electacta.2019.03.057,09/03/2019,,Unknown,1.9e-09,single_sci,ok
2950,Polyethylene oxide,Scm?1,2.1 × 10 ? 4,10.1016/j.jpowsour.2017.10.059,05/11/2017,,Unknown,0.00021,single_sci,ok
2951,LiCoO2,Scm?1,10 ? 3,10.1016/j.elecom.2007.09.020,01/10/2007,,Unknown,0.001,power_of_ten,ok
2953,LiFePO4,Scm?1,10 ? 10,10.1039/C3TA12422C,10/09/2013,,Unknown,1e-10,power_of_ten,ok
2954,Li1.3Ti1.7Al0.3(PO4)3,Scm?1,1.2 × 10 ? 4,10.1016/j.jpowsour.2011.05.002,17/05/2011,,Unknown,0.00012,single_sci,ok
2955,NaOH,mScm?1,0.86,10.1016/j.jpowsour.2007.09.063,28/09/2007,,Unknown,0.86,single_plain,ok
2957,Li2S,Scm?1,10 ? 13,10.1039/C6TA05439K,11/10/2016,,Unknown,1e-13,power_of_ten,ok
2958,LiFePO4,Scm?1,5.86 × 10 ? 9 to 1.08 × 10 ? 1,10.1016/j.synthmet.2011.01.008,31/01/2011,,Unknown,2.5157106351883988e-05,range_to,ok
2959,TiO2,Scm?1,5.32 × 10 ? 2,10.1016/j.eurpolymj.2017.01.026,23/01/2017,,Unknown,0.053200000000000004,single_sci,ok
2960,NASICON,Scm?1,10 ? 3,10.1039/C9NR01655D,09/05/2019,,Unknown,0.001,power_of_ten,ok
2961,LiFePO4,Scm?1, 10 ? 10,10.1016/j.jallcom.2010.12.167,30/12/2010,,Unknown,1e-10,power_of_ten_leading_dash,ok
2964,LiFePO4,Scm?1,10 ? 9,10.1016/j.electacta.2016.01.049,08/01/2016,,Unknown,1e-09,power_of_ten,ok
2965,LiFePO4,Scm?1,10 ? 14,10.1039/C3TA01521A,26/02/2013,,Unknown,1e-14,power_of_ten,ok
2970,Al2O3,Scm?1,2.7 × 10-5,10.1016/j.commatsci.2017.12.014,30/12/2017,,Unknown,2.7000000000000002e-05,single_sci,ok
2972,LiFePO4,Scm?1,- 10 ? 10,10.1016/j.electacta.2014.06.015,10/06/2014,,Unknown,1e-10,power_of_ten_leading_dash,ok
2974,LiCoO2,Scm?1,10 ? 14,10.1039/C0JM03471A,08/02/2011,,Unknown,1e-14,power_of_ten,ok
2976,LiClO4,Scm?1,9.7 × 10 ? 4,10.1016/S0013-4686(99)00013-4,02/05/2000,,Unknown,0.0009699999999999999,single_sci,ok
2977,LiPON,S/cm,4.5 × 10 ? 6,10.1016/j.ijhydene.2014.01.012,01/02/2014,,Unknown,4.5e-06,single_sci,ok
2978,LiFePO4,Scm?1,2.4 × 10 ? 7,10.1039/C5RA01992C,02/04/2015,,Unknown,2.4e-07,single_sci,ok
2979,Li2B12H12,mScm?1,0.31,10.1039/C5TA06549F,10/11/2015,,Unknown,0.31,single_plain,ok
2980,TiO2,Scm?1,1.299 × 10 ? 3,10.1016/j.electacta.2010.07.011,09/07/2010,,Unknown,0.001299,single_sci,ok
2981,LiFePO4,S/cm,1.8 × 10 ? 9,10.1016/j.jallcom.2017.01.140,17/01/2017,,Unknown,1.8000000000000002e-09,single_sci,ok
2982,LiNi0.5Mn1.5O4,Scm?1,10 ? 2,10.1016/j.jpowsour.2016.03.070,04/04/2016,,Unknown,0.01,power_of_ten,ok
2983,LiFePO4,Scm?1,10 ? 10,10.1039/C5NR00933B,13/08/2015,,Unknown,1e-10,power_of_ten,ok
2985,Li2S / Li2S2,Scm?1,5 × 10 ? 30,10.1016/j.ensm.2015.08.004,01/09/2015,,Unknown,5.0000000000000004e-30,single_sci,ok
2986,NaSICON,Scm?1,10 ? 3,10.1016/j.jpowsour.2017.07.051,20/07/2017,,Unknown,0.001,power_of_ten,ok
2989,Li2O2,Scm?1,10 ? 19,10.1016/j.pecs.2017.06.001,22/06/2017,,Unknown,1e-19,power_of_ten,ok
2990,LiFePO4 / C,Scm?1,1.15 × 10 ? 5,10.1016/j.jallcom.2015.05.097,21/05/2015,,Unknown,1.15e-05,single_sci,ok
2991,Ce0.7Ca0.3VO3,Scm?1,40  50,10.1039/C1JM10960J,06/06/2011,,Unknown,,range_dash,manual_review
2992,LiClO4,Scm?1,10 ? 5,10.1016/j.ssi.2010.03.016,24/04/2010,,Unknown,1e-05,power_of_ten,ok
2994,LiMn2O4,Scm?1,10 ? 4,10.1016/j.ceramint.2014.02.012,14/02/2014,,Unknown,0.0001,power_of_ten,ok
2995,LiFePO4,Scm?1,8.3 × 10 ? 2 and 2.1 × 10 ? 1,10.1016/j.electacta.2010.05.040,15/05/2010,,Unknown,0.13202272531651513,multi_value,ok
2996,Polyethylene oxide,Scm?1,1.8 × 10 ? 6,10.1016/j.ensm.2018.03.016,20/03/2018,,Unknown,1.8e-06,single_sci,ok
2997,SiO2,mScm?1,0.21,10.1016/j.memsci.2013.08.028,29/08/2013,,Unknown,0.21,single_plain,ok
2998,LiClO4,S/cm,1.25 × 10 ? 3,10.1016/S0013-4686(02)00603-5,07/11/2002,,Unknown,0.00125,single_sci,ok
2999,PVdF-HFP,mScm?1,3.5,10.1016/j.jpowsour.2013.06.151,05/07/2013,,Unknown,3.5,single_plain,ok
3000,NASICON,Scm?1,7.0 × 10 ? 4,10.1039/C4TA04937C,04/11/2014,,Unknown,0.0007,single_sci,ok
3001,Li2FeSiO4,Scm?1,2 × 10 ? 12,10.1016/j.jpowsour.2007.07.064,06/08/2007,,Unknown,2e-12,single_sci,ok
3003,SPEs,S/cm,10 ? 4,10.1016/j.electacta.2006.02.061,05/06/2006,,Unknown,0.0001,power_of_ten,ok
3005,RuO2,Scm?1,0.27,10.1016/j.electacta.2017.02.109,21/02/2017,,Unknown,0.27,single_plain,ok
3006,Li2S2,Scm?1,5 × 10 ? 30,10.1039/C8QI00160J,15/05/2018,,Unknown,5.0000000000000004e-30,single_sci,ok
3007,LiPF6,mScm?1,10.27,10.1039/C6TA03810G,09/08/2016,,Unknown,10.27,single_plain,ok
3008,Na3V2(PO4)3,Scm?1,2 × 10 ? 8,10.1016/j.jpowsour.2017.07.004,17/07/2017,,Unknown,2e-08,single_sci,ok
3009,LiFePO4,Scm?1,10 ? 9,10.1016/j.matchemphys.2015.11.046,29/12/2015,,Unknown,1e-09,power_of_ten,ok
3010,TiO2,Scm?1,5 × 10 ? 4,10.1039/B900928K,22/07/2009,,Unknown,0.0005,single_sci,ok
3011,Lanthanum lithium titanate,Scm?1,1.5 × 10 ? 3,10.1016/0167-2738(94)90309-3,20/09/2002,,Unknown,0.0015,single_sci,ok
3012,MnO2,Scm?1,7.29 × 10 ? 4,10.1039/C5TA08426A,22/12/2015,,Unknown,0.000729,single_sci,ok
3013,LiCoO2,Scm?1,"6.5 × 10 ? 5 , 6 × 10 ? 5 , 1.5 × 10 ? 5 , 1.2 × 10 ? 5 and 1.0 × 10 ? 5",10.1039/C5EE01254F,01/07/2015,,Unknown,2.3402778513326935e-05,multi_value,ok
3015,NiMoO4,Scm?1,10 ? 5,10.1039/C8NR09497G,14/02/2019,,Unknown,1e-05,power_of_ten,ok
3018,LiBF4,Scm?1,2.24 × 10 ? 3,10.1016/j.rinp.2011.12.001,12/01/2012,,Unknown,0.0022400000000000002,single_sci,ok
3019,LiPON,S/cm,1.2 × 10 ? 6 and 8 × 10 ? 14,10.1016/j.jpowsour.2016.09.059,20/09/2016,,Unknown,3.0983866769659353e-10,multi_value,ok
3020,LiCoO2,Scm?1,1.1 × 10 ? 8,10.1016/j.jpowsour.2018.05.005,10/05/2018,,Unknown,1.1000000000000001e-08,single_sci,ok
3021,P2O5,Scm?1,5.4 × 10 ? 3 and 4.6 × 10 ? 3,10.1016/j.jmst.2018.10.007,10/10/2018,,Unknown,0.004983974317750844,multi_value,ok
3022,SiO2,mScm?1,0.6,10.1016/j.memsci.2013.08.028,29/08/2013,,Unknown,0.6,single_plain,ok
3024,LiPF6,mScm?1,9.2,10.1016/j.jpowsour.2013.03.139,02/04/2013,,Unknown,9.2,single_plain,ok
3025,Fe2P,Scm?1,10 ? 4,10.1016/j.jallcom.2019.151826,12/08/2019,,Unknown,0.0001,power_of_ten,ok
3026,ZnO / zincone,Scm?1,40,10.1039/C8TA00132D,27/02/2018,,Unknown,40.0,single_plain,ok
3027,Co3O4(66,Scm?1,1.25,10.1039/C2TA01253G,05/02/2013,,Unknown,1.25,single_plain,ok
3028,LiCoO2,Scm?1,10 ? 2,10.1016/j.electacta.2013.03.082,21/03/2013,,Unknown,0.01,power_of_ten,ok
3034,MnO2,Scm?1,85,10.1016/j.jpowsour.2017.04.065,27/04/2017,,Unknown,85.0,single_plain,ok
3035,Al3+ / Al,Scm?1,0.247,10.1016/j.jpowsour.2014.09.014,16/09/2014,,Unknown,0.247,single_plain,ok
3039,Fe3O4,S/cm,10 ? 2,10.1016/S0169-4332(03)00590-7,21/05/2003,,Unknown,0.01,power_of_ten,ok
3040,Li2FeP2O7,Scm?1,3.4 × 10 ? 9,10.1039/C4RA00014E,20/03/2014,,Unknown,3.4000000000000003e-09,single_sci,ok
3041,LiCoO2,Scm?1,10 ? 9,10.1016/j.matchemphys.2015.02.023,26/02/2015,,Unknown,1e-09,power_of_ten,ok
3042,LiMn2O4,Scm?1,10 ? 3,10.1039/C0JM03471A,08/02/2011,,Unknown,0.001,power_of_ten,ok
3045,Al2O3,Scm?1,1.28,10.1016/j.apsusc.2019.01.016,03/01/2019,,Unknown,1.28,single_plain,ok
3048,SiO2,mScm?1,5,10.1039/B821506E,06/05/2009,,Unknown,5.0,single_plain,ok
3050,LiFSI / PEO,Scm?1,4.7 × 10 ? 4,10.1016/j.electacta.2014.04.099,24/04/2014,,Unknown,0.00047000000000000004,single_sci,ok
3051,TiO2,Scm?1,10 ? 12,10.1039/C5RA03491D,09/03/2015,,Unknown,1e-12,power_of_ten,ok
3053,H2SO4,Scm?1,23 × 10 ? 6 and 105 × 10 ? 6,10.1039/C2NR33056C,14/02/2013,,Unknown,4.9142649501222483e-05,multi_value,ok
3054,LiFePO4,Scm?1,10 ? 8,10.1016/j.jpowsour.2008.11.015,13/11/2008,,Unknown,1e-08,power_of_ten,ok
3056,MoO2,Scm?1,8,10.1016/j.jpowsour.2012.05.050,26/05/2012,,Unknown,8.0,single_plain,ok
3058,LiFePO4,Scm?1,10 ? 9,10.1016/j.jpowsour.2010.05.048,31/05/2010,,Unknown,1e-09,power_of_ten,ok
3059,LiNi0.5Mn1.5O4,Scm?1,10 ? 5,10.1039/C8TA12375F,16/04/2019,,Unknown,1e-05,power_of_ten,ok
3061,LiClO4,Scm?1,? 6 to 2 × 10 ? 3,10.1016/S0013-4686(00)00732-5,20/03/2001,,Unknown,,unknown,manual_review
3062,LiFePO4,Scm?1,10 ? 10,10.1016/j.jpowsour.2006.09.082,17/11/2006,,Unknown,1e-10,power_of_ten,ok
3063,LiFePO4,Scm?1,100  101,10.1016/j.jpowsour.2008.10.120,08/11/2008,,Unknown,,range_dash,manual_review
3065,LiPON,Scm?1,10 ? 6,10.1016/j.scib.2017.10.011,21/10/2017,,Unknown,1e-06,power_of_ten,ok
3066,AgIAgPO3,Scm?1,10 ? 7,10.1016/S0921-4526(98)01495-1,28/07/1999,,Unknown,1e-07,power_of_ten,ok
3067,SiO2,Scm?1,8.2 × 10 ? 4,10.1016/j.jpowsour.2010.02.026,17/02/2010,,Unknown,0.00082,single_sci,ok
3068,Hydroxide,mScm?1,10,10.1039/C8TA05428B,14/08/2018,,Unknown,10.0,single_plain,ok
3069,LiMnPO4,Scm?1,1.8 × 10 ? 9,10.1016/j.matchemphys.2012.08.021,29/08/2012,,Unknown,1.8000000000000002e-09,single_sci,ok
3070,CH3CH2OCH2Cl,mScm?1,0.05,10.1039/C2RA21772D,15/10/2012,,Unknown,0.05,single_plain,ok
3071,Li2S,Scm?1,1.2 × 10 ? 2,10.1016/j.ensm.2018.02.014,24/02/2018,,Unknown,0.012,single_sci,ok
3072,LiFePO4 / C,Scm?1,1.9 × 10 ? 2 and 5.54 × 10 ? 3,10.1016/j.jpowsour.2010.01.019,15/01/2010,,Unknown,0.010259629622944485,multi_value,ok
3073,CuCr0.95Mg0.05O2,Scm?1,0.33,10.1039/C5TC01070E,04/06/2015,,Unknown,0.33,single_plain,ok
3074,LiClO4,Scm?1,7 × 10 ? 7,10.1016/S0378-7753(01)00747-9,03/07/2001,,Unknown,7e-07,single_sci,ok
3075,LiMn2O4,Scm?1,10 ? 5,10.1016/j.electacta.2017.01.093,24/01/2017,,Unknown,1e-05,power_of_ten,ok
3076,LiCoO2,Scm?1,7.25 × 10 ? 5 and 2.31 × 10 ? 4,10.1016/j.jpowsour.2005.02.002,23/03/2005,,Unknown,0.00012941213235241896,multi_value,ok
3077,LiPF6,mScm?1,1,10.1016/j.electacta.2011.10.024,04/11/2011,,Unknown,1.0,single_plain,ok
3078,Li6.5La3Zr1.3Nb0.6Gd0.1O12,Scm?1,6.09 × 10 ? 4,10.1016/j.ceramint.2019.06.002,04/06/2019,,Unknown,0.0006090000000000001,single_sci,ok
3079,LiFePO4,Scm?1,10 ? 9,10.1039/C5RA05988G,24/04/2015,,Unknown,1e-09,power_of_ten,ok
3080,Co3O4,Scm?1,3.1 × 10 ? 5,10.1039/C2CE26632F,28/01/2013,,Unknown,3.1e-05,single_sci,ok
3081,SiO2,Scm?1,1.1 × 10 ? 3,10.1016/j.ssi.2018.09.020,06/10/2018,,Unknown,0.0011,single_sci,ok
3082,ZrO2,Scm?1, 10 ? 2,10.1039/C6CS00841K,22/05/2017,,Unknown,0.01,power_of_ten_leading_dash,ok
3086,Li6PS5Br,Scm?1,0.3 × 10 ? 4,10.1016/j.jpowsour.2018.06.011,06/06/2018,,Unknown,3e-05,single_sci,ok
3087,LiClO4,Scm?1,1 × 10 ? 3,10.1016/j.ijhydene.2013.10.052,05/11/2013,,Unknown,0.001,single_sci,ok
3088,LiCoO2,Scm?1,2.06 × 10 ? 3 to 2.72 × 10 ? 1,10.1016/j.jpowsour.2013.01.102,28/01/2013,,Unknown,0.023671079400821582,range_to,ok
3089,LiFePO4,Scm?1,10 ? 10,10.1016/j.jpowsour.2010.10.051,23/10/2010,,Unknown,1e-10,power_of_ten,ok
3090,MoS2,Scm?1,10  100,10.1039/C9TA06115K,06/08/2019,,Unknown,1e-100,power_of_ten,ok
3091,FeWO4,Scm?1,10 ? 4.5,10.1039/C7RA08047F,29/08/2017,,Unknown,,unknown,manual_review
3092,LFP,Scm?1,10 ? 10,10.1016/j.cej.2019.122371,29/07/2019,,Unknown,1e-10,power_of_ten,ok
3094,Nb2O5,Scm?1,3 × 10 ? 6,10.1016/j.electacta.2018.12.172,31/12/2018,,Unknown,3e-06,single_sci,ok
3095,LiAlPEG / PEO,Scm?1,4.0 × 10 ? 5 and 2.6 × 10 ? 4,10.1039/C8NR00573G,29/03/2018,,Unknown,0.00010198039027185574,multi_value,ok
3096,ZrO2,Scm?1,6.24 × 10 ? 6,10.1016/j.physb.2011.05.047,01/06/2011,,Unknown,6.2399999999999995e-06,single_sci,ok
3097,LiFePO4,Scm?1,2.82 × 10 ? 3 and 5.6 × 10 ? 4,10.1016/j.jallcom.2014.12.015,13/12/2014,,Unknown,0.0012566622457923994,multi_value,ok
3098,SiO2TEOS,mScm?1,0.269,10.1039/C3RA44917C,15/11/2013,,Unknown,0.269,single_plain,ok
3100,Ce0.8Sm0.2O1.9,S/cm,2,10.1016/S1002-0721(14)60434-8,26/04/2015,,Unknown,2.0,single_plain,ok
3101,LiFePO4,Scm?1,10 ? 5,10.1016/j.supflu.2010.09.026,23/09/2010,,Unknown,1e-05,power_of_ten,ok
3102,Mg(ClO4)2,Scm?1,10 ? 5,10.1039/B201599B,26/07/2002,,Unknown,1e-05,power_of_ten,ok
3104,Ni2P,Scm?1,5 × 10 ? 30,10.1039/C7TA03236F,18/07/2017,,Unknown,5.0000000000000004e-30,single_sci,ok
3105,LiNaSO4,S/cm,0.02,10.1016/S0167-2738(01)00849-9,24/07/2001,,Unknown,0.02,single_plain,ok
3107,MnO2,Scm?1,10 ? 5,10.1039/C5TA08426A,22/12/2015,,Unknown,1e-05,power_of_ten,ok
3108,LiFePO4,Scm?1,10 ? 9,10.1016/j.jpowsour.2010.02.009,10/02/2010,,Unknown,1e-09,power_of_ten,ok
3109,SiO2,Scm?1,1.0 × 10 ? 4 and 5.7 × 10 ? 5,10.1016/j.compositesb.2013.12.071,01/01/2014,,Unknown,7.54983443527075e-05,multi_value,ok
3110,Li2S,S/cm,6,10.1016/j.ssi.2006.09.012,13/11/2006,,Unknown,6.0,single_plain,ok
3111,SiO2,S/cm,8.5 × 10  7,10.1016/j.solmat.2011.11.021,15/12/2011,,Unknown,8.499999999999999e-07,single_sci,ok
3112,SiO2,Scm?1,3.45 × 10 ? 2,10.1016/j.supflu.2017.03.011,18/03/2017,,Unknown,0.0345,single_sci,ok
3113,Li2FeSiO4,Scm?1,6 × 10 ? 14,10.1039/C0EE00713G,26/08/2011,,Unknown,6e-14,single_sci,ok
3114,LiPON,Scm?1,2 × 10 ? 6,10.1016/j.jpowsour.2012.01.086,21/01/2012,,Unknown,2e-06,single_sci,ok
3115,TiO2,Scm?1,10 ? 9,10.1039/C4RA00133H,05/03/2014,,Unknown,1e-09,power_of_ten,ok
3117,LiFePO4,Scm?1,10 ? 9,10.1016/j.ijhydene.2016.11.201,21/12/2016,,Unknown,1e-09,power_of_ten,ok
3119,MnO2,Scm?1, 10 ? 6,10.1039/C7NR00408G,20/04/2017,,Unknown,1e-06,power_of_ten_leading_dash,ok
3120,LiNi0.5Mn1.5O4,mScm?1,10,10.1016/j.electacta.2016.05.029,06/05/2016,,Unknown,10.0,single_plain,ok
3121,Li2MnSiO4,S/cm, 10 ? 16,10.1016/j.jpowsour.2015.06.107,29/06/2015,,Unknown,1e-16,power_of_ten_leading_dash,ok
3122,LiFePO4,Scm?1,1.01 × 10 ? 2,10.1016/j.jpowsour.2009.12.074,29/12/2009,,Unknown,0.0101,single_sci,ok
3123,Li2FeGeS4,S/cm,4,10.1016/j.ssi.2015.05.019,17/07/2015,,Unknown,4.0,single_plain,ok
3124,LiFSI / PEO,Scm?1,10 ? 6,10.1016/j.jpowsour.2018.02.066,09/03/2018,,Unknown,1e-06,power_of_ten,ok
3125,LiClO4,Scm?1,1.5055 × 10 ? 3,10.1016/j.jpowsour.2004.09.001,19/11/2004,,Unknown,0.0015055000000000001,single_sci,ok
3126,LiFePO4,Scm?1, 10 ? 10,10.1016/j.apenergy.2016.06.047,20/06/2016,,Unknown,1e-10,power_of_ten_leading_dash,ok
3127,LiCoO2,S/cm,10 ? 3,10.1016/j.jpowsour.2015.04.081,28/04/2015,,Unknown,0.001,power_of_ten,ok
3128,LiMn2O4,Scm?1,10 ? 3,10.1039/C3TA15210C,11/03/2014,,Unknown,0.001,power_of_ten,ok
3129,P2S5,Scm?1,1.32 × 10 ? 4,10.1039/C8TA01800F,01/05/2018,,Unknown,0.000132,single_sci,ok
3130,LiMnPO4,Scm?1,10 ? 14,10.1039/C2CS35307E,11/03/2013,,Unknown,1e-14,power_of_ten,ok
3132,LiClO4,S/cm,10 ? 4,10.1016/S0032-3861(00)00322-0,07/09/2000,,Unknown,0.0001,power_of_ten,ok
3133,Li1+x+yAlxTi2?xSiyP3?yO12,Scm?1,10 ? 4,10.1039/C8TA07951J,30/10/2018,,Unknown,0.0001,power_of_ten,ok
3135,MnO2,Scm?1, 10 ? 6,10.1016/j.cej.2017.11.039,07/11/2017,,Unknown,1e-06,power_of_ten_leading_dash,ok
3136,Li6.5La3Zr1.3Nb0.6Gd0.1O12,Scm?1,6.53 × 10 ? 4,10.1016/j.ceramint.2019.06.002,04/06/2019,,Unknown,0.000653,single_sci,ok
3137,Nb-doped TiO2,Scm?1,1.5,10.1039/C3EE43886D,16/07/2014,,Unknown,1.5,single_plain,ok
3138,Li2S,Scm?1,1.6 × 10 ? 4,10.1016/j.jpowsour.2017.03.108,07/04/2017,,Unknown,0.00016,single_sci,ok
3139,H2SO4,Scm?1,23 × 10 ? 6 and 105 × 10 ? 6,10.1039/C2NR33056C,14/02/2013,,Unknown,4.9142649501222483e-05,multi_value,ok
3140,Sn3P4,Scm?1,30.7,10.1039/C8EE03014F,10/07/2019,,Unknown,30.7,single_plain,ok
3141,LiFePO4,S/cm,10 ? 9,10.1016/j.partic.2014.03.008,02/06/2014,,Unknown,1e-09,power_of_ten,ok
3142,Li2S,Scm?1,10 ? 6.0,10.1016/S0013-4686(03)00178-6,29/04/2003,,Unknown,,unknown,manual_review
3143,LiFePO4,Scm?1,10 ? 4,10.1016/j.ssi.2017.12.039,21/02/2018,,Unknown,0.0001,power_of_ten,ok
3145,LiPF6,mS/cm,1.9,10.1016/S0378-7753(03)00354-9,03/04/2003,,Unknown,1.9,single_plain,ok
3147,MgCl2,Scm?1,10 ? 3,10.1039/B201599B,26/07/2002,,Unknown,0.001,power_of_ten,ok
3149,LiPON,Scm?1,1  3 × 10 ? 6,10.1016/j.electacta.2013.08.053,20/08/2013,,Unknown,,range_dash,manual_review
3150,Li2S / Li2S2,Scm?1,5 × 10 ? 30,10.1039/C8TA03012J,19/06/2018,,Unknown,5.0000000000000004e-30,single_sci,ok
3151,LiFePO4,S/cm,10 ? 1,10.1016/j.jallcom.2009.08.144,04/09/2009,,Unknown,0.1,power_of_ten,ok
3152,LiClO4,Scm?1,5.39 × 10 ? 5,10.1016/j.apsusc.2012.06.082,30/06/2012,,Unknown,5.39e-05,single_sci,ok
3155,Polyethylene oxide,Scm?1,10 ? 6,10.1016/j.electacta.2018.10.023,05/10/2018,,Unknown,1e-06,power_of_ten,ok
3156,SiO2,Scm?1,3.4 × 10 ? 3,10.1016/j.jpowsour.2010.02.026,17/02/2010,,Unknown,0.0034,single_sci,ok
3157,LiMn2O4,Scm?1, 10 ? 8,10.1039/C3CP54610A,19/02/2014,,Unknown,1e-08,power_of_ten_leading_dash,ok
3158,LiCF3SO3,Scm?1,4 × 10 ? 5,10.1039/C8ME00096D,08/04/2019,,Unknown,4e-05,single_sci,ok
3161,LiFePO4,Scm?1,10 ? 12,10.1039/C1JM13889H,29/11/2011,,Unknown,1e-12,power_of_ten,ok
3162,Si / Ti,mScm?1,3.263,10.1016/j.electacta.2016.09.057,12/09/2016,,Unknown,3.263,single_plain,ok
3164,CoOOH,Scm?1,10 ? 5,10.1039/C5NR01320H,09/04/2015,,Unknown,1e-05,power_of_ten,ok
3165,LiFePO4,Scm?1,10 ? 10,10.1039/C7RA08993G,11/09/2017,,Unknown,1e-10,power_of_ten,ok
3167,LiPF6,S/cm,1.4 × 10 ? 3,10.1016/j.elecom.2008.05.043,03/06/2008,,Unknown,0.0014,single_sci,ok
3168,MoO3,Scm?1,10 ? 8,10.1016/j.jallcom.2016.06.043,08/06/2016,,Unknown,1e-08,power_of_ten,ok
3169,Nb2O5,Scm?1,3 × 10 ? 6,10.1039/C6RA11460A,27/07/2016,,Unknown,3e-06,single_sci,ok
3170,Ca-doped LaNbO4,Scm?1,10 ? 3,10.1039/C8QI00524A,11/09/2018,,Unknown,0.001,power_of_ten,ok
3171,LiCoPO4,Scm?1,3.4 × 10 ? 9 and 1.2 × 10 ? 7,10.1016/j.elecom.2008.10.025,31/10/2008,,Unknown,2.019900987672417e-08,multi_value,ok
3172,LiFePO4,Scm?1,2.15 × 10 ? 1,10.1016/j.jpowsour.2015.04.129,23/04/2015,,Unknown,0.215,single_sci,ok
3173,MgAl2O4,Scm?1,3.2 × 10 ? 3 and 5.1 × 10 ? 4,10.1039/C7QI00148G,13/06/2017,,Unknown,0.0012774975538137046,multi_value,ok
3174,LiCF3SO3,Scm?1,1.4 × 10 ? 6,10.1016/j.carbpol.2003.08.018,30/10/2003,,Unknown,1.4e-06,single_sci,ok
3176,V2O5,S/cm, 10-3,10.1016/j.flatc.2017.08.002,09/08/2017,,Unknown,0.001,power_of_ten_leading_dash,ok
3177,Hydroxide,mScm?1,21.2,10.1039/C7EE01913K,11/10/2017,,Unknown,21.2,single_plain,ok
3179,NaCl,mScm?1,40,10.1039/C7TA06573F,31/10/2017,,Unknown,40.0,single_plain,ok
3180,MoS2,Scm?1,10  100,10.1039/C9TA06115K,06/08/2019,,Unknown,1e-100,power_of_ten,ok
3181,Li(BH4)0.75I0.25,Scm?1,10 ? 3,10.1016/j.electacta.2018.05.041,10/05/2018,,Unknown,0.001,power_of_ten,ok
3182,MnO2,Scm?1,10 ? 6,10.1039/C4RA12411A,24/11/2014,,Unknown,1e-06,power_of_ten,ok
3184,LiPF6,Scm?1,10.7 × 10 ? 3 and 7 × 10 ? 3,10.1016/j.materresbull.2012.11.002,16/11/2012,,Unknown,0.008654478609367524,multi_value,ok
3186,LiMnPO4,Scm?1,10 ? 16,10.1039/C3CC40673C,12/03/2013,,Unknown,1e-16,power_of_ten,ok
3187,LiFePO4,Scm?1,4.5 × 10 ? 5 and 2.18 × 10 ? 4,10.1016/j.jpowsour.2011.10.073,25/10/2011,,Unknown,9.904544411531512e-05,multi_value,ok
3188,LiFePO4 / C,Scm?1,0.09,10.1016/j.jpowsour.2014.01.039,17/01/2014,,Unknown,0.09,single_plain,ok
3189,LiPON,S/cm,6,10.1016/j.ssi.2012.12.013,28/01/2013,,Unknown,6.0,single_plain,ok
3190,Li / LiFePO4,mScm?1,0.5,10.1016/j.polymer.2016.08.100,29/08/2016,,Unknown,0.5,single_plain,ok
3191,Polyethylene oxide,Scm?1,1.67 × 10 ? 4,10.1016/j.nanoen.2019.03.051,18/03/2019,,Unknown,0.000167,single_sci,ok
3192,Li10[V12B18O60H6]·28H2O,Scm?1,1.9 × 10 ? 5,10.1039/C6DT04701G,21/02/2017,,Unknown,1.9e-05,single_sci,ok
3193,LiCoO2,Scm?1,- 10 ? 2,10.1016/j.jpowsour.2018.05.005,10/05/2018,,Unknown,0.01,power_of_ten_leading_dash,ok
3194,ZrO2,mS/cm,0.1,10.1016/j.jpowsour.2018.04.067,02/05/2018,,Unknown,0.1,single_plain,ok
3195,LiFePO4,Scm?1,2.07 × 10 ? 3 and 1.43 × 10 ? 8,10.1039/C1JM12291F,20/09/2011,,Unknown,5.440680104545749e-06,multi_value,ok
3196,SiO2,Scm?1, 10 ? 8,10.1016/S0378-7753(03)00159-9,07/03/2003,,Unknown,1e-08,power_of_ten_leading_dash,ok
3198,SiO2P[VBTMA][BF4] nanoparticles,Scm?1,10 ? 4,10.1039/C3PY01025B,24/12/2013,,Unknown,0.0001,power_of_ten,ok
3199,NaOH,mScm?1,7.61,10.1039/C0PY00084A,07/09/2010,,Unknown,7.61,single_plain,ok
3200,NaCl,mSm?1,1.935,10.1016/S0022-0728(02)01268-8,27/11/2002,,Unknown,1.935,single_plain,ok
3204,LiBF4,mScm?1,3.9,10.1016/j.electacta.2009.03.046,27/03/2009,,Unknown,3.9,single_plain,ok
3205,LiPON,Scm?1,9.8 × 10 ? 6,10.1016/j.ssi.2019.03.023,09/04/2019,,Unknown,9.800000000000001e-06,single_sci,ok
3206,H2SO4,Scm?1,0.68,10.1016/j.jelechem.2010.10.008,08/10/2010,,Unknown,0.68,single_plain,ok
3207,P222Si-TFSI,mScm?1,0.6,10.1039/C1CC15331E,25/10/2011,,Unknown,0.6,single_plain,ok
3208,Al2O3,Scm?1,1.2,10.1016/j.apsusc.2019.01.016,03/01/2019,,Unknown,1.2,single_plain,ok
3209,LiCoO2,Scm?1,2.5 × 10 ? 5,10.1016/j.jpowsour.2018.05.005,10/05/2018,,Unknown,2.5e-05,single_sci,ok
3210,TiO2,Scm?1,1 × 10 ? 12,10.1016/j.electacta.2015.04.091,17/04/2015,,Unknown,1e-12,single_sci,ok
3213,CuCl2,S/cm,7.5 × 10 ? 3,10.1016/j.solmat.2012.03.019,03/05/2012,,Unknown,0.0075,single_sci,ok
3214,Li2O2,Scm?1,5 × 10 ? 20,10.1039/C5EE01604E,26/08/2015,,Unknown,5e-20,single_sci,ok
3215,LiClO4,S/cm,10 ? 3,10.1016/j.solmat.2012.03.019,03/05/2012,,Unknown,0.001,power_of_ten,ok
3216,Ce0.8Gd0.2O2,Scm?1,3 × 10 ? 4,10.1039/C5NR05299H,22/10/2015,,Unknown,0.00030000000000000003,single_sci,ok
3217,Li2OTiO2P2O5SiO2,S/cm,7 × 10 ? 4,10.1016/j.ceramint.2014.09.121,02/10/2014,,Unknown,0.0007,single_sci,ok
3218,LiV3O8,Scm?1,3.52 × 10 ? 6 and 2.89 × 10 ? 5,10.1039/C4TA05616G,03/02/2015,,Unknown,1.0086029942450113e-05,multi_value,ok
3219,PVdF-HFP,Scm?1,4.2 × 10 ? 5,10.1016/j.jpowsour.2005.10.078,28/11/2005,,Unknown,4.2000000000000004e-05,single_sci,ok
3220,LiCF3SO3,Scm?1,10 ? 10,10.1016/j.mseb.2007.03.003,17/04/2007,,Unknown,1e-10,power_of_ten,ok
3221,TiO2,Scm?1,6 × 10 ? 7,10.1016/j.nanoen.2015.06.017,27/06/2015,,Unknown,6e-07,single_sci,ok
3222,AlCl3 / [BMIM]Cl,mScm?1,8.6,10.1039/C5TA06187C,10/11/2015,,Unknown,8.6,single_plain,ok
3224,LiBF4,Scm?1,10 ? 9,10.1039/B101079O,01/01/2001,,Unknown,1e-09,power_of_ten,ok
3225,MnO2,Scm?1,- 10 ? 5,10.1016/j.electacta.2017.02.037,08/02/2017,,Unknown,1e-05,power_of_ten_leading_dash,ok
3227,Al2O3,Scm?1,7.1047 × 10 ? 3,10.1016/j.jpcs.2013.05.016,25/05/2013,,Unknown,0.0071047,single_sci,ok
3228,Polyethylene oxide,S/cm,6.157 × 10 ? 7,10.1016/j.physb.2018.08.002,03/08/2018,,Unknown,6.157e-07,single_sci,ok
3229,Manganese oxides,Scm?1, 10 ? 6,10.1016/j.jpowsour.2013.03.125,01/04/2013,,Unknown,1e-06,power_of_ten_leading_dash,ok
3230,Polyethylene oxide,Scm?1,1.11 × 10 ? 3,10.1016/j.nanoen.2019.03.051,18/03/2019,,Unknown,0.00111,single_sci,ok
3232,V2O5,S/cm,3,10.1016/j.matlet.2007.08.088,11/09/2007,,Unknown,3.0,single_plain,ok
3233,LFP / C,Scm?1,to 2.50 × 10 ? 2,10.1039/C5NJ02212F,11/04/2016,,Unknown,0.025,open_upper,ok
3234,LiPON,Scm?1,? 10 ? 7,10.1016/j.jpowsour.2016.04.092,10/05/2016,,Unknown,,unknown,manual_review
3235,Polyethylene oxide,S/cm,10 ? 2,10.1016/S0013-4686(98)00401-0,10/03/1999,,Unknown,0.01,power_of_ten,ok
3236,Li2FeSiO4,Scm?1,10 ? 14,10.1039/C4RA05543H,14/08/2014,,Unknown,1e-14,power_of_ten,ok
3237,NH4Cl,mScm?1,95,10.1039/C8RA00319J,08/02/2018,,Unknown,95.0,single_plain,ok
3240,LiMn2O4,Scm?1,10 ? 9,10.1016/j.electacta.2012.07.086,28/07/2012,,Unknown,1e-09,power_of_ten,ok
3241,P2S5,Scm?1,3.2 × 10 ? 3,10.1016/j.rser.2019.04.035,20/04/2019,,Unknown,0.0032,single_sci,ok
3243,Li2O2,Scm?1,2 × 10 ? 9,10.1039/C4EE00496E,16/07/2014,,Unknown,2e-09,single_sci,ok
3244,LiFePO4,S/cm,1.08 × 10 ? 1,10.1016/j.elecom.2008.08.001,11/08/2008,,Unknown,0.10800000000000001,single_sci,ok
3245,ZrO2,Scm?1,2.48 × 10 ? 7,10.1016/j.matchemphys.2003.12.012,25/02/2004,,Unknown,2.48e-07,single_sci,ok
3246,LiBF4,Scm?1,10 ? 6,10.1016/S0378-7753(99)00148-2,20/01/2000,,Unknown,1e-06,power_of_ten,ok
3249,SO3H,Scm?1,10 ? 4,10.1016/j.electacta.2005.06.038,07/09/2005,,Unknown,0.0001,power_of_ten,ok
3250,LiClO4,Scm?1,4.2 × 10 ? 4,10.1039/C6TA02907H,28/06/2016,,Unknown,0.00042,single_sci,ok
3251,La0.95Sr0.05F2.95,Scm?1,1.0 × 10 ? 4 and 5.0 × 10 ? 4,10.1039/C1JM13535J,25/10/2011,,Unknown,0.00022360679774997895,multi_value,ok
3252,( 100 ? 2x)TeO2xAg2OxWO3,Scm?1,8.79 × 10 ? 9 to 1.47 × 10 ? 6,10.1016/j.materresbull.2010.11.017,18/11/2010,,Unknown,1.1367189626288474e-07,range_to,ok
3253,LaF3,S/cm,10 ~ 5,10.1016/S1003-6326(06)60334-8,16/09/2006,,Unknown,7.071067811865475,approx_range,ok
3254,LiFePO4,S/cm,10 ? 9,10.1016/j.jechem.2019.08.022,04/09/2019,,Unknown,1e-09,power_of_ten,ok
3256,Ni(OH)2,Scm?1,5 to 74,10.1039/C5TA01133G,28/04/2015,,Unknown,19.235384061671343,range_to,ok
3257,Co0.21Ni0.79MoO4,Scm?1,6 × 10 ? 5,10.1039/C8NR09497G,14/02/2019,,Unknown,6.000000000000001e-05,single_sci,ok
3258,Lithium bis(trifluoromethanesulfonyl)imide,mScm?1,1.87 × 10 ? 2,10.1039/C6CP00978F,18/05/2016,,Unknown,0.0187,single_sci,ok
3259,LiOH,Scm?1,10 ? 1,10.1039/C4TA02074J,30/09/2014,,Unknown,0.1,power_of_ten,ok
3260,Li2OB2O3P2O5,S/cm,10 ? 8,10.1016/j.electacta.2006.02.064,13/06/2006,,Unknown,1e-08,power_of_ten,ok
3262,LiCoO2,Scm?1,10 ? 4,10.1016/j.matchemphys.2015.02.024,27/02/2015,,Unknown,0.0001,power_of_ten,ok
3263,LiCF3SO3,Scm?1,3.0 × 10 ? 4,10.1016/S0378-7753(98)00170-0,05/02/1999,,Unknown,0.00030000000000000003,single_sci,ok
3264,LiBF4,Scm?1, 10 ? 4,10.1016/j.jpowsour.2009.10.083,10/11/2009,,Unknown,0.0001,power_of_ten_leading_dash,ok
3265,MnO2,Scm?1,2.0 × 10 ? 2,10.1016/j.electacta.2007.06.023,15/06/2007,,Unknown,0.02,single_sci,ok
3266,Sb2O3,Scm?1,0.0792,10.1016/j.ijhydene.2013.09.134,16/10/2013,,Unknown,0.0792,single_plain,ok
3268,LiMnPO4,Scm?1,? 3 ? 5,10.1016/j.jpowsour.2012.09.081,25/10/2012,,Unknown,,unknown,manual_review
3270,H2SO4,S/cm,0.8,10.1016/S0378-7753(03)00527-5,20/06/2003,,Unknown,0.8,single_plain,ok
3271,MoO3,Scm?1,10 ? 10,10.1016/j.electacta.2010.05.001,11/05/2010,,Unknown,1e-10,power_of_ten,ok
3272,LiFePO4,Scm?1, 10 ? 10,10.1016/j.ceramint.2014.10.108,27/10/2014,,Unknown,1e-10,power_of_ten_leading_dash,ok
3273,Li2Co(SO4)2,Scm?1,10 ? 16,10.1039/C5TA07696J,26/01/2016,,Unknown,1e-16,power_of_ten,ok
3274,O / Li,Scm?1,10 ? 4,10.1016/S0013-4686(97)10020-2,14/04/1999,,Unknown,0.0001,power_of_ten,ok
3275,LiFePO4,Scm?1,10 ? 9,10.1016/j.jallcom.2014.03.134,02/04/2014,,Unknown,1e-09,power_of_ten,ok
3276,FePO4,Scm?1,1 × 10 ? 10,10.1016/j.jelechem.2018.04.040,21/04/2018,,Unknown,1e-10,single_sci,ok
3277,V2O5,Scm?1,10 ? 3,10.1016/j.electacta.2005.02.020,20/03/2005,,Unknown,0.001,power_of_ten,ok
3278,Fe3O4,S/cm,0.154 to 0.045,10.1016/j.jnoncrysol.2009.12.022,06/01/2010,,Unknown,0.08324662155306964,range_to,ok
3280,LiFePO4,Scm?1,10 ? 6,10.1016/j.jallcom.2015.02.035,11/02/2015,,Unknown,1e-06,power_of_ten,ok
3281,Bi2WO6,Scm?1,3.87 × 10 ? 8,10.1016/j.electacta.2013.07.138,31/07/2013,,Unknown,3.87e-08,single_sci,ok
3282,LiMgBO3,Scm?1,1.396 × 10 ? 8 and 9.706 × 10 ? 5,10.1016/j.jallcom.2017.05.157,16/05/2017,,Unknown,1.16402646018035e-06,multi_value,ok
3283,MnO2,S/cm,- 10 ? 6,10.1016/j.electacta.2014.05.044,17/05/2014,,Unknown,1e-06,power_of_ten_leading_dash,ok
3284,Li3VO4,Scm?1,3.9 × 10 ? 5,10.1039/C3TA15264B,25/03/2014,,Unknown,3.9e-05,single_sci,ok
3285,V2O5,Scm?1,10 ? 7,10.1039/C3TA14364C,04/02/2014,,Unknown,1e-07,power_of_ten,ok
3286,LTO / C,Scm?1,6.8 × 10 ? 8 to 1.66 × 10 ? 7,10.1039/C5RA11586H,02/09/2015,,Unknown,1.0624499988234742e-07,range_to,ok
3287,LiPF6,mScm?1,0.21,10.1039/C2EE23564A,23/01/2013,,Unknown,0.21,single_plain,ok
3290,NiS2,Scm?1,55,10.1039/C8TA01551A,26/06/2018,,Unknown,55.0,single_plain,ok
3292,LiCoO2,Scm?1,3.3 × 10 ? 4,10.1039/C2CP23626E,01/02/2012,,Unknown,0.00033,single_sci,ok
3294,NaOH,mScm?1,4.3,10.1039/C0PY00084A,07/09/2010,,Unknown,4.3,single_plain,ok
3295,TiO2,Scm?1,0.2,10.1016/j.jallcom.2016.12.079,08/12/2016,,Unknown,0.2,single_plain,ok
3296,P2S5,Scm?1,1.2 × 10 ? 2,10.1016/j.ensm.2018.02.014,24/02/2018,,Unknown,0.012,single_sci,ok
3297,LiBF4,mScm?1,4.9,10.1016/j.jpowsour.2010.11.001,09/11/2010,,Unknown,4.9,single_plain,ok
3298,Li2O2,Scm?1, 10 ? 10,10.1039/C8CS00009C,23/04/2018,,Unknown,1e-10,power_of_ten_leading_dash,ok
3299,H2SO4,Scm?1,3.8 × 10 ? 2,10.1039/C1RA00719J,17/01/2012,,Unknown,0.038,single_sci,ok
3300,LiFePO4,Scm?1,4.8 × 10 ? 2,10.1016/j.jpowsour.2009.03.061,08/04/2009,,Unknown,0.048,single_sci,ok
3301,LiPF6,mS/cm,to 8.7,10.1016/j.electacta.2008.04.023,16/04/2008,,Unknown,8.7,open_upper,ok
3302,LiFePO4,Scm?1,10 ? 9,10.1016/j.jpowsour.2012.12.036,16/12/2012,,Unknown,1e-09,power_of_ten,ok
3305,LiPF6,mScm?1,6.5,10.1016/j.electacta.2011.06.095,06/07/2011,,Unknown,6.5,single_plain,ok
3306,LiFePO4,S/cm,3.7 × 10 ? 2,10.1016/j.jallcom.2010.02.015,12/02/2010,,Unknown,0.037000000000000005,single_sci,ok
3308,ClO4,Scm?1,10 ? 5,10.1039/C8ME00096D,08/04/2019,,Unknown,1e-05,power_of_ten,ok
3309,Co3O4,Scm?1,0.3,10.1016/j.electacta.2018.05.055,09/05/2018,,Unknown,0.3,single_plain,ok
3310,LiClO4,S/cm,to 6.3 × 10 ? 6,10.1016/j.polymer.2009.01.022,15/01/2009,,Unknown,6.3e-06,open_upper,ok
3312,90Li3PS4·10ZnO,Scm?1,10 ? 4,10.1039/C3TA10247E,07/05/2013,,Unknown,0.0001,power_of_ten,ok
3315,Fe3O4,Scm?1,3 × 10 ? 2,10.1039/C1JM13494A,11/10/2011,,Unknown,0.03,single_sci,ok
3316,H2SO4,mScm?1,30.4,10.1016/j.jpowsour.2016.07.081,27/07/2016,,Unknown,30.4,single_plain,ok
3317,Nb2O5,Scm?1,10 ? 6,10.1016/j.jpowsour.2019.01.015,17/01/2019,,Unknown,1e-06,power_of_ten,ok
3319,KCF3SO3,Scm?1,10 ? 4,10.1016/S0032-3861(97)10260-9,16/11/1998,,Unknown,0.0001,power_of_ten,ok
3320,LiClO4,Scm?1,1 × 10 ? 8,10.1016/S1388-2481(03)00131-0,14/06/2003,,Unknown,1e-08,single_sci,ok
3322,LiCoPO4,Scm?1,10 ? 10,10.1016/j.jpowsour.2004.12.013,02/03/2005,,Unknown,1e-10,power_of_ten,ok
3323,LiFePO4,Scm?1,8.3 × 10 ? 2 and 2.1 × 10 ? 1,10.1016/j.electacta.2010.05.040,15/05/2010,,Unknown,0.13202272531651513,multi_value,ok
3324,V2O5,S/cm,2.03 × 10 ? 7 and 1.45 × 10 ? 7,10.1016/j.ssi.2004.08.024,10/11/2004,,Unknown,1.715663137098887e-07,multi_value,ok
3325,V2O5,Scm?1,100,10.1016/j.cej.2018.10.223,30/10/2018,,Unknown,100.0,power_of_ten,ok
3327,Li2FeSiO4,Scm?1,10 ? 6,10.1039/C2JM30968H,29/05/2012,,Unknown,1e-06,power_of_ten,ok
3329,LiV3O8,Scm?1,3.99 × 10 ? 4,10.1039/B415041D,18/03/2005,,Unknown,0.00039900000000000005,single_sci,ok
3330,TiO2,Scm?1,- 3.1 × 10 ? 4 and 9.8 × 10 ? 4,10.1016/j.electacta.2014.01.117,07/02/2014,,Unknown,,multi_value,manual_review
3331,LiCoO2,Scm?1,0.1 to 1,10.1039/C2EE21874G,20/06/2012,,Unknown,0.31622776601683794,range_to,ok
3332,NH4CH3COO,mScm?1,61.3,10.1039/C6TC03739A,13/10/2016,,Unknown,61.3,single_plain,ok
3334,LiPON,Scm?1,1.3 × 10 ? 6,10.1016/j.electacta.2012.03.082,27/03/2012,,Unknown,1.3e-06,single_sci,ok
3335,Li2FeSiO4,Scm?1,6 × 10 ? 14,10.1016/j.matlet.2015.08.045,10/08/2015,,Unknown,6e-14,single_sci,ok
3336,La10Si6-xCuxO27-x,S/cm,4.8 × 10 ? 2,10.1016/j.jpowsour.2015.12.100,28/12/2015,,Unknown,0.048,single_sci,ok
3337,Polyethylene oxide,Scm?1,1.8 × 10 ? 7,10.1016/j.jpowsour.2017.10.059,05/11/2017,,Unknown,1.8e-07,single_sci,ok
3339,Fe3O4,Scm?1,102,10.1039/C3TA14800A,25/02/2014,,Unknown,102.0,power_of_ten,ok
3340,V2O5,Scm?1,10 ? 2,10.1039/C7CE01444A,06/11/2017,,Unknown,0.01,power_of_ten,ok
3341,Nb2O5,Scm?1,3.4 × 10 ? 6,10.1039/C6EE01662F,05/10/2016,,Unknown,3.3999999999999996e-06,single_sci,ok
3342,NaOH,mScm?1,41,10.1039/C2EE22466F,15/08/2012,,Unknown,41.0,single_plain,ok
3343,LiFePO4,Scm?1,2.82 × 10 ? 3 and 5.6 × 10 ? 4,10.1016/j.jallcom.2014.12.015,13/12/2014,,Unknown,0.0012566622457923994,multi_value,ok
3344,LiBF4,Scm?1,0.034,10.1039/B201991B,01/07/2002,,Unknown,0.034,single_plain,ok
3345,NixCo3?xO4,Scm?1,0.3,10.1039/C2CE26632F,28/01/2013,,Unknown,0.3,single_plain,ok
3346,V2O5,Scm?1,- 10 ? 2,10.1016/j.jallcom.2018.01.055,06/01/2018,,Unknown,0.01,power_of_ten_leading_dash,ok
3347,TiO2,Scm?1,2.28 × 10 ? 3 and 1.78 × 10 ? 3,10.1016/j.ssi.2019.05.017,03/06/2019,,Unknown,0.0020145470955031074,multi_value,ok
3348,LiFePO4 / C,Scm?1,to 1.9 × 10 ? 2,10.1039/C3RA47734G,25/03/2014,,Unknown,0.019,open_upper,ok
3349,Na4?xSn1?xSbxS4,mScm?1,0.5,10.1039/C7TA09242C,16/01/2018,,Unknown,0.5,single_plain,ok
3350,LiFePO4,Scm?1,10 ? 9,10.1016/j.jpowsour.2006.11.024,21/12/2006,,Unknown,1e-09,power_of_ten,ok
3351,LiFePO4,Scm?1,10 ? 9,10.1016/j.jpowsour.2006.10.010,13/11/2006,,Unknown,1e-09,power_of_ten,ok
3352,Lithium bis(trifluoromethanesulfonyl)imide,Scm?1,4.15 × 10 ? 9,10.1039/C6GC00444J,27/06/2016,,Unknown,4.150000000000001e-09,single_sci,ok
3353,V2O5,S/cm, 10 ? 3,10.1016/j.jallcom.2010.09.129,29/09/2010,,Unknown,0.001,power_of_ten_leading_dash,ok
3355,LiPON,Scm?1,10 ? 6,10.1039/C8CS00322J,28/08/2018,,Unknown,1e-06,power_of_ten,ok
3356,NASICON,Scm?1,1.5 × 10 ? 3,10.1016/j.ssi.2018.04.025,09/05/2018,,Unknown,0.0015,single_sci,ok
3357,Al2O3,Scm?1,0.06 × 10 ? 4,10.1039/C3TC30137K,21/03/2013,,Unknown,6e-06,single_sci,ok
3360,SiO2,mScm?1,7.8,10.1039/C5TA02154E,28/07/2015,,Unknown,7.8,single_plain,ok
3362,MnO2,Scm?1, 10 ? 6,10.1039/C6QI00066E,08/06/2016,,Unknown,1e-06,power_of_ten_leading_dash,ok
3363,FeF2.5·0.5H2O,Scm?1,1.348 × 10 ? 6 and 3.164 × 10 ? 1,10.1039/C6RA20314K,13/10/2016,,Unknown,0.0006530751870956363,multi_value,ok
3365,LiPF6,Scm?1,8.3 × 10 ? 5 and 4.4 × 10 ? 5,10.1016/j.electacta.2004.07.027,05/10/2004,,Unknown,6.043177971895253e-05,multi_value,ok
3366,SnO2,Scm?1,1.791 × 10 ? 8,10.1016/j.ceramint.2017.09.159,21/09/2017,,Unknown,1.791e-08,single_sci,ok
3367,LiCoO2,Scm?1,to 1.0 × 10 ? 4,10.1039/C7TA01227F,30/05/2017,,Unknown,0.0001,open_upper,ok
3368,Mg(ClO4)2,Scm?1,3.31 × 10 ? 3 and 1.27 × 10 ? 3,10.1016/j.electacta.2013.11.189,17/12/2013,,Unknown,0.0020502926620363264,multi_value,ok
3369,Li7Ti5O12,Scm?1, 10 ? 9,10.1039/C5EE01493J,01/07/2015,,Unknown,1e-09,power_of_ten_leading_dash,ok
3370,LFP,Scm?1,10 ? 10,10.1016/j.jechem.2018.12.013,22/12/2018,,Unknown,1e-10,power_of_ten,ok
3371,LiClO4,Scm?1,10 ? 5,10.1039/B404097J,29/09/2004,,Unknown,1e-05,power_of_ten,ok
3372,H2SO4,mScm?1,to 600,10.1039/C2JM35711A,06/11/2012,,Unknown,600.0,open_upper,ok
3373,Li3.5Si0.5P0.5O4,Scm?1,3.6 × 10 ? 6,10.1016/j.ssi.2015.10.009,07/11/2015,,Unknown,3.6e-06,single_sci,ok
3374,TiO2,S/cm,7.1 × 10 ? 4 and 1.8 × 10 ? 3,10.1016/j.electacta.2006.09.070,07/11/2006,,Unknown,0.001130486620885006,multi_value,ok
3375,Manganese oxides,Scm?1,1 × 10 ? 7 to 1 × 10 ? 8,10.1039/C7GC02786A,11/12/2017,,Unknown,3.162277660168379e-08,range_to,ok
3376,LiCoO2,Scm?1, 10 ? 10,10.1016/j.jcrysgro.2010.09.005,07/09/2010,,Unknown,1e-10,power_of_ten_leading_dash,ok
3378,LiPF6,Scm?1,2.36 × 10 ? 3,10.1016/j.ensm.2018.02.014,24/02/2018,,Unknown,0.00236,single_sci,ok
3379,SiO2,mScm?1,6.8 to 7.9,10.1039/C3TA14558A,15/04/2014,,Unknown,7.329392880723478,range_to,ok
3380,LiCoO2,Scm?1,10 ? 6,10.1039/C3CP44516J,03/04/2013,,Unknown,1e-06,power_of_ten,ok
3381,NH4Br @ HKUST-1,Scm?1,1.04 × 10 ? 8 to 2.73 × 10 ? 9,10.1039/C6DT00290K,04/05/2016,,Unknown,5.328414398298996e-09,range_to,ok
3382,TiO2,Scm?1,10 ? 10,10.1039/C5RA03595C,24/04/2015,,Unknown,1e-10,power_of_ten,ok
3384,FeCl3,S/cm,2 × 10 ? 2,10.1016/j.molcata.2004.04.010,21/05/2004,,Unknown,0.02,single_sci,ok
3385,LiFePO4,Scm?1,1.43 × 10 ? 8,10.1016/j.electacta.2010.11.051,21/11/2010,,Unknown,1.4299999999999999e-08,single_sci,ok
3386,LiFePO4,Scm?1,10 ? 9,10.1016/j.mseb.2016.05.008,21/06/2016,,Unknown,1e-09,power_of_ten,ok
3387,Li2Sx,Scm?1,5 × 10 ? 30,10.1039/C3TA14921H,11/03/2014,,Unknown,5.0000000000000004e-30,single_sci,ok
3388,InZnO-BisC60,Scm?1,0.015 to 4.06,10.1039/C5EE02510A,25/11/2015,,Unknown,0.24677925358506125,range_to,ok
3389,(NH4)6V10O28·6H2O,S/cm,0.15,10.1016/j.matlet.2007.08.088,11/09/2007,,Unknown,0.15,single_plain,ok
3390,Polyethylene oxide,Scm?1,10 ? 7,10.1016/j.matchemphys.2011.03.007,08/04/2011,,Unknown,1e-07,power_of_ten,ok
3394,RuO2,S/cm,0.5,10.1016/j.physleta.2009.12.056,28/12/2009,,Unknown,0.5,single_plain,ok
3395,LiFePO4,Scm?1,1.26 × 10 ? 5,10.1016/j.jpowsour.2013.05.093,31/05/2013,,Unknown,1.2600000000000001e-05,single_sci,ok
3396,TiO2,Scm?1,7.2 × 10 ? 6 and 5.8 × 10 ? 6,10.1016/j.electacta.2019.01.117,23/01/2019,,Unknown,6.462197768561392e-06,multi_value,ok
3398,LiNbO3,S/cm, 10 ? 6,10.1016/j.elecom.2007.02.008,20/02/2007,,Unknown,1e-06,power_of_ten_leading_dash,ok
3399,SiO2,Scm?1,10 ? 3,10.1039/C4RA15767B,11/02/2015,,Unknown,0.001,power_of_ten,ok
3400,Li2TiF6,Scm?1,2 × 10 ? 4 and 6 × 10 ? 5,10.1039/C5CE00989H,03/08/2015,,Unknown,0.00010954451150103325,multi_value,ok
3401,Li2S2 / Li2S,Scm?1,5 × 10 ? 30,10.1016/j.nanoen.2019.04.006,05/04/2019,,Unknown,5.0000000000000004e-30,single_sci,ok
3402,LiFePO4,Scm?1,10 ? 9,10.1016/j.electacta.2012.04.156,19/05/2012,,Unknown,1e-09,power_of_ten,ok
3403,KCF3SO3,Scm?1,1.8 × 10 ? 3,10.1016/S0032-3861(97)10260-9,16/11/1998,,Unknown,0.0018000000000000002,single_sci,ok
3405,NASICON,Scm?1,7.48 × 10 ? 5,10.1016/j.electacta.2012.11.038,21/11/2012,,Unknown,7.480000000000002e-05,single_sci,ok
3406,Li2S4,Scm?1,5 × 10 ? 30,10.1039/C7TA00035A,13/06/2017,,Unknown,5.0000000000000004e-30,single_sci,ok
3408,LiNi0.5Mn1.5O4,Scm?1,"1.18 × 10 ? 4 , 5.32 × 10 ? 4 and 4.73 × 10 ? 4",10.1016/j.elecom.2009.05.054,02/06/2009,,Unknown,0.00030965986975013324,multi_value,ok
3410,LiPF6,mScm?1,8.8,10.1016/j.electacta.2018.07.189,26/07/2018,,Unknown,8.8,single_plain,ok
3413,TiO2,Scm?1,0.21,10.1016/j.ceramint.2014.01.118,01/02/2014,,Unknown,0.21,single_plain,ok
3414,TiO2,Scm?1,10 ? 13,10.1016/j.electacta.2015.04.113,22/04/2015,,Unknown,1e-13,power_of_ten,ok
3415,MnOx,Scm?1,10 ? 6,10.1016/j.cej.2017.07.153,28/07/2017,,Unknown,1e-06,power_of_ten,ok
3416,LiFePO4,Scm?1,2.4 × 10 ? 7,10.1016/j.electacta.2018.03.100,26/03/2018,,Unknown,2.4e-07,single_sci,ok
3418,LiClO4,Scm?1,1.15 × 10 ? 3,10.1016/S0032-3861(98)00166-9,16/11/1998,,Unknown,0.00115,single_sci,ok
3419,LiMn2O4,Scm?1,10 ? 3,10.1016/j.jpowsour.2014.01.126,28/02/2014,,Unknown,0.001,power_of_ten,ok
3421,H2SO4,Scm?1,0.65,10.1016/S0378-7753(02)00231-8,14/05/2002,,Unknown,0.65,single_plain,ok
3422,SnO2,Scm?1,0.32,10.1016/j.carbon.2015.01.005,09/01/2015,,Unknown,0.32,single_plain,ok
3423,Ce0.7Ca0.3VO3,Scm?1,0.01,10.1039/C1JM10960J,06/06/2011,,Unknown,0.01,single_plain,ok
3425,SnO2,Scm?1,28.6,10.1016/j.jallcom.2019.05.009,02/05/2019,,Unknown,28.6,single_plain,ok
3426,H2 / Ar,Scm?1,1.1 × 10 ? 3,10.1039/B818291B,01/06/2009,,Unknown,0.0011,single_sci,ok
3428,LiCoO2,Scm?1,10 ? 7,10.1016/j.jpowsour.2011.11.051,25/11/2011,,Unknown,1e-07,power_of_ten,ok
3429,LiFePO4,Scm?1,10 ? 2,10.1016/j.electacta.2013.09.044,30/09/2013,,Unknown,0.01,power_of_ten,ok
3430,SiOC,Scm?1,2.97 × 10 ? 9,10.1039/C7RA01937H,28/07/2017,,Unknown,2.9700000000000003e-09,single_sci,ok
3431,Al2O3,Scm?1,1.34,10.1016/j.apsusc.2019.01.016,03/01/2019,,Unknown,1.34,single_plain,ok
3432,PVdF-HFP,Scm?1,to 5.74 × 10 ? 3,10.1016/j.mser.2018.07.001,28/08/2018,,Unknown,0.00574,open_upper,ok
3433,LiClO4,S/cm,6.3 × 10 ? 4,10.1016/j.polymer.2009.01.022,15/01/2009,,Unknown,0.00063,single_sci,ok
3434,SnS2,Scm?1, 10 ? 2,10.1039/C5RA09613H,06/07/2015,,Unknown,0.01,power_of_ten_leading_dash,ok
3436,V2O5,Scm?1, 10 ? 2,10.1039/C8NH00016F,03/05/2018,,Unknown,0.01,power_of_ten_leading_dash,ok
3437,Na3V2(PO4)3,Scm?1,1.63 × 10 ? 6,10.1039/C8NR09391A,07/02/2019,,Unknown,1.6299999999999999e-06,single_sci,ok
3440,PI-180,Scm?1,to 1.84 × 10 ? 3,10.1039/C8NR07548D,06/12/2018,,Unknown,0.00184,open_upper,ok
3441,H3PO4,mScm?1,11,10.1016/j.jpowsour.2004.02.003,10/04/2004,,Unknown,11.0,single_plain,ok
3442,NaOH,mScm?1,to 18.43,10.1039/C7PY01084B,26/09/2017,,Unknown,18.43,open_upper,ok
3443,LiClO4,Scm?1,8.35 × 10 ? 5,10.1016/j.jpowsour.2005.11.019,20/12/2005,,Unknown,8.35e-05,single_sci,ok
3444,Fe2O3,Scm?1,1.5 × 10 ? 4 and 2.4 × 10 ? 4,10.1039/C3TA10247E,07/05/2013,,Unknown,0.00018973665961010287,multi_value,ok
3445,LiPF6,S/cm,0.082,10.1016/S0140-6701(00)94426-6,24/11/2003,,Unknown,0.082,single_plain,ok
3448,LiN(CF3SO2)2,Scm?1,2.2 × 10 ? 3,10.1016/S0378-7753(99)00529-7,24/05/2000,,Unknown,0.0022,single_sci,ok
3449,LiMn2O4,S/cm,10 ? 3,10.1016/j.elecom.2007.11.016,24/11/2007,,Unknown,0.001,power_of_ten,ok
3450,Polyethylene oxide,Scm?1,10 ? 2,10.1016/j.saa.2004.04.006,25/07/2004,,Unknown,0.01,power_of_ten,ok
3451,TiO2,Scm?1,10 ? 6,10.1016/j.ijhydene.2018.02.154,28/03/2018,,Unknown,1e-06,power_of_ten,ok
3452,LiCl,Scm?1,4,10.1016/j.ssi.2010.12.010,21/01/2011,,Unknown,4.0,single_plain,ok
3453,Mg(OPhCF3)2·Mg(TFSI)2,mScm?1,0.1 to 0.25,10.1039/C3EE43143F,22/01/2014,,Unknown,0.15811388300841894,range_to,ok
3454,H2 / Ar,Scm?1,to 1.0,10.1016/j.matchemphys.2011.01.009,01/02/2011,,Unknown,1.0,open_upper,ok
3455,LiCF3SO3,Scm?1,10 ? 3,10.1016/S0167-2738(02)00490-3,25/09/2002,,Unknown,0.001,power_of_ten,ok
3457,LiMn2O4,Scm?1,"2.90 × 10 ? 4 , 3.28 × 10 ? 4 and 3.44 × 10 ? 4",10.1016/j.electacta.2015.08.123,28/08/2015,,Unknown,0.0003198478443301712,multi_value,ok
3458,MnO6,Scm?1,10 ? 10,10.1039/C5TA03450G,18/08/2015,,Unknown,1e-10,power_of_ten,ok
3459,Li3BO3,Scm?1,6.1 × 10 ? 4,10.1016/j.pmatsci.2017.04.007,08/04/2017,,Unknown,0.00061,single_sci,ok
3460,Na3Zr2(SiO4)2PO4,mScm?1,1,10.1016/j.cplett.2018.04.037,26/04/2018,,Unknown,1.0,single_plain,ok
3461,TiO2,Scm?1,5.2 × 10 ? 6 and 1.9 × 10 ? 4,10.1016/j.ssi.2018.06.016,03/07/2018,,Unknown,3.143246729100343e-05,multi_value,ok
3462,LiMn2O4,S/cm,10 ? 6,10.1016/j.cossms.2012.05.002,15/06/2012,,Unknown,1e-06,power_of_ten,ok
3464,Polyethylene oxide,Scm?1,6 × 10 ? 5,10.1016/j.scib.2017.10.011,21/10/2017,,Unknown,6.000000000000001e-05,single_sci,ok
3465,LiFePO4,S/cm,10  10,10.1016/j.jechem.2017.11.006,14/11/2017,,Unknown,1e-10,power_of_ten,ok
3466,LiPON,S/cm,2.3 × 10 ? 6,10.1016/j.materresbull.2007.08.031,01/09/2007,,Unknown,2.2999999999999996e-06,single_sci,ok
3467,LiCoO2,Scm?1,10 ? 4,10.1016/j.jascer.2013.03.005,09/04/2013,,Unknown,0.0001,power_of_ten,ok
3468,LiPF6,mScm?1,10.7,10.1016/j.jpowsour.2014.07.185,06/08/2014,,Unknown,10.7,single_plain,ok
3469,LiFePO4 / C,Scm?1,1.46 × 10 ? 2,10.1016/j.electacta.2009.09.029,12/09/2009,,Unknown,0.0146,single_sci,ok
3470,Li3Co1.06(1)TeO6,Scm?1,1.6 × 10 ? 6,10.1039/C7DT02663C,26/09/2017,,Unknown,1.6e-06,single_sci,ok
3471,Al2(WO4)3,Scm?1,3.4 × 10 ? 6,10.1016/S0167-2738(00)00443-4,30/11/2000,,Unknown,3.3999999999999996e-06,single_sci,ok
3472,Fe2P,Scm?1,8.33 × 10 ? 2 to 16.67 × 10 ? 2,10.1039/C7RA04510G,03/07/2017,,Unknown,0.11783933978090676,range_to,ok
3473,LiCF3SO3,S/cm,4,10.1016/j.ssi.2012.03.019,06/04/2012,,Unknown,4.0,single_plain,ok
3475,TiO2,Scm?1, 10 ? 9,10.1016/j.apsusc.2019.01.159,23/01/2019,,Unknown,1e-09,power_of_ten_leading_dash,ok
3476,5KNO3 ) + 7KI ] and [ ( 70PEO : 30KNO3,S/cm,6.15 × 10 ? 6,10.1016/j.matchemphys.2017.03.015,17/03/2017,,Unknown,6.15e-06,single_sci,ok
3477,LiMn2O4,Scm?1,10 ? 3,10.1016/j.jpowsour.2005.10.072,28/11/2005,,Unknown,0.001,power_of_ten,ok
3479,LiCoO2,Scm?1,3,10.1016/j.electacta.2017.01.093,24/01/2017,,Unknown,3.0,single_plain,ok
3482,TiO2,S/cm,0.69,10.1016/j.memsci.2014.02.004,11/02/2014,,Unknown,0.69,single_plain,ok
3483,Li0.7MoO3,Scm?1,to 1.5 × 10 ? 4,10.1016/0167-2738(94)90245-3,13/09/2002,,Unknown,0.00015000000000000001,open_upper,ok
3484,Silicon monoxide,Scm?1,6.7 × 10 ? 4,10.1039/C3TA13746E,11/02/2014,,Unknown,0.00067,single_sci,ok
3485,Sb2O3,Scm?1,0.0792,10.1016/j.jpowsour.2013.06.125,01/07/2013,,Unknown,0.0792,single_plain,ok
3486,LiPF6,mScm?1,15,10.1016/j.electacta.2018.06.037,06/06/2018,,Unknown,15.0,single_plain,ok
3488,MnO2,Scm?1, 10 ? 6,10.1016/j.ccr.2019.06.015,06/07/2019,,Unknown,1e-06,power_of_ten_leading_dash,ok
3489,LiCoO2,Scm?1,10 ? 2,10.1016/j.jpowsour.2006.02.071,29/03/2006,,Unknown,0.01,power_of_ten,ok
3490,Lithium bis(trifluoromethanesulfonyl)imide,Scm?1,10 ? 3,10.1016/j.polymer.2005.06.079,27/07/2005,,Unknown,0.001,power_of_ten,ok
3491,Mn3O4,Scm?1, 10 ? 8,10.1039/C6QI00348F,29/11/2016,,Unknown,1e-08,power_of_ten_leading_dash,ok
3493,PVdF-HFP,mScm?1,1.846,10.1016/j.jpowsour.2015.04.182,15/05/2015,,Unknown,1.846,single_plain,ok
3498,LiBiO2,S/cm,7,10.1016/j.ssi.2015.10.016,01/12/2015,,Unknown,7.0,single_plain,ok
3499,LiMnPO4,Scm?1,1.8 × 10 ? 8,10.1016/j.jpowsour.2016.06.084,22/06/2016,,Unknown,1.8000000000000002e-08,single_sci,ok
3500,LiCoO2,Scm?1,8.5 × 10 ? 6 to 4.6 × 10 ? 4,10.1039/C2CP23626E,01/02/2012,,Unknown,6.252999280345396e-05,range_to,ok
3503,Sr-doped CeVO3,Scm?1,6,10.1039/C1JM10960J,06/06/2011,,Unknown,6.0,single_plain,ok
3506,TiO2,Scm?1,2.11 × 10 ? 5,10.1016/j.jiec.2016.03.042,02/04/2016,,Unknown,2.11e-05,single_sci,ok
3508,Ge / C,Scm?1,1.7,10.1016/j.electacta.2017.04.027,08/04/2017,,Unknown,1.7,single_plain,ok
3509,LiCl,S/cm,1.51 × 10 ? 9,10.1016/j.polymer.2010.04.022,29/04/2010,,Unknown,1.5100000000000002e-09,single_sci,ok
3511,Si / Ti,mScm?1,to 2.592,10.1016/j.electacta.2016.09.057,12/09/2016,,Unknown,2.592,open_upper,ok
3513,LiMnPO4,Scm?1,1.8 × 10 ? 8,10.1016/j.matchemphys.2016.02.042,18/02/2016,,Unknown,1.8000000000000002e-08,single_sci,ok
3515,Hydroxide,Scm?1,3.6 to 5.5 × 10 ? 2,10.1016/j.memsci.2010.11.058,27/11/2010,,Unknown,0.4449719092257398,range_to,ok
3516,LiFePO4,Scm?1, 10 ? 9,10.1016/j.electacta.2017.01.093,24/01/2017,,Unknown,1e-09,power_of_ten_leading_dash,ok
3517,LiTa2PO8,Scm?1,1.6 × 10 ? 3,10.1039/C8TA09170F,20/11/2018,,Unknown,0.0016,single_sci,ok
3518,LiCoO2,Scm?1,10 ? 16,10.1016/j.jallcom.2015.02.035,11/02/2015,,Unknown,1e-16,power_of_ten,ok
3519,V2O5,S/cm,10 ? 7,10.1016/j.ssi.2004.08.024,10/11/2004,,Unknown,1e-07,power_of_ten,ok
3520,Hydroxide,mScm?1,40.6,10.1039/C7EE02468A,14/02/2018,,Unknown,40.6,single_plain,ok
3522,SiO2,Scm?1,2.6 × 10 ? 4,10.1016/j.scib.2017.10.011,21/10/2017,,Unknown,0.00026000000000000003,single_sci,ok
3523,LiClO4,Scm?1,0.2307 × 10 ? 5,10.1016/j.mseb.2014.01.009,30/01/2014,,Unknown,2.307e-06,single_sci,ok
3527,MnO2,S/cm,10â5â1Ã  10â6,10.1016/S1003-6326(18)64843-5,06/11/2018,,Unknown,,encoding_error,manual_review
3528,SnO2,Scm?1,9.5 to 21.5,10.1039/C3TA15255C,25/03/2014,,Unknown,14.29160592795645,range_to,ok
3530,SnO2,Scm?1,0.28,10.1016/j.carbon.2015.01.005,09/01/2015,,Unknown,0.28,single_plain,ok
3531,LiFePO4,Scm?1,10 ? 11,10.1039/C5TA03542B,30/06/2015,,Unknown,1e-11,power_of_ten,ok
3532,LiCoO2,Scm?1,10 ? 8,10.1016/j.jallcom.2012.08.026,31/08/2012,,Unknown,1e-08,power_of_ten,ok
3533,Li2S,Scm?1,10 ? 30,10.1016/j.ensm.2016.10.008,26/10/2016,,Unknown,1e-30,power_of_ten,ok
3534,CoOOH,Scm?1,5,10.1039/C6TA04413A,17/08/2016,,Unknown,5.0,single_plain,ok
3535,LiPON,Scm?1,1.22 × 10 ? 6,10.1016/j.tsf.2019.06.055,29/06/2019,,Unknown,1.22e-06,single_sci,ok
3538,LiClO4,mScm?1,to 5,10.1039/C5TA03716F,07/07/2015,,Unknown,5.0,open_upper,ok
3540,LiNi0.5Mn1.5O4,Scm?1,10 ? 7,10.1016/j.jpowsour.2011.12.037,16/01/2012,,Unknown,1e-07,power_of_ten,ok
3541,LiPON,Scm?1,2.99 × 10 ? 3,10.1039/C5TA06374D,03/11/2015,,Unknown,0.0029900000000000005,single_sci,ok
3542,Polyethylene oxide,Scm?1,10 ? 4,10.1016/j.ensm.2018.03.016,20/03/2018,,Unknown,0.0001,power_of_ten,ok
3544,Li3.5Si0.5P0.5O4,Scm?1,6.5 × 10 ? 6,10.1016/j.ssi.2015.10.009,07/11/2015,,Unknown,6.5e-06,single_sci,ok
3545,Ge / C,Scm?1,24 to 46,10.1039/C5NR02520F,30/07/2015,,Unknown,33.226495451672285,range_to,ok
3546,LiTaO3,S/cm,7,10.1016/j.tsf.2017.05.026,18/05/2017,,Unknown,7.0,single_plain,ok
3547,LiFeSO4F,Scm?1,4 × 10 ? 6,10.1039/C3TA13387G,27/11/2013,,Unknown,4e-06,single_sci,ok
3548,LiFePO4,mScm?1,3.28,10.1016/j.jpowsour.2012.02.072,28/02/2012,,Unknown,3.28,single_plain,ok
3550,LaF3,S/cm,10 ~ 5,10.1016/S1003-6326(06)60334-8,16/09/2006,,Unknown,7.071067811865475,approx_range,ok
3552,Mn3O4,Scm?1, 10 ? 8,10.1039/C2CS35307E,11/03/2013,,Unknown,1e-08,power_of_ten_leading_dash,ok
3553,LiClO4,S/cm,10 ? 3,10.1016/S0167-577X(00)00322-0,25/04/2001,,Unknown,0.001,power_of_ten,ok
3555,LiClO4,Scm?1,7 × 10 ? 7,10.1016/S0013-4686(00)00732-5,20/03/2001,,Unknown,7e-07,single_sci,ok
3556,K2Cr2O7,Scm?1,54,10.1039/C6TA05304A,25/10/2016,,Unknown,54.0,single_plain,ok
3558,Co3O4,S/cm,0.1 × 10 ? 4,10.1016/j.cclet.2018.12.005,12/12/2018,,Unknown,1e-05,single_sci,ok
3559,Li3VO4,Scm?1,5.8 × 10 ? 6,10.1039/C6TA02932A,21/06/2016,,Unknown,5.7999999999999995e-06,single_sci,ok
3560,LiBON,Scm?1,8.10 × 10 ? 7 and 9.27 × 10 ? 7,10.1016/j.tsf.2019.06.055,29/06/2019,,Unknown,8.665275529375854e-07,multi_value,ok
3561,Fe3O4,Scm?1,0.224,10.1039/C9TA03339D,11/06/2019,,Unknown,0.224,single_plain,ok
3562,MnO2,Scm?1,10 ? 6,10.1016/j.jpowsour.2016.01.076,30/01/2016,,Unknown,1e-06,power_of_ten,ok
3563,LiClO4,Scm?1,10 ? 3,10.1016/S0167-2738(98)00399-3,07/01/2000,,Unknown,0.001,power_of_ten,ok
3564,Hydroxide,mScm?1,12.2 to 40.6,10.1039/C7EE02468A,14/02/2018,,Unknown,22.25578576460512,range_to,ok
3565,MnO2,Scm?1,- 10 ? 6,10.1016/j.electacta.2018.12.013,03/12/2018,,Unknown,1e-06,power_of_ten_leading_dash,ok
3566,Polyethylene oxide,Scm?1,2.62 × 10 ? 5,10.1039/C7RA01601H,09/05/2017,,Unknown,2.6200000000000003e-05,single_sci,ok
3567,LiFePO4,Scm?1,10 ? 9,10.1039/C3CP53966K,18/12/2013,,Unknown,1e-09,power_of_ten,ok
3568,Li3BO3,Scm?1,6.5 × 10 ? 6,10.1016/j.ssi.2015.10.009,07/11/2015,,Unknown,6.5e-06,single_sci,ok
3570,LiFePO4,Scm?1,10 ? 7,10.1016/j.electacta.2016.10.027,05/10/2016,,Unknown,1e-07,power_of_ten,ok
3573,V2O5,Scm?1, 10 ? 2,10.1039/C3TC32417F,10/04/2014,,Unknown,0.01,power_of_ten_leading_dash,ok
3574,Pd / C,mScm?1,to 25,10.1016/j.ijhydene.2015.02.056,12/03/2015,,Unknown,25.0,open_upper,ok
3576,YPO4,mScm?1,0.12,10.1039/C7CE01910F,05/03/2018,,Unknown,0.12,single_plain,ok
3578,Zn(ClO4)2,Scm?1,10 ? 8,10.1039/C8ME00096D,08/04/2019,,Unknown,1e-08,power_of_ten,ok
3579,LiPF6,Scm?1,10.7 × 10 ? 3 and 7 × 10 ? 3,10.1016/j.materresbull.2012.11.002,16/11/2012,,Unknown,0.008654478609367524,multi_value,ok
3580,Li2S2 / Li2S,Scm?1,5 × 10 ? 30,10.1016/j.renene.2015.08.005,15/08/2015,,Unknown,5.0000000000000004e-30,single_sci,ok
3582,LiBF4,Scm?1,2.482 × 10 ? 5,10.1016/S0378-7753(00)00386-4,24/05/2000,,Unknown,2.4820000000000003e-05,single_sci,ok
3583,LiClO4,Scm?1,1.3 × 10 ? 5,10.1016/j.matchemphys.2010.10.047,03/12/2010,,Unknown,1.3000000000000001e-05,single_sci,ok
3584,ZrO2,Scm?1,0.2,10.1016/j.ceramint.2014.01.118,01/02/2014,,Unknown,0.2,single_plain,ok
3586,LiOH,Scm?1,3.17 × 10 ? 4 to 2.25 × 10 ? 4,10.1016/j.electacta.2017.07.110,22/07/2017,,Unknown,0.0002670674072214728,range_to,ok
3587,Polyethylene oxide,Scm?1,to 1.5 × 10 ? 5,10.1016/j.ensm.2018.03.016,20/03/2018,,Unknown,1.5000000000000002e-05,open_upper,ok
3588,LiFeBO3 / C,Scm?1,4.75 × 10 ? 5,10.1039/C7RA03028B,05/07/2017,,Unknown,4.75e-05,single_sci,ok
3589,Li6PS5Br,mScm?1,1,10.1039/C8TA09477B,02/01/2019,,Unknown,1.0,single_plain,ok
3591,Na2-x(CB11H12)x(B12H12)1-x,mScm?1,2,10.1016/j.jpowsour.2018.09.085,01/10/2018,,Unknown,2.0,single_plain,ok
3592,Li2S,Scm?1,5 × 10 ? 30,10.1039/C9SE00291J,23/07/2019,,Unknown,5.0000000000000004e-30,single_sci,ok
3594,TiO2,Scm?1,6.9 × 10 ? 6,10.1039/C6TA04611H,02/08/2016,,Unknown,6.9e-06,single_sci,ok
3596,LiBF4,mScm?1,4.9,10.1016/j.jpowsour.2014.09.064,17/09/2014,,Unknown,4.9,single_plain,ok
3598,Na2.8Ca0.1Al2P3O12,Scm?1,"3.13 × 10 ? 8 , 2.27 × 10 ? 8 and 1.46 × 10 ? 8",10.1039/C8RA01676C,17/04/2018,,Unknown,2.1809264361885528e-08,multi_value,ok
3599,Li2CO3,Scm?1,2  4 × 10 ? 4,10.1016/j.joule.2017.10.007,06/11/2017,,Unknown,,range_dash,manual_review
3603,LiPF6,Scm?1,3.92 × 10 ? 3,10.1016/j.ensm.2019.04.016,28/04/2019,,Unknown,0.00392,single_sci,ok
3605,"LiBF4 / DMSO+1,3-DO",mScm?1,14.85,10.1016/j.electacta.2015.06.004,03/06/2015,,Unknown,14.85,single_plain,ok
3606,LiNiPO4,S/cm,10 ? 14,10.1016/j.electacta.2013.07.032,16/07/2013,,Unknown,1e-14,power_of_ten,ok
3607,LiFeSO4F,Scm?1,7 × 10 ? 11,10.1016/j.electacta.2012.08.073,03/09/2012,,Unknown,6.999999999999999e-11,single_sci,ok
3608,FeS2,Scm-1,1,10.1016/j.ensm.2019.01.022,31/01/2019,,Unknown,1.0,single_plain,ok
3610,Hydroxide,mScm?1,27,10.1039/C6EE03079C,18/01/2017,,Unknown,27.0,single_plain,ok
3611,LiFePO4,Scm?1,10 ? 9,10.1016/j.electacta.2012.11.081,29/11/2012,,Unknown,1e-09,power_of_ten,ok
3612,( Al xMg1?2xLix)Al2O4,Scm?1, 10 ? 4,10.1039/C3CP54610A,19/02/2014,,Unknown,0.0001,power_of_ten_leading_dash,ok
3613,KPC-750,Scm?1,3.5,10.1039/C6RA22426A,25/10/2016,,Unknown,3.5,single_plain,ok
3616,V2O5,Scm?1,1.4 × 10 ? 5,10.1016/j.jpowsour.2010.11.153,04/12/2010,,Unknown,1.4e-05,single_sci,ok
3618,LiBF4,Scm?1,1.27 × 10 ? 5,10.1016/j.synthmet.2013.07.027,03/09/2013,,Unknown,1.27e-05,single_sci,ok
3620,Li2O2,Scm?1, 10 ? 11,10.1039/C8CS00009C,23/04/2018,,Unknown,1e-11,power_of_ten_leading_dash,ok
3621,LiPF6,mScm?1,6,10.1016/j.jpowsour.2012.01.027,08/01/2012,,Unknown,6.0,single_plain,ok
3622,LiPON,Scm?1,2 × 10 ? 6,10.1016/j.jpowsour.2006.04.035,05/06/2006,,Unknown,2e-06,single_sci,ok
3624,LiClO4,S/cm,"2.17 × 10 ? 5 , 1.84 × 10 ? 5 , 1.05 × 10 ? 5 and 2.25 × 10 ? 5",10.1016/j.electacta.2019.06.069,15/06/2019,,Unknown,1.752517419871992e-05,multi_value,ok
3625,Ni2P-YS,Scm?1,4.252 × 10 ? 4 and 1.631 × 10 ? 5,10.1039/C7TA03236F,18/07/2017,,Unknown,8.32767194358664e-05,multi_value,ok
3626,LiFePO4,Scm?1,"1.12 × 10 ? 2 , 1.09 × 10 ? 2 , 9.95 × 10 ? 3 and 9.92 × 10 ? 3",10.1016/j.jallcom.2010.07.003,07/07/2010,,Unknown,0.010477189966810019,multi_value,ok
3627,LiFePO4 / C,Scm?1,"1.58 × 10 ? 5 , 8.41 × 10 ? 5 , 1.05 × 10 ? 4 and 1.48 × 10 ? 4",10.1016/j.electacta.2015.03.185,28/03/2015,,Unknown,6.741026342989782e-05,multi_value,ok
3630,LiFePO4,Scm?1,to 2.44 × 10 ? 7,10.1039/C2CE25114K,04/06/2012,,Unknown,2.4399999999999996e-07,open_upper,ok
3632,H3PO4,Scm?1,2.1 × 10 ? 4,10.1016/j.electacta.2004.02.053,31/07/2004,,Unknown,0.00021,single_sci,ok
3633,Li2FeSiO4,S/cm,1.32 × 10 ? 8 and 2.8 × 10 ? 8,10.1016/j.ssi.2018.03.025,27/03/2018,,Unknown,1.9224983745116682e-08,multi_value,ok
3635,LiFePO4,Scm?1,2.3 × 10 ? 1,10.1016/j.jpowsour.2013.06.070,21/06/2013,,Unknown,0.22999999999999998,single_sci,ok
3639,MoS2 / C,Scm?1,8.8,10.1016/j.ces.2017.09.007,07/09/2017,,Unknown,8.8,single_plain,ok
3643,LiPF6,Scm?1,1.5 × 10 ? 4,10.1016/j.solidstatesciences.2012.05.019,26/05/2012,,Unknown,0.00015000000000000001,single_sci,ok
3645,LiFePO4,Scm?1, 10 ? 10,10.1016/j.matchemphys.2014.08.071,16/09/2014,,Unknown,1e-10,power_of_ten_leading_dash,ok
3647,LiFePO4,Scm?1,10 ? 9,10.1016/j.jpowsour.2012.02.072,28/02/2012,,Unknown,1e-09,power_of_ten,ok
3648,LiClO4,S/cm,1.6 to 0.0025,10.1016/j.synthmet.2003.07.001,10/10/2003,,Unknown,0.0632455532033676,range_to,ok
3651,TiO2,Scm?1,2.2 × 10 ? 7,10.1039/C3EE41960F,14/08/2013,,Unknown,2.2e-07,single_sci,ok
3652,LiFePO4,Scm?1,10 ? 8,10.1016/j.electacta.2012.04.156,19/05/2012,,Unknown,1e-08,power_of_ten,ok
3653,Fe3O4 / GN-4,Scm?1,50,10.1039/C4TA05939E,20/01/2015,,Unknown,50.0,single_plain,ok
3654,LiBO2,Scm?1,3.5 × 10 ? 4,10.1016/j.ceramint.2018.01.058,10/01/2018,,Unknown,0.00035,single_sci,ok
3655,TiO2,Scm?1,10 ? 2,10.1039/C3TA13417B,29/10/2013,,Unknown,0.01,power_of_ten,ok
3657,Al2O3,Scm?1,0.39 × 10 ? 3,10.1016/j.ssi.2018.06.016,03/07/2018,,Unknown,0.00039000000000000005,single_sci,ok
3658,LiFePO4,Scm?1,10 ? 9,10.1016/j.compscitech.2011.11.019,25/11/2011,,Unknown,1e-09,power_of_ten,ok
3659,NaCl,mS/cm,76.4,10.1016/j.electacta.2012.03.004,09/03/2012,,Unknown,76.4,single_plain,ok
3660,Li7Ti5O12,Scm?1,1.6 × 10 ? 8 and 3.4 × 10 ? 5,10.1039/C2RA21603E,08/10/2012,,Unknown,7.375635565834314e-07,multi_value,ok
3661,LiPF6,S/cm,8.8 × 10 ? 3,10.1016/j.elecom.2008.05.043,03/06/2008,,Unknown,0.0088,single_sci,ok
3662,NaOH,S/cm,5.24 × 10 ? 2,10.1016/j.memsci.2005.07.009,18/08/2005,,Unknown,0.0524,single_sci,ok
3664,TiO2,Scm?1,3.68 × 10 ? 4,10.1039/C5NR08136J,11/02/2016,,Unknown,0.00036800000000000005,single_sci,ok
3665,LiClKCl,Scm?1,0.596,10.1016/j.jpowsour.2007.11.073,29/11/2007,,Unknown,0.596,single_plain,ok
3666,Polyethylene oxide,Scm?1,10 ? 4,10.1016/j.electacta.2011.02.035,22/02/2011,,Unknown,0.0001,power_of_ten,ok
3667,LiFeBO3,S/cm,"1.52 × 10 ? 4 , 1.51 × 10 ? 4 and 1.54 × 10 ? 4",10.1016/j.electacta.2007.09.050,02/10/2007,,Unknown,0.00015232823804101867,multi_value,ok
3668,Mn(III),Scm?1,1.8 × 10 ? 8,10.1039/C1JM13889H,29/11/2011,,Unknown,1.8000000000000002e-08,single_sci,ok
3669,NaOH,Scm?1,1.36 × 10 ? 2 to 0.91 × 10 ? 2,10.1039/C6RA08037E,27/05/2016,,Unknown,0.0111247471881387,range_to,ok
3670,LiFePO4,Scm?1,10 ? 11,10.1016/j.jpowsour.2013.03.136,02/04/2013,,Unknown,1e-11,power_of_ten,ok
3672,LiFePO4,Scm?1,7.5 × 10 ? 9,10.1016/j.jpowsour.2012.12.027,20/12/2012,,Unknown,7.500000000000001e-09,single_sci,ok
3673,LiClO4,Scm?1,1.45 × 10 ? 3,10.1016/j.jpowsour.2007.05.034,25/05/2007,,Unknown,0.00145,single_sci,ok
3674,Polyethylene oxide,Scm?1,to 8.9 × 10 ? 7,10.1016/j.jpowsour.2017.10.059,05/11/2017,,Unknown,8.9e-07,open_upper,ok
3675,LiFePO4,S/cm,10 ? 3,10.1016/j.ijhydene.2010.03.115,01/05/2010,,Unknown,0.001,power_of_ten,ok
3676,LiClO4,S/cm,3,10.1016/j.polymer.2009.01.022,15/01/2009,,Unknown,3.0,single_plain,ok
3677,Tetragonal Na3SbS4,mScm?1,1.1,10.1039/C8TA10498K,02/04/2019,,Unknown,1.1,single_plain,ok
3678,LiFePO4,Scm?1,10 ? 12,10.1016/j.jpowsour.2015.02.119,28/02/2015,,Unknown,1e-12,power_of_ten,ok
3679,LiMn2O4,S/cm,10  4,10.1016/j.jechem.2017.09.007,14/09/2017,,Unknown,0.0001,power_of_ten,ok
3681,LiPF6,Scm?1,4.10 × 10 ? 5,10.1016/j.solidstatesciences.2012.05.019,26/05/2012,,Unknown,4.1e-05,single_sci,ok
3683,LiMn2O4,Scm?1,1.90 × 10 ? 6,10.1039/C3CP44516J,03/04/2013,,Unknown,1.8999999999999998e-06,single_sci,ok
3684,SiO2,Scm?1,1.7 × 10 ? 3 to 4.7 × 10 ? 3,10.1016/j.matchemphys.2011.01.046,12/02/2011,,Unknown,0.002826658805020516,range_to,ok
3685,LiClO4,Scm?1,1.6 × 10 ? 4,10.1016/j.ijhydene.2013.10.052,05/11/2013,,Unknown,0.00016,single_sci,ok
3686,Li4SiO4,Scm?1,3.7 × 10 ? 4,10.1016/j.pmatsci.2017.04.007,08/04/2017,,Unknown,0.00037000000000000005,single_sci,ok
3687,Na3P0.62As0.38S4,mScm?1,1.46,10.1039/C7TA09242C,16/01/2018,,Unknown,1.46,single_plain,ok
3688,LiPF6,Scm?1,10 ? 4,10.1016/j.solidstatesciences.2012.05.019,26/05/2012,,Unknown,0.0001,power_of_ten,ok
3689,Li2MnSiO4,Scm?1,5 × 10  16,10.1016/j.jssc.2012.01.051,31/01/2012,,Unknown,5e-16,single_sci,ok
3690,LTO / C,Scm?1,1.25 × 10 ? 7,10.1016/j.electacta.2014.07.103,04/08/2014,,Unknown,1.25e-07,single_sci,ok
3691,Li2.66Si24,Scm?1,1.03 × 10 ? 1,10.1039/C8RA01829D,04/06/2018,,Unknown,0.10300000000000001,single_sci,ok
3693,LiFePO4,Scm?1,2.88 × 10 ? 2,10.1016/j.jpowsour.2015.09.103,08/10/2015,,Unknown,0.0288,single_sci,ok
3694,LiFePO4,S/cm,2.06,10.1016/j.matlet.2012.11.037,20/11/2012,,Unknown,2.06,single_plain,ok
3696,LiPF6,Scm?1,5.3 × 10 ? 3,10.1039/C3RA47695B,07/03/2014,,Unknown,0.0053,single_sci,ok
3697,TiO2,S/cm,10 ? 6,10.1016/S0167-2738(99)00004-1,20/04/1999,,Unknown,1e-06,power_of_ten,ok
3700,Zn / MnO2,Scm?1, 10 ? 6,10.1016/j.cej.2019.03.138,22/03/2019,,Unknown,1e-06,power_of_ten_leading_dash,ok
3702,Mn3O4,Scm?1,10 ? 8,10.1016/j.jpowsour.2012.08.056,28/08/2012,,Unknown,1e-08,power_of_ten,ok
3703,NASICON,Scm?1,6.4 × 10 ? 6,10.1016/j.jpowsour.2017.12.037,21/12/2017,,Unknown,6.4e-06,single_sci,ok
3704,LiMnPO4,Scm?1,10 ? 10,10.1016/j.jpowsour.2016.03.070,04/04/2016,,Unknown,1e-10,power_of_ten,ok
3705,Hydroxide,mScm?1,29.0 to 65.0,10.1039/C9TA01167F,26/03/2019,,Unknown,43.4165866921848,range_to,ok
3707,Mn3O4,Scm?1, 10 ? 8,10.1016/j.electacta.2015.08.146,29/08/2015,,Unknown,1e-08,power_of_ten_leading_dash,ok
3708,LiClKCl,Scm?1,6.52,10.1039/C7RA13071F,14/02/2018,,Unknown,6.52,single_plain,ok
3709,LiFePO4,Scm?1,3 × 10 ? 9,10.1039/C1JM11541C,20/09/2011,,Unknown,3.0000000000000004e-09,single_sci,ok
3710,Rb4Cu16I7Cl13,S/cm,0.34,10.1016/S0378-7753(00)00436-5,14/07/2000,,Unknown,0.34,single_plain,ok
3711,V2O5,Scm?1,10 ? 2,10.1039/C5TA02708J,21/07/2015,,Unknown,0.01,power_of_ten,ok
3712,LiClO4,Scm?1,5.7 × 10 ? 4,10.1016/S0167-2738(02)00457-5,25/08/2002,,Unknown,0.0005700000000000001,single_sci,ok
3715,LiFePO4,Scm?1,10 ? 15,10.1016/j.jpowsour.2016.02.035,23/02/2016,,Unknown,1e-15,power_of_ten,ok
3716,LiFePO4F,Scm?1,1.7 × 10 ? 4,10.1016/j.jallcom.2018.04.075,10/04/2018,,Unknown,0.00017,single_sci,ok
3717,LiClO4,Scm?1,2.0 × 10 ? 7,10.1016/j.electacta.2011.06.015,12/06/2011,,Unknown,2e-07,single_sci,ok
3718,Li2O2,Scm?1,10 ? 46,10.1039/C4CP05042H,11/03/2015,,Unknown,1e-46,power_of_ten,ok
3719,LiMn2O4,Scm?1,"2.90 × 10 ? 4 , 3.28 × 10 ? 4 and 3.44 × 10 ? 4",10.1016/j.electacta.2015.08.123,28/08/2015,,Unknown,0.0003198478443301712,multi_value,ok
3720,TiO2,Scm?1,10 ? 2,10.1039/C5RA10109C,20/07/2015,,Unknown,0.01,power_of_ten,ok
3721,LiPF6,mScm?1,0.21,10.1039/C3TA00167A,11/06/2013,,Unknown,0.21,single_plain,ok
3722,NiCo2S4,Scm?1,10  100,10.1039/C7TA07868D,14/11/2017,,Unknown,1e-100,power_of_ten,ok
3723,Li2CO3,Scm?1,10 ? 15,10.1016/j.jpowsour.2019.01.060,18/02/2019,,Unknown,1e-15,power_of_ten,ok
3724,LiPON,Scm?1,8.10 × 10 ? 7 and 9.27 × 10 ? 7,10.1016/j.tsf.2019.06.055,29/06/2019,,Unknown,8.665275529375854e-07,multi_value,ok
3726,NH4NO3,Scm?1,2.53 × 10 ? 5,10.1016/j.jpowsour.2006.09.042,07/11/2006,,Unknown,2.5300000000000002e-05,single_sci,ok
3728,FeO6,Scm?1,10 ? 8,10.1016/j.electacta.2016.10.044,11/10/2016,,Unknown,1e-08,power_of_ten,ok
3729,LiFePO4,Scm?1,"4.62 × 10 ? 3 , 1.56 × 10 ? 8 and 6.28 × 10 ? 6",10.1039/C3RA44218G,16/10/2013,,Unknown,7.677893302373827e-06,multi_value,ok
3731,Mn3O4,Scm?1, 10 ? 8,10.1039/C4DT02287D,04/11/2014,,Unknown,1e-08,power_of_ten_leading_dash,ok
3733,LiFePO4,Scm?1, 10 ? 10,10.1016/j.jallcom.2013.06.097,25/06/2013,,Unknown,1e-10,power_of_ten_leading_dash,ok
3735,Fe2P,Scm?1,8.33 × 10 ? 2 to 16.67 × 10 ? 2,10.1039/C7RA04510G,03/07/2017,,Unknown,0.11783933978090676,range_to,ok
3736,Polyethylene oxide,Scm?1,2.32 × 10 ? 4,10.1016/j.rser.2019.04.035,20/04/2019,,Unknown,0.000232,single_sci,ok
3737,Hydroxide,Scm?1,to 1.88 × 10 ? 2,10.1039/C6RA08037E,27/05/2016,,Unknown,0.0188,open_upper,ok
3738,H3PO4,Scm?1,2.23 × 10 ? 2,10.1016/j.ijhydene.2010.01.047,24/02/2010,,Unknown,0.0223,single_sci,ok
3739,Mn3O4,Scm?1, 10 ? 8,10.1016/j.jpowsour.2013.04.055,20/04/2013,,Unknown,1e-08,power_of_ten_leading_dash,ok
3741,MoS2,S/cm,4.60 × 10 ? 1,10.1016/j.ceramint.2011.06.056,05/07/2011,,Unknown,0.45999999999999996,single_sci,ok
3742,Li6PS5Br,mScm?1,3.1,10.1039/C8TA09477B,02/01/2019,,Unknown,3.1,single_plain,ok
3743,LiFePO4 / C,Scm?1,8.49 × 10 ? 5,10.1039/C3NJ01285A,20/01/2014,,Unknown,8.49e-05,single_sci,ok
3745,TiO2,Scm?1,"4.87 × 10 ? 4 , 1.32 × 10 ? 4 and 4.22 × 10 ? 8",10.1016/j.electacta.2017.03.104,16/03/2017,,Unknown,1.3946710340550251e-05,multi_value,ok
3746,CoSnO3NC-240,Scm?1,"8.6 × 10 ? 7 , 8.8 × 10 ? 4 , 7.5 × 10 ? 3 and 2.6 × 10 ? 3",10.1039/C7TA10448K,13/03/2018,,Unknown,0.00034854104878820835,multi_value,ok
3747,TiO2,Scm?1,1 × 10 ? 4,10.1039/B717278H,22/02/2008,,Unknown,0.0001,single_sci,ok
3748,FeO6,S/cm,10 ? 8,10.1016/j.mseb.2011.07.009,27/07/2011,,Unknown,1e-08,power_of_ten,ok
3749,SiO2,mScm?1,60,10.1039/B821506E,06/05/2009,,Unknown,60.0,single_plain,ok
3751,Li2S,Scm?1,9.21 × 10 ? 9,10.1016/j.ceramint.2018.01.104,16/03/2018,,Unknown,9.210000000000001e-09,single_sci,ok
3752,Polyethylene oxide,Scm?1,10 ? 3,10.1016/j.electacta.2003.12.068,25/07/2004,,Unknown,0.001,power_of_ten,ok
3753,SiO2,Scm?1,2.5 × 10 ? 3 to 2.9 × 10 ? 3,10.1016/j.electacta.2014.11.083,15/11/2014,,Unknown,0.00269258240356725,range_to,ok
3754,LiSO3CF3,S/cm,4,10.1016/j.ssi.2006.08.022,12/10/2006,,Unknown,4.0,single_plain,ok
3755,Polyethylene oxide,Scm?1,8.01 × 10 ? 4,10.1016/j.jpowsour.2018.03.016,29/03/2018,,Unknown,0.0008010000000000001,single_sci,ok
3757,Li2O2,Scm?1,5.02 × 10 ? 9,10.1016/j.gee.2017.06.004,13/06/2017,,Unknown,5.02e-09,single_sci,ok
3758,LiMnPO4,Scm?1,1.8 × 10 ? 8,10.1016/j.jpowsour.2010.11.159,07/12/2010,,Unknown,1.8000000000000002e-08,single_sci,ok
3761,NH4Br,Scm?1,1.58 × 10 ? 3,10.1016/j.orgel.2017.08.017,19/08/2017,,Unknown,0.00158,single_sci,ok
3763,LiCl,Scm?1,5.89 × 10 ? 4,10.1016/j.jallcom.2017.08.167,19/08/2017,,Unknown,0.000589,single_sci,ok
3766,NH4Cl,S/cm,2.1 × 10 ? 1,10.1016/j.cap.2010.03.010,19/03/2010,,Unknown,0.21000000000000002,single_sci,ok
3768,Polyethylene oxide,Scm?1, 10 ? 6,10.1016/j.jpowsour.2005.03.028,28/04/2005,,Unknown,1e-06,power_of_ten_leading_dash,ok
3769,LiBF4,S/cm,0.52,10.1016/S0140-6701(00)94427-8,24/11/2003,,Unknown,0.52,single_plain,ok
3770,CH3(OCH2CH2)2OBF2,Scm?1,? 10 ? 3,10.1016/j.electacta.2015.03.019,04/03/2015,,Unknown,,unknown,manual_review
3771,SiO2,Scm?1,2 × 10 ? 4,10.1016/j.memsci.2007.07.044,03/08/2007,,Unknown,0.0002,single_sci,ok
3773,LiFePO4,Scm?1,10 ? 8,10.1016/j.jpowsour.2012.02.078,09/03/2012,,Unknown,1e-08,power_of_ten,ok
3774,LiCl,Scm?1,10 ? 4,10.1016/j.ssi.2003.12.040,06/11/2004,,Unknown,0.0001,power_of_ten,ok
3775,LiCoO2,Scm?1,10 ? 11,10.1016/j.jpowsour.2016.03.070,04/04/2016,,Unknown,1e-11,power_of_ten,ok
3776,LiClO4,mScm?1,0.26,10.1016/j.jechem.2017.10.026,01/11/2017,,Unknown,0.26,single_plain,ok
3777,LiFePO4 / C,Scm?1,10 ? 3,10.1016/j.jpowsour.2009.03.061,08/04/2009,,Unknown,0.001,power_of_ten,ok
3778,LiCF3SO3,S/cm,10-Jul,10.1016/S0022-0728(97)00174-5,07/04/1998,,Unknown,,unknown,manual_review
3780,TiO2,Scm?1,9.4 × 10 ? 3,10.1039/C3NR04791A,05/12/2013,,Unknown,0.0094,single_sci,ok
3782,Ni(OH)2,Scm?1,10 ? 5,10.1016/j.electacta.2017.12.065,12/12/2017,,Unknown,1e-05,power_of_ten,ok
3783,Hydroxide,mS/cm,69,10.1016/j.memsci.2016.09.033,22/09/2016,,Unknown,69.0,single_plain,ok
3784,LiPON,Scm?1,9.43 × 10 ? 7,10.1016/S0378-7753(02)00046-0,24/05/2002,,Unknown,9.429999999999999e-07,single_sci,ok
3786,LFP @ N-GA,Scm?1,to 7.19,10.1039/C4EE03825H,05/03/2015,,Unknown,7.19,open_upper,ok
3787,LiFePO4,Scm?1,10 ? 10,10.1016/j.matchemphys.2016.02.042,18/02/2016,,Unknown,1e-10,power_of_ten,ok
3788,MoO2,Scm?1,3.9,10.1016/j.jpowsour.2012.05.050,26/05/2012,,Unknown,3.9,single_plain,ok
3789,LiMn2O4,S/cm,10 ? 4,10.1016/j.ssi.2003.11.047,05/11/2004,,Unknown,0.0001,power_of_ten,ok
3791,LiFePO4,Scm?1,10 ? 9,10.1016/j.jpowsour.2012.02.032,22/02/2012,,Unknown,1e-09,power_of_ten,ok
3792,CuCl2,S/cm,0.41,10.1016/j.jallcom.2014.11.108,24/11/2014,,Unknown,0.41,single_plain,ok
3793,MoS2 / C,S/cm,3.30 × 10 ? 5,10.1016/j.ceramint.2011.06.056,05/07/2011,,Unknown,3.3e-05,single_sci,ok
3796,Na+ / Na,Scm?1,1.47 × 10 ? 5 and 2.15 × 10 ? 2,10.1016/j.nanoen.2015.04.032,14/05/2015,,Unknown,0.0005621832441473159,multi_value,ok
3797,LiMn0.7Fe0.3PO4 / C,Scm?1,5.8 × 10 ? 5 and 3.1 × 10 ? 5,10.1039/C7RA08993G,11/09/2017,,Unknown,4.240283009422838e-05,multi_value,ok
3798,Al2O3,S/cm,9.33 × 10 ? 4,10.1016/j.jallcom.2013.04.195,07/05/2013,,Unknown,0.000933,single_sci,ok
3799,LiBF4,S/cm,0.52,10.1016/S0140-6701(00)94425-4,24/11/2003,,Unknown,0.52,single_plain,ok
3801,LiClO4,mScm?1,8.7 × 10 ? 2,10.1016/j.ensm.2019.04.030,30/04/2019,,Unknown,0.087,single_sci,ok
3802,Li2S,Scm?1,2.2 × 10 ? 3,10.1016/j.jnoncrysol.2006.10.091,11/12/2007,,Unknown,0.0022,single_sci,ok
3803,NaBF4,Scm?1,1.03 × 10 ? 6,10.1039/C5RA23864A,20/01/2016,,Unknown,1.0299999999999999e-06,single_sci,ok
3805,K2CO3,mScm?1,223,10.1039/C1CC13141A,16/08/2011,,Unknown,223.0,single_plain,ok
3806,Mg(OPhCF3)2·Mg(TFSI)2,mScm?1,0.1 to 0.25,10.1039/C3EE43143F,22/01/2014,,Unknown,0.15811388300841894,range_to,ok
3807,ZrO2,Scm?1,2.47 × 10 ? 7,10.1016/j.matchemphys.2003.12.012,25/02/2004,,Unknown,2.4700000000000003e-07,single_sci,ok
3808,SiO2,mS/cm,0.2,10.1016/j.joule.2017.08.012,27/09/2017,,Unknown,0.2,single_plain,ok
3810,LiPF6,mScm?1,to 0.30,10.1039/C2EE23564A,23/01/2013,,Unknown,0.3,open_upper,ok
3812,Li2O2,Scm?1,2 × 10 ? 7,10.1039/C7QM00353F,22/11/2017,,Unknown,2e-07,single_sci,ok
3813,LiBF4,S/cm,0.52,10.1016/S0140-6701(00)94430-8,24/11/2003,,Unknown,0.52,single_plain,ok
3814,H2SO4,mS/cm,to 6.8,10.1016/j.watres.2008.02.026,04/03/2008,,Unknown,6.8,open_upper,ok
3815,LiPF6,Scm?1,7 × 10 ? 3,10.1016/j.jpowsour.2011.11.057,08/12/2011,,Unknown,0.007,single_sci,ok
3816,LiFePO4,Scm?1,2.2 × 10 ? 9,10.1016/j.electacta.2004.11.045,18/01/2005,,Unknown,2.2000000000000003e-09,single_sci,ok
3817,LiPF6,S/cm,0.082,10.1016/S0140-6701(00)94422-9,24/11/2003,,Unknown,0.082,single_plain,ok
3818,Al2O3,mScm?1,0.661,10.1016/j.jiec.2018.11.036,24/11/2018,,Unknown,0.661,single_plain,ok
3819,TiO2,Scm?1,"1 × 10 ? 5 , 7.8 × 10 ? 5 , 9.8 × 10 ? 5 and 7.9 × 10 ? 5",10.1039/C6TA06840E,31/01/2017,,Unknown,4.9572057231039914e-05,multi_value,ok
3820,LiNiPO4,Scm?1,2.34 × 10 ? 7,10.1016/j.jallcom.2012.08.141,10/09/2012,,Unknown,2.3399999999999998e-07,single_sci,ok
3821,BaTiO3,Scm?1,2.1 × 10 ? 3,10.1039/C4EE01432D,12/11/2014,,Unknown,0.0021000000000000003,single_sci,ok
3823,Li3BO3  Li2CO3,Scm?1,10 ? 6,10.1039/C8TA08761J,16/10/2018,,Unknown,1e-06,power_of_ten,ok
3826,LiNbO3,Scm?1,10 ? 13,10.1016/j.electacta.2015.12.085,15/12/2015,,Unknown,1e-13,power_of_ten,ok
3827,P2O5,Scm?1,4.3 × 10 ? 4,10.1016/j.jnoncrysol.2007.07.059,29/10/2007,,Unknown,0.00043,single_sci,ok
3828,MnO2,Scm?1, 10 ? 7,10.1039/C3CC44079F,27/08/2013,,Unknown,1e-07,power_of_ten_leading_dash,ok
3830,LiPF6,mScm?1,0.94,10.1016/j.cej.2019.122062,24/06/2019,,Unknown,0.94,single_plain,ok
3831,Li2S,Scm?1,7.2 × 10 ? 4,10.1016/j.jpowsour.2005.03.161,31/05/2005,,Unknown,0.00072,single_sci,ok
3833,Polyethylene oxide,Scm?1,4.42 × 10 ? 4,10.1016/j.pmatsci.2017.04.007,08/04/2017,,Unknown,0.000442,single_sci,ok
3834,LiCoO2,Scm?1,1.1 × 10 ? 3,10.1016/j.electacta.2008.09.050,04/10/2008,,Unknown,0.0011,single_sci,ok
3835,Li4SiO4,Scm?1,1.5 × 10 ? 3,10.1016/S0040-6031(97)00129-9,26/08/2003,,Unknown,0.0015,single_sci,ok
3837,LiCF3SO3PC,Scm?1,5.39 × 10 ? 6 to 9.64 × 10 ? 4,10.1016/S0167-2738(97)00531-6,27/03/1998,,Unknown,7.208300770639358e-05,range_to,ok
3838,Li2O2,Scm?1,1.35 × 10 ? 10,10.1039/C4EE00496E,16/07/2014,,Unknown,1.3500000000000002e-10,single_sci,ok
3839,Li2O,Scm?1,7 × 10 ? 5,10.1016/S0167-2738(02)00077-2,15/03/2002,,Unknown,7.000000000000001e-05,single_sci,ok
3840,LiPON,Scm?1,1 × 10 ? 6,10.1016/j.jpowsour.2008.07.080,06/08/2008,,Unknown,1e-06,single_sci,ok
3841,MnO2,Scm?1, 10 ? 6,10.1016/j.jpowsour.2013.04.013,10/04/2013,,Unknown,1e-06,power_of_ten_leading_dash,ok
3842,V2O5,Scm?1, 10 ? 6,10.1016/j.jallcom.2018.01.293,28/02/2018,,Unknown,1e-06,power_of_ten_leading_dash,ok
3843,V2O5,Scm?1,8.7 × 10 ? 7,10.1016/j.jpowsour.2010.06.099,07/07/2010,,Unknown,8.699999999999999e-07,single_sci,ok
3845,Mn3O4,Scm?1, 10 ? 8,10.1016/j.cej.2019.01.155,28/01/2019,,Unknown,1e-08,power_of_ten_leading_dash,ok
3846,LiMn2O4,Scm?1,10 ? 4,10.1039/C6RA20829K,17/10/2016,,Unknown,0.0001,power_of_ten,ok
3847,LiFePO4,Scm?1,10 ? 8,10.1016/j.jpowsour.2006.11.024,21/12/2006,,Unknown,1e-08,power_of_ten,ok
3848,LiMn2O4,Scm?1,5.25 × 10 ? 7,10.1016/j.jpowsour.2008.02.049,04/03/2008,,Unknown,5.25e-07,single_sci,ok
3850,MoS2,Scm?1,3.3 × 10 ? 7,10.1016/S0254-0584(03)00310-9,29/07/2003,,Unknown,3.2999999999999996e-07,single_sci,ok
3852,LiCF3SO3,Scm?1,10 ? 5,10.1016/S0013-4686(99)00378-3,27/12/1999,,Unknown,1e-05,power_of_ten,ok
3856,Mn3O4,Scm?1,10 ? 8,10.1039/C4RA07534J,08/09/2014,,Unknown,1e-08,power_of_ten,ok
3860,LiClO4,Scm?1,8.3 × 10 ? 3,10.1016/j.electacta.2009.07.051,24/07/2009,,Unknown,0.0083,single_sci,ok
3861,LiPON,S/cm,to 2 × 10 ? 6,10.1016/j.mee.2011.06.022,05/07/2011,,Unknown,2e-06,open_upper,ok
3862,ZrO2,Scm?1,7.5 × 10 ? 6,10.1016/S0254-0584(03)00277-3,24/07/2003,,Unknown,7.499999999999999e-06,single_sci,ok
3863,LiCoO2,S/cm,10 ? 3,10.1016/j.ensm.2016.02.002,13/02/2016,,Unknown,0.001,power_of_ten,ok
3865,LiFePO4 / C,Scm?1,1.9 × 10 ? 2 and 5.54 × 10 ? 3,10.1016/j.jpowsour.2010.01.019,15/01/2010,,Unknown,0.010259629622944485,multi_value,ok
3868,LiFePO4,Scm?1,10 ? 6,10.1039/C3CP53436G,02/01/2014,,Unknown,1e-06,power_of_ten,ok
3869,LiFePO4,Scm?1,10 ? 8,10.1016/j.electacta.2012.07.086,28/07/2012,,Unknown,1e-08,power_of_ten,ok
3871,LiFePO4 / FePO4,Scm?1,10 ? 14,10.1039/C6RA00125D,09/02/2016,,Unknown,1e-14,power_of_ten,ok
3872,MoS2,Scm?1,4 × 10 ? 3,10.1016/j.matchemphys.2005.10.012,28/11/2005,,Unknown,0.004,single_sci,ok
3873,PVdF-HFP,mScm?1,54.82,10.1016/j.matchemphys.2008.11.023,05/02/2009,,Unknown,54.82,single_plain,ok
3875,SiO2,mScm?1,1.41 to 2.40,10.1016/j.jpowsour.2013.05.142,05/06/2013,,Unknown,1.839565166010707,range_to,ok
3876,Al2O3,Scm?1,10 ? 5,10.1016/j.coelec.2018.03.033,30/03/2018,,Unknown,1e-05,power_of_ten,ok
3879,Al2O3,S/cm,2 × 10 ? 3,10.1016/S0013-4686(99)00215-7,19/10/1999,,Unknown,0.002,single_sci,ok
3880,LiFePO4,Scm?1, 10 ? 10,10.1016/j.apsusc.2019.01.139,20/01/2019,,Unknown,1e-10,power_of_ten_leading_dash,ok
3883,Polyethylene oxide,Scm?1,3.5 × 10 ? 6,10.1039/C8TA10124H,05/02/2019,,Unknown,3.5e-06,single_sci,ok
3884,SnS2,Scm?1,? 7 to 0.9,10.1016/j.actamat.2014.08.053,04/10/2014,,Unknown,,unknown,manual_review
3886,HfO2,Scm?1,2.8 × 10 ? 2 and 2.5 × 10 ? 2,10.1016/j.jpowsour.2008.10.066,28/10/2008,,Unknown,0.026457513110645908,multi_value,ok
3888,MoSe2,Scm?1,10 ? 2,10.1039/C4CS00350K,10/04/2015,,Unknown,0.01,power_of_ten,ok
3889,Lithium bis(trifluoromethanesulfonyl)imide,Scm?1,2.76 × 10 ? 4,10.1016/j.ijhydene.2017.02.085,18/03/2017,,Unknown,0.000276,single_sci,ok
3892,LiPF6,mS/cm,0.7,10.1016/j.compscitech.2014.06.020,05/07/2014,,Unknown,0.7,single_plain,ok
3893,Cu(II),mS/cm,8.7,10.1016/j.cej.2014.12.078,27/12/2014,,Unknown,8.7,single_plain,ok
3895,NaCl,mS/cm,35,10.1016/j.desal.2005.10.031,26/05/2006,,Unknown,35.0,single_plain,ok
3896,NH4Cl,S/cm,1.94 × 10 ? 1,10.1016/j.cap.2010.03.010,19/03/2010,,Unknown,0.194,single_sci,ok
3898,Li3BO3,Scm?1,1.33 × 10 ? 4,10.1016/j.jpowsour.2017.04.044,21/04/2017,,Unknown,0.000133,single_sci,ok
3899,SiOC,Scm?1,2.5 × 10 ? 6,10.1039/C7RA01937H,28/07/2017,,Unknown,2.4999999999999998e-06,single_sci,ok
3900,Mn3O4,Scm?1,10 ? 8,10.1016/j.electacta.2017.06.148,29/06/2017,,Unknown,1e-08,power_of_ten,ok
3901,NiFe2O4,Scm?1,10 ? 8,10.1016/j.matchemphys.2011.06.043,19/07/2011,,Unknown,1e-08,power_of_ten,ok
3902,LiCoO2,Scm?1,10 ? 5,10.1016/S0013-4686(03)00522-X,12/09/2003,,Unknown,1e-05,power_of_ten,ok
3904,PbSnF4,Scm?1,2 × 10 ? 4,10.1039/C8CC05549A,09/10/2018,,Unknown,0.0002,single_sci,ok
3905,LiCoO2,S/cm,4.5 × 10 ? 3,10.1016/j.jssc.2019.06.031,24/06/2019,,Unknown,0.0045000000000000005,single_sci,ok
3906,TiO2 @ Si,Scm?1,to 23.81,10.1039/C5TA02259B,02/06/2015,,Unknown,23.81,open_upper,ok
3909,MnO2,Scm?1, 10 ? 6,10.1039/C4TA02378A,09/09/2014,,Unknown,1e-06,power_of_ten_leading_dash,ok
3910,NaCl,Scm?1,3.03 × 10 ? 4,10.1016/j.electacta.2015.12.107,17/12/2015,,Unknown,0.000303,single_sci,ok
3912,SiO2,Scm?1,8.0 × 10 ? 5,10.1039/C9TA01214A,24/04/2019,,Unknown,8e-05,single_sci,ok
3915,Manganese oxides,Scm?1,10 ? 6,10.1016/j.cej.2017.07.153,28/07/2017,,Unknown,1e-06,power_of_ten,ok
3916,NiFe2O4,Scm?1,4,10.1016/j.matchemphys.2011.06.043,19/07/2011,,Unknown,4.0,single_plain,ok
3917,LiClO4,Scm?1,1.6 × 10 ? 5,10.1016/j.electacta.2005.02.003,02/03/2005,,Unknown,1.6000000000000003e-05,single_sci,ok
3918,Polyethylene oxide,S/cm,10 ? 4,10.1016/S0013-4686(98)00401-0,10/03/1999,,Unknown,0.0001,power_of_ten,ok
3920,Polyethylene oxide,Scm?1,10 ? 10,10.1016/j.solidstatesciences.2012.05.019,26/05/2012,,Unknown,1e-10,power_of_ten,ok
3921,Lithium bis(trifluoromethanesulfonyl)imide,Scm?1,10 ? 3,10.1016/j.jpowsour.2016.01.032,01/02/2016,,Unknown,0.001,power_of_ten,ok
3922,TiO2,Scm?1,9.53 × 10 ? 5,10.1016/j.jpowsour.2011.01.052,26/01/2011,,Unknown,9.53e-05,single_sci,ok
3923,NH4Br @ HKUST-1,Scm?1,2.13 × 10 ? 11,10.1039/C6DT00290K,04/05/2016,,Unknown,2.1299999999999997e-11,single_sci,ok
3925,LiFePO4,Scm?1,10 ? 9,10.1016/j.jpowsour.2015.05.018,15/05/2015,,Unknown,1e-09,power_of_ten,ok
3926,Li2O2,Scm?1,4 × 10 ? 19,10.1039/C5EE01604E,26/08/2015,,Unknown,4e-19,single_sci,ok
3927,LiMn2O4,Scm?1,10 ? 4,10.1016/j.matchemphys.2015.02.023,26/02/2015,,Unknown,0.0001,power_of_ten,ok
3928,V2O5,Scm?1, 10 ? 4,10.1039/C8NR04033H,23/08/2018,,Unknown,0.0001,power_of_ten_leading_dash,ok
3929,ZrV2O7,Scm?1,10 ? 6,10.1039/C6CP05694F,30/11/2016,,Unknown,1e-06,power_of_ten,ok
3930,Polyethylene oxide,S/cm,10 ? 3,10.1016/S0378-7753(03)00189-7,25/03/2003,,Unknown,0.001,power_of_ten,ok
3934,ZrO2,Scm?1,6.9 × 10 ? 6,10.1016/S0167-577X(00)00103-8,16/08/2000,,Unknown,6.9e-06,single_sci,ok
3935,LiClO4,S/cm,3.0 × 10 ? 3,10.1016/j.polymer.2009.01.022,15/01/2009,,Unknown,0.003,single_sci,ok
3937,TiO2,Scm?1,3.02 × 10 ? 6,10.1016/j.jpowsour.2005.03.028,28/04/2005,,Unknown,3.02e-06,single_sci,ok
3938,SiO2,S/cm,2.1 × 10 ? 3,10.1016/j.eurpolymj.2004.10.029,24/12/2004,,Unknown,0.0021000000000000003,single_sci,ok
3940,Cr-doped TiO2,Scm?1,1.8 × 10 ? 7,10.1039/C5TA06888F,15/12/2015,,Unknown,1.8e-07,single_sci,ok
3941,Lithium bis(trifluoromethanesulfonyl)imide,Scm?1,1.29 × 10 ? 5,10.1016/j.jpowsour.2016.01.032,01/02/2016,,Unknown,1.2900000000000002e-05,single_sci,ok
3942,Li2S,Scm?1,10 ? 3,10.1039/C5NJ03402G,07/03/2016,,Unknown,0.001,power_of_ten,ok
3943,LiClO4,Scm?1,7.5 × 10 ? 3,10.1016/j.electacta.2004.01.029,09/04/2004,,Unknown,0.0075,single_sci,ok
3944,MgCl2,Scm?1,5.9 × 10 ? 2,10.1039/C6RA14230C,09/11/2016,,Unknown,0.059000000000000004,single_sci,ok
3945,LiCF3SO3,Scm?1,3.1 × 10 ? 5,10.1016/j.carbpol.2003.08.018,30/10/2003,,Unknown,3.1e-05,single_sci,ok
3948,Al2O3,Scm?1,0.0334,10.1016/j.jallcom.2017.10.130,20/10/2017,,Unknown,0.0334,single_plain,ok
3950,NiCo2S4,Scm?1,10  100,10.1039/C7TA07868D,14/11/2017,,Unknown,1e-100,power_of_ten,ok
3951,MgMn2O4 / rGO,Scm?1,1.07 × 10 ? 10,10.1039/C8CC05366A,21/08/2018,,Unknown,1.07e-10,single_sci,ok
3957,LiCoO2,S/cm,9.3 × 10 ? 3,10.1016/j.jssc.2019.06.031,24/06/2019,,Unknown,0.009300000000000001,single_sci,ok
3958,NaCl,Scm?1,0.02,10.1039/C5CC01388G,23/04/2015,,Unknown,0.02,single_plain,ok
3959,LiFePO4,Scm?1,10 ? 8,10.1016/j.jpowsour.2016.06.128,15/07/2016,,Unknown,1e-08,power_of_ten,ok
3960,LiBF2SO4-EC / DMC,mScm?1,4.02,10.1039/C3RA41311J,12/08/2013,,Unknown,4.02,single_plain,ok
3961,SiO2,Scm?1,3.5 × 10 ? 2,10.1016/j.jpowsour.2003.09.007,13/11/2003,,Unknown,0.035,single_sci,ok
3962,Hydroxide,Scm?1,to 9.8 × 10 ? 4,10.1039/C5CC03462K,23/07/2015,,Unknown,0.0009800000000000002,open_upper,ok
3963,Hydroxide,mS/cm,88.7,10.1016/j.memsci.2016.01.008,12/01/2016,,Unknown,88.7,single_plain,ok
3964,LiFePO4,Scm?1,10 ? 8,10.1016/j.cej.2019.122189,09/07/2019,,Unknown,1e-08,power_of_ten,ok
3965,TiO2,Scm?1,2.86 × 10 ? 6,10.1039/C5TA06888F,15/12/2015,,Unknown,2.8599999999999997e-06,single_sci,ok
3967,LiPF6,S/cm,1.8 × 10 ? 3,10.1016/j.elecom.2008.05.043,03/06/2008,,Unknown,0.0018000000000000002,single_sci,ok
3968,LiPON,Scm?1,2.01 × 10 ? 7,10.1016/j.electacta.2013.08.053,20/08/2013,,Unknown,2.0099999999999996e-07,single_sci,ok
3969,V2O5,S/cm,- 10 ? 3,10.1016/j.jallcom.2019.02.118,11/02/2019,,Unknown,0.001,power_of_ten_leading_dash,ok
3970,LiFePO4,Scm?1,10 ? 10,10.1039/C2TA00939K,22/01/2013,,Unknown,1e-10,power_of_ten,ok
3971,LiClO4,Scm?1,2.98 × 10 ? 3,10.1016/j.electacta.2006.05.057,11/07/2006,,Unknown,0.00298,single_sci,ok
3972,LiFePO4,S/cm,10 ? 7,10.1016/j.electacta.2009.09.060,26/09/2009,,Unknown,1e-07,power_of_ten,ok
3975,Li4SiO4,Scm?1,10 ? 10,10.1016/j.ssi.2018.10.014,30/10/2018,,Unknown,1e-10,power_of_ten,ok
3976,Mg(CF3SO3)2,Scm?1,1.7 × 10 ? 2 and 2.17 × 10 ? 4,10.1016/j.electacta.2013.09.008,16/09/2013,,Unknown,0.0019206769639895196,multi_value,ok
3977,LiClO4,Scm?1,2.5 × 10 ? 4,10.1016/j.ijhydene.2013.10.052,05/11/2013,,Unknown,0.00025,single_sci,ok
3978,Hydroxide,mScm?1,60  100,10.1039/C6EE03079C,18/01/2017,,Unknown,,range_dash,manual_review
3979,MoS2 / C,Scm?1,21.3,10.1016/j.ces.2019.06.043,25/06/2019,,Unknown,21.3,single_plain,ok
3980,TiO2 @ C,Scm?1,8.918 × 10 ? 6 and 3.234 × 10 ? 7,10.1039/C6RA22105J,19/10/2016,,Unknown,1.6982582842430055e-06,multi_value,ok
3981,90V2O5·10P2O5,Scm?1,7 × 10 ? 2,10.1016/j.mseb.2016.05.008,21/06/2016,,Unknown,0.07,single_sci,ok
3984,LiOH·H2O,Scm?1,2.11 × 10 ? 4,10.1016/j.ceramint.2016.04.149,26/04/2016,,Unknown,0.000211,single_sci,ok
3985,Ce0.8Ca0.2VO3,Scm?1,0.2,10.1039/C1JM10960J,06/06/2011,,Unknown,0.2,single_plain,ok
3986,MoO3,S/cm,"1 × 10 ? 10 , 2 × 10 ? 8 and 7 × 10 ? 6",10.1016/j.electacta.2016.09.069,28/09/2016,,Unknown,2.4101422641752286e-08,multi_value,ok
3987,PVdF-15,Scm?1,6.18 × 10 ? 3,10.1016/j.eurpolymj.2006.10.032,08/12/2006,,Unknown,0.00618,single_sci,ok
3988,PVImN-90,Scm?1,0.46 × 10 ? 4 and 1.37 × 10 ? 4,10.1039/C4TA05106H,02/12/2014,,Unknown,7.93851371479573e-05,multi_value,ok
3989,SiO2,mScm?1,3.5,10.1039/C5TA02154E,28/07/2015,,Unknown,3.5,single_plain,ok
3990,Li2S,Scm?1,2.1 × 10 ? 4,10.1016/j.jallcom.2018.07.320,02/08/2018,,Unknown,0.00021,single_sci,ok
3991,LiPF6,mScm?1,58.2,10.1039/C000339E,04/05/2010,,Unknown,58.2,single_plain,ok
3992,LiFePO4,Scm?1,10 ? 9,10.1016/j.jpowsour.2009.02.024,20/02/2009,,Unknown,1e-09,power_of_ten,ok
3993,Na2O,Scm?1,3 × 10 ? 5,10.1039/C5TA03030G,18/08/2015,,Unknown,3.0000000000000004e-05,single_sci,ok
3994,FeCl3,S/cm,10 ? 6,10.1016/S0014-3057(98)00092-5,28/01/1999,,Unknown,1e-06,power_of_ten,ok
3995,Na+ / Na,Scm-1,1.3 × 10 ? 4,10.1016/j.jpowsour.2018.07.096,04/08/2018,,Unknown,0.00013000000000000002,single_sci,ok
3998,2(CF3SO3),Scm?1,2.6 × 10 ? 5 and 2.9 × 10 ? 4,10.1039/C5NJ00085H,02/06/2015,,Unknown,8.683317338436962e-05,multi_value,ok
3999,LiFePO4,Scm?1,5.87 × 10 ? 3,10.1016/j.jpowsour.2011.10.073,25/10/2011,,Unknown,0.00587,single_sci,ok
4001,MoO3,Scm?1,10 ? 4,10.1039/C3CP53267D,25/09/2013,,Unknown,0.0001,power_of_ten,ok
4002,LiFePO4,Scm?1,to 1.6 × 10 ? 1,10.1016/j.jpowsour.2008.02.077,04/03/2008,,Unknown,0.16000000000000003,open_upper,ok
4003,MnO2,S/cm,10â5â1Ã  10â6,10.1016/S1003-6326(18)64843-5,06/11/2018,,Unknown,,encoding_error,manual_review
4004,SiO2,S/cm,3.8 × 10 ? 5,10.1016/j.solmat.2011.11.021,15/12/2011,,Unknown,3.8e-05,single_sci,ok
4005,LiMn2O4,S/cm,10 ? 11,10.1016/j.cossms.2012.05.002,15/06/2012,,Unknown,1e-11,power_of_ten,ok
4007,Fe2O3,S/cm,10 ? 10,10.1016/j.electacta.2005.02.047,23/05/2005,,Unknown,1e-10,power_of_ten,ok
4008,LiFePO4,Scm?1,"1.12 × 10 ? 2 , 1.09 × 10 ? 2 , 9.95 × 10 ? 3 and 9.92 × 10 ? 3",10.1016/j.jallcom.2010.07.003,07/07/2010,,Unknown,0.010477189966810019,multi_value,ok
4009,LiFePO4,Scm?1, 10 ? 14,10.1016/j.jpowsour.2014.04.153,14/05/2014,,Unknown,1e-14,power_of_ten_leading_dash,ok
4010,Al2O3,mScm?1,1.12 to 1.00,10.1016/j.jpowsour.2017.02.078,03/03/2017,,Unknown,1.0583005244258363,range_to,ok
4011,NH4NO3,Scm?1,4.11 × 10 ? 5,10.1016/j.jpowsour.2006.09.042,07/11/2006,,Unknown,4.110000000000001e-05,single_sci,ok
4012,LFP / C,Scm?1,to 2.50 × 10 ? 2,10.1016/j.jpowsour.2010.06.070,30/06/2010,,Unknown,0.025,open_upper,ok
4013,Li4Ti4.925Mn0.075O12,Scm?1,0.48 × 10 ? 8,10.1039/C3TA11590A,06/08/2013,,Unknown,4.8e-09,single_sci,ok
4016,ZrO2,Scm?1,0.13 × 10 ? 6,10.1016/S0254-0584(03)00277-3,24/07/2003,,Unknown,1.3e-07,single_sci,ok
4017,LiClO4,Scm?1,2.3 × 10 ? 4,10.1016/j.eurpolymj.2007.06.001,15/06/2007,,Unknown,0.00022999999999999998,single_sci,ok
4018,LiClO4,S/cm,5.9 × 10 ? 11 to 7.4 × 10 ? 11,10.1016/j.electacta.2006.08.007,09/10/2006,,Unknown,6.60757141467272e-11,range_to,ok
4019,Mg(ClO4)2,S/cm,3.1 × 10 ? 9,10.1016/j.jsamd.2019.04.006,28/05/2019,,Unknown,3.1000000000000005e-09,single_sci,ok
4021,La0.93Ba0.07F2.93,Scm?1,10 ? 4,10.1039/C5DT02321A,10/11/2015,,Unknown,0.0001,power_of_ten,ok
4022,LiCl,Scm?1,10 ? 9,10.1039/C6EE02697D,18/01/2017,,Unknown,1e-09,power_of_ten,ok
4023,PSf135-ImOH,mScm?1,20.7,10.1039/C1JM10656B,16/08/2011,,Unknown,20.7,single_plain,ok
4024,TiO2,Scm?1,1.66 × 10 ? 3,10.1016/j.jpowsour.2008.03.045,26/03/2008,,Unknown,0.00166,single_sci,ok
4025,Li2S,Scm?1,10 ? 4,10.1016/j.rser.2019.04.035,20/04/2019,,Unknown,0.0001,power_of_ten,ok
4026,Li2O2,Scm?1, 10 ? 13,10.1039/C8CS00009C,23/04/2018,,Unknown,1e-13,power_of_ten_leading_dash,ok
4028,Li2FeSiO4,Scm?1,10 ? 9,10.1039/C5DT01743B,11/08/2015,,Unknown,1e-09,power_of_ten,ok
4029,Co2P,Scm?1,10 ? 1,10.1039/C8RA08785G,04/01/2019,,Unknown,0.1,power_of_ten,ok
4030,TiO2,Scm?1,"1 × 10 ? 5 , 7.8 × 10 ? 5 , 9.8 × 10 ? 5 and 7.9 × 10 ? 5",10.1039/C6TA06840E,31/01/2017,,Unknown,4.9572057231039914e-05,multi_value,ok
4031,Sb2O3,Scm?1,0.08,10.1016/j.jpowsour.2015.12.043,21/12/2015,,Unknown,0.08,single_plain,ok
4032,SiO2,mScm?1,1.16,10.1016/j.matchemphys.2008.11.062,08/01/2009,,Unknown,1.16,single_plain,ok
5,Li4Ti5O12,Scm?1,2.9 × 10 ? 9,10.1016/j.jpowsour.2010.02.020,17/02/2010,Perovskite,Pm-3m (221); Pnma (62); Amm2 (38),2.9e-09,single_sci,ok
6,Li4Ti5O12,Scm?1,1.7 × 10 ? 2,10.1016/j.materresbull.2017.09.015,09/09/2017,Perovskite,Pm-3m (221); Pnma (62); Amm2 (38),0.017,single_sci,ok
27,Li4Ti5O12,Scm?1,7.3 × 10 ? 9 and 1.6 × 10 ? 6,10.1016/j.ceramint.2016.12.116,23/12/2016,Perovskite,Pm-3m (221); Pnma (62); Amm2 (38),1.080740486888505e-07,multi_value,ok
90,Li4Ti5O12,Scm?1, 10 ? 14,10.1016/j.ceramint.2016.01.071,15/01/2016,Perovskite,Pm-3m (221); Pnma (62); Amm2 (38),1e-14,power_of_ten_leading_dash,ok
100,Li0.5La0.5TiO3,S/cm,10 ? 9,10.1016/j.jallcom.2017.12.361,02/01/2018,Perovskite,Pm-3m (221); Pnma (62); Amm2 (38),1e-09,power_of_ten,ok
102,Li4Ti5O12,Scm?1,5.478 × 10 ? 6,10.1016/j.jpcs.2013.04.021,24/05/2013,Perovskite,Pm-3m (221); Pnma (62); Amm2 (38),5.478e-06,single_sci,ok
111,Li4Ti5O12,S/cm,8.8 × 10 ? 9,10.1016/j.ceramint.2019.05.015,04/05/2019,Perovskite,Pm-3m (221); Pnma (62); Amm2 (38),8.800000000000001e-09,single_sci,ok
125,Li4Ti5O12,S/cm,10 ? 13,10.1016/j.cclet.2017.11.034,26/11/2017,Perovskite,Pm-3m (221); Pnma (62); Amm2 (38),1e-13,power_of_ten,ok
166,Li0.5La0.5TiO3,Scm?1,2 × 10 ? 6,10.1016/j.ceramint.2015.08.067,21/08/2015,Perovskite,Pm-3m (221); Pnma (62); Amm2 (38),2e-06,single_sci,ok
184,Li4Ti5O12,Scm?1,10  13,10.1016/j.ceramint.2018.06.123,15/06/2018,Perovskite,Pm-3m (221); Pnma (62); Amm2 (38),1e-13,power_of_ten,ok
191,La2 / 3?xLi3xTiO3,Scm?1,1.0 × 10 ? 3,10.1016/j.ssi.2004.06.013,11/09/2004,Perovskite,Pm-3m (221); Pnma (62); Amm2 (38),0.001,single_sci,ok
196,Li4Ti5O12,S/cm,10 ? 13,10.1016/j.jpowsour.2017.11.016,14/11/2017,Perovskite,Pm-3m (221); Pnma (62); Amm2 (38),1e-13,power_of_ten,ok
205,Li4Ti5O12,Scm?1,1.0 × 10 ? 8 to 1.0 × 10 ? 7,10.1016/j.actamat.2019.06.014,11/06/2019,Perovskite,Pm-3m (221); Pnma (62); Amm2 (38),3.162277660168379e-08,range_to,ok
214,Li4Ti5O12,Scm?1,1.127 × 10 ? 9 and 6.615 × 10 ? 10,10.1016/j.electacta.2010.04.068,24/04/2010,Perovskite,Pm-3m (221); Pnma (62); Amm2 (38),8.634294991485997e-10,multi_value,ok
254,Li4Ti5O12,Scm?1,1.127 × 10 ? 9 and 6.615 × 10 ? 10,10.1016/j.electacta.2010.04.068,24/04/2010,Perovskite,Pm-3m (221); Pnma (62); Amm2 (38),8.634294991485997e-10,multi_value,ok
255,Li4Ti5O12,S/cm, 10 ? 13,10.1016/j.jelechem.2019.113441,31/08/2019,Perovskite,Pm-3m (221); Pnma (62); Amm2 (38),1e-13,power_of_ten_leading_dash,ok
300,La2 / 3?xLi3xTiO3,Scm?1, 10 ? 5,10.1039/C0JM04372A,28/06/2011,Perovskite,Pm-3m (221); Pnma (62); Amm2 (38),1e-05,power_of_ten_leading_dash,ok
312,Li4Ti5O12,Scm?1,1.6 × 10 ? 8 and 3.4 × 10 ? 5,10.1039/C2RA21603E,08/10/2012,Perovskite,Pm-3m (221); Pnma (62); Amm2 (38),7.375635565834314e-07,multi_value,ok
325,Li4Ti5O12,Scm?1,10 ? 13,10.1016/j.jpowsour.2012.10.086,07/11/2012,Perovskite,Pm-3m (221); Pnma (62); Amm2 (38),1e-13,power_of_ten,ok
348,Li4Ti5O12,Scm?1,10 ? 13,10.1016/j.ssi.2018.07.009,14/07/2018,Perovskite,Pm-3m (221); Pnma (62); Amm2 (38),1e-13,power_of_ten,ok
365,Li4Ti5O12,Scm?1,10 ? 13,10.1039/C5TA06844D,05/01/2016,Perovskite,Pm-3m (221); Pnma (62); Amm2 (38),1e-13,power_of_ten,ok
376,Li0.35La0.55TiO3,Scm?1, 10 ? 4,10.1016/j.materresbull.2013.04.006,11/04/2013,Perovskite,Pm-3m (221); Pnma (62); Amm2 (38),0.0001,power_of_ten_leading_dash,ok
407,Li4Ti5O12,Scm?1,to 4.0 × 10 ? 8,10.1016/j.electacta.2014.07.122,10/08/2014,Perovskite,Pm-3m (221); Pnma (62); Amm2 (38),4e-08,open_upper,ok
461,Li4Ti5O12,Scm?1,10 ? 13,10.1039/C3TA13206D,12/11/2013,Perovskite,Pm-3m (221); Pnma (62); Amm2 (38),1e-13,power_of_ten,ok
462,Li4Ti5O12,Scm?1,8.53 × 10 ? 3,10.1016/j.jpowsour.2013.06.156,05/07/2013,Perovskite,Pm-3m (221); Pnma (62); Amm2 (38),0.00853,single_sci,ok
497,TiNb2O7,Scm?1,1.01 × 10 ? 7,10.1039/C5TA01073J,07/04/2015,Perovskite,Pm-3m (221); Pnma (62); Amm2 (38),1.0099999999999999e-07,single_sci,ok
512,Li4Ti5O12,Scm?1,4.6 × 10 ? 7 and 1.01 × 10 ? 6,10.1016/j.nanoen.2016.01.005,15/01/2016,Perovskite,Pm-3m (221); Pnma (62); Amm2 (38),6.816157275180781e-07,multi_value,ok
545,Li4Ti5O12,Scm?1,3 × 10 ? 10,10.1016/j.electacta.2012.01.099,04/02/2012,Perovskite,Pm-3m (221); Pnma (62); Amm2 (38),3e-10,single_sci,ok
562,Li4Ti5O12,Scm?1,7.3 × 10 ? 9 and 1.6 × 10 ? 6,10.1016/j.ceramint.2016.12.116,23/12/2016,Perovskite,Pm-3m (221); Pnma (62); Amm2 (38),1.080740486888505e-07,multi_value,ok
582,Li4Ti5O12,Scm?1,10 ? 13,10.1016/j.nanoen.2016.01.005,15/01/2016,Perovskite,Pm-3m (221); Pnma (62); Amm2 (38),1e-13,power_of_ten,ok
588,Li4Ti5O12,Scm?1,1.0 × 10 ? 8 to 1.0 × 10 ? 7,10.1016/j.actamat.2019.06.014,11/06/2019,Perovskite,Pm-3m (221); Pnma (62); Amm2 (38),3.162277660168379e-08,range_to,ok
595,Li4Ti5O12,Scm?1,10 ? 2,10.1016/j.jpowsour.2017.06.044,29/06/2017,Perovskite,Pm-3m (221); Pnma (62); Amm2 (38),0.01,power_of_ten,ok
637,Li4Ti5O12,Scm?1,8.53 × 10 ? 3,10.1016/j.mser.2015.10.001,01/12/2015,Perovskite,Pm-3m (221); Pnma (62); Amm2 (38),0.00853,single_sci,ok
655,Li4Ti5O12,Scm?1,1.72 × 10 ? 6,10.1016/j.electacta.2012.08.128,07/09/2012,Perovskite,Pm-3m (221); Pnma (62); Amm2 (38),1.7199999999999998e-06,single_sci,ok
667,Li4Ti5O12,S/cm,1 × 10 ? 13,10.1016/j.cclet.2015.06.009,16/06/2015,Perovskite,Pm-3m (221); Pnma (62); Amm2 (38),1e-13,single_sci,ok
675,Li4Ti5O12,Scm?1,10 ? 9,10.1016/j.electacta.2007.12.052,03/01/2008,Perovskite,Pm-3m (221); Pnma (62); Amm2 (38),1e-09,power_of_ten,ok
706,Li4Ti5O12,Scm?1,10 ? 8,10.1039/C3TA13676K,19/11/2013,Perovskite,Pm-3m (221); Pnma (62); Amm2 (38),1e-08,power_of_ten,ok
719,Li4Ti5O12,Scm?1,10 ? 13,10.1016/j.apsusc.2018.03.238,31/03/2018,Perovskite,Pm-3m (221); Pnma (62); Amm2 (38),1e-13,power_of_ten,ok
733,Li4Ti5O12,Scm?1,10 ? 13,10.1039/C6RA25651A,13/01/2017,Perovskite,Pm-3m (221); Pnma (62); Amm2 (38),1e-13,power_of_ten,ok
737,Li0.34La0.5TiO2.98,S/cm,3,10.1016/j.ceramint.2017.05.201,25/05/2017,Perovskite,Pm-3m (221); Pnma (62); Amm2 (38),3.0,single_plain,ok
767,Li0.35La0.55TiO3,Scm?1,- 10 ? 4,10.1016/j.compositesb.2017.05.025,09/05/2017,Perovskite,Pm-3m (221); Pnma (62); Amm2 (38),0.0001,power_of_ten_leading_dash,ok
775,Li4Ti5O12,Scm?1,6.6 × 10 ? 8,10.1016/j.electacta.2016.11.013,05/11/2016,Perovskite,Pm-3m (221); Pnma (62); Amm2 (38),6.6e-08,single_sci,ok
779,Li4Ti5O12,Scm?1,10 ? 9,10.1016/j.mser.2015.10.001,01/12/2015,Perovskite,Pm-3m (221); Pnma (62); Amm2 (38),1e-09,power_of_ten,ok
788,Li4Ti5O12,Scm?1,10 ? 13,10.1016/j.mser.2015.10.001,01/12/2015,Perovskite,Pm-3m (221); Pnma (62); Amm2 (38),1e-13,power_of_ten,ok
829,Li4Ti5O12,Scm?1,10 ? 13,10.1016/j.ceramint.2016.07.112,18/07/2016,Perovskite,Pm-3m (221); Pnma (62); Amm2 (38),1e-13,power_of_ten,ok
838,Li4Ti5O12,Scm?1,2.21 × 10 ? 6,10.1016/j.electacta.2014.07.103,04/08/2014,Perovskite,Pm-3m (221); Pnma (62); Amm2 (38),2.21e-06,single_sci,ok
841,TiNb2O7,Scm?1,3.25 × 10 ? 7,10.1016/j.jallcom.2017.09.045,06/09/2017,Perovskite,Pm-3m (221); Pnma (62); Amm2 (38),3.2499999999999996e-07,single_sci,ok
847,Li0.5La0.5TiO3,Scm?1,6.7419 × 10 ? 4,10.1016/j.jpcs.2015.12.015,29/12/2015,Perovskite,Pm-3m (221); Pnma (62); Amm2 (38),0.0006741900000000001,single_sci,ok
848,Li0.5La0.5TiO3,S/cm,10 ? 4,10.1016/j.electacta.2010.01.036,18/01/2010,Perovskite,Pm-3m (221); Pnma (62); Amm2 (38),0.0001,power_of_ten,ok
852,Li4Ti5O12,Scm?1,9,10.1016/j.electacta.2007.12.052,03/01/2008,Perovskite,Pm-3m (221); Pnma (62); Amm2 (38),9.0,single_plain,ok
887,Li4Ti5O12,Scm?1,3.349 × 10 ? 8,10.1039/C5RA03549J,02/06/2015,Perovskite,Pm-3m (221); Pnma (62); Amm2 (38),3.3490000000000004e-08,single_sci,ok
898,Li4Ti5O12,Scm?1,4.512 × 10 ? 8,10.1039/C5RA03549J,02/06/2015,Perovskite,Pm-3m (221); Pnma (62); Amm2 (38),4.5119999999999996e-08,single_sci,ok
915,Li4Ti5O12,Scm?1,10 ? 13,10.1016/j.apsusc.2019.01.227,30/01/2019,Perovskite,Pm-3m (221); Pnma (62); Amm2 (38),1e-13,power_of_ten,ok
950,Li4Ti5O12,Scm?1,10 ? 13,10.1039/C3RA42759E,05/08/2013,Perovskite,Pm-3m (221); Pnma (62); Amm2 (38),1e-13,power_of_ten,ok
955,Li4Ti5O12,Scm?1,1.7 × 10 ? 6,10.1016/j.jpowsour.2014.05.002,14/05/2014,Perovskite,Pm-3m (221); Pnma (62); Amm2 (38),1.6999999999999998e-06,single_sci,ok
968,Li4Ti5O12,Scm?1,10 ? 11,10.1016/j.electacta.2015.12.085,15/12/2015,Perovskite,Pm-3m (221); Pnma (62); Amm2 (38),1e-11,power_of_ten,ok
974,Li0.5La0.5TiO3,S/cm,2.06 × 10 ? 3 and 5.02 × 10 ? 3,10.1016/j.jallcom.2008.04.085,18/06/2008,Perovskite,Pm-3m (221); Pnma (62); Amm2 (38),0.0032157736238734194,multi_value,ok
1000,Li4Ti5O12,Scm?1,1 × 10 ? 5,10.1016/j.jpowsour.2008.02.019,19/02/2008,Perovskite,Pm-3m (221); Pnma (62); Amm2 (38),1e-05,single_sci,ok
1073,Li4Ti5O12,Scm?1,7.9 × 10 ? 7,10.1039/C6TA06874J,01/11/2016,Perovskite,Pm-3m (221); Pnma (62); Amm2 (38),7.9e-07,single_sci,ok
1083,Li4Ti5O12,Scm?1,6.0 × 10 ? 7,10.1016/j.electacta.2014.07.122,10/08/2014,Perovskite,Pm-3m (221); Pnma (62); Amm2 (38),6e-07,single_sci,ok
1099,Li0.5La0.5TiO3,Scm?1,4.446 × 10 ? 4,10.1016/j.jpcs.2015.12.015,29/12/2015,Perovskite,Pm-3m (221); Pnma (62); Amm2 (38),0.0004446,single_sci,ok
1122,Li4Ti5O12,Scm?1,"2.59 × 10 ? 10 , 9.16 × 10 ? 10 , 7.76 × 10 ? 8 and 4.25 × 10 ? 9",10.1016/j.ssi.2019.02.016,20/02/2019,Perovskite,Pm-3m (221); Pnma (62); Amm2 (38),2.9741404403416725e-09,multi_value,ok
1125,TiNb2O7,Scm?1,1 × 10 ? 11,10.1016/j.jpowsour.2016.08.027,13/08/2016,Perovskite,Pm-3m (221); Pnma (62); Amm2 (38),1e-11,single_sci,ok
1127,La(2?x) / 3LixTiO3,Scm?1,10 ? 4,10.1039/C4TA07040B,03/02/2015,Perovskite,Pm-3m (221); Pnma (62); Amm2 (38),0.0001,power_of_ten,ok
1142,Li4Ti5O12,Scm?1,1.6 × 10 ? 8 and 3.4 × 10 ? 5,10.1039/C2RA21603E,08/10/2012,Perovskite,Pm-3m (221); Pnma (62); Amm2 (38),7.375635565834314e-07,multi_value,ok
1150,Li4Ti5O12,Scm?1,5.6 × 10 ? 7,10.1016/j.electacta.2014.07.122,10/08/2014,Perovskite,Pm-3m (221); Pnma (62); Amm2 (38),5.599999999999999e-07,single_sci,ok
1248,Li4Ti5O12,Scm?1,to 2.9 × 10 ? 1,10.1016/j.electacta.2011.07.051,23/07/2011,Perovskite,Pm-3m (221); Pnma (62); Amm2 (38),0.29,open_upper,ok
1249,Li4Ti5O12,Scm?1,3.63 × 10 ? 7,10.1016/j.jpowsour.2013.06.149,05/07/2013,Perovskite,Pm-3m (221); Pnma (62); Amm2 (38),3.6299999999999995e-07,single_sci,ok
1282,Li0.5La0.5TiO3,Scm?1,1.52 × 10 ? 4,10.1016/j.jpcs.2015.12.015,29/12/2015,Perovskite,Pm-3m (221); Pnma (62); Amm2 (38),0.000152,single_sci,ok
1328,Li4Ti5O12,Scm?1,"2.59 × 10 ? 10 , 9.16 × 10 ? 10 , 7.76 × 10 ? 8 and 4.25 × 10 ? 9",10.1016/j.ssi.2019.02.016,20/02/2019,Perovskite,Pm-3m (221); Pnma (62); Amm2 (38),2.9741404403416725e-09,multi_value,ok
1352,Li4Ti5O12,Scm?1,10 ? 9,10.1016/j.ssi.2018.06.005,15/06/2018,Perovskite,Pm-3m (221); Pnma (62); Amm2 (38),1e-09,power_of_ten,ok
1427,Li0.34La0.5TiO2.98,Scm?1,2.2 × 10 ? 3,10.1039/C4TA02289K,29/07/2014,Perovskite,Pm-3m (221); Pnma (62); Amm2 (38),0.0022,single_sci,ok
1444,Li4Ti5O12,Scm?1,7.9 × 10 ? 6,10.1016/j.jpcs.2011.03.013,25/03/2011,Perovskite,Pm-3m (221); Pnma (62); Amm2 (38),7.9e-06,single_sci,ok
1464,Li4Ti5O12,Scm?1,4.7 × 10 ? 7,10.1016/j.electacta.2016.11.013,05/11/2016,Perovskite,Pm-3m (221); Pnma (62); Amm2 (38),4.7e-07,single_sci,ok
1479,Li4Ti5O12,Scm?1,10 ? 13,10.1016/j.electacta.2016.07.134,25/07/2016,Perovskite,Pm-3m (221); Pnma (62); Amm2 (38),1e-13,power_of_ten,ok
1494,Li0.5La0.5TiO3,S/cm,10 ? 6,10.1016/j.jallcom.2017.12.361,02/01/2018,Perovskite,Pm-3m (221); Pnma (62); Amm2 (38),1e-06,power_of_ten,ok
1498,Li2SrTa2O7,Scm?1,3.5 × 10 ? 6,10.1039/C8TA05187A,13/11/2018,Perovskite,Pm-3m (221); Pnma (62); Amm2 (38),3.5e-06,single_sci,ok
1508,Li4Ti5O12,Scm?1,10 ? 13,10.1016/j.ceramint.2016.06.121,20/06/2016,Perovskite,Pm-3m (221); Pnma (62); Amm2 (38),1e-13,power_of_ten,ok
1535,Li4Ti5O12,Scm?1,10 ? 13,10.1016/j.jpowsour.2012.01.068,18/01/2012,Perovskite,Pm-3m (221); Pnma (62); Amm2 (38),1e-13,power_of_ten,ok
1543,Li4Ti5O12,Scm?1,4.3 × 10 ? 10,10.1016/j.electacta.2013.01.132,08/02/2013,Perovskite,Pm-3m (221); Pnma (62); Amm2 (38),4.3e-10,single_sci,ok
1545,Li4Ti5O12,Scm?1,8,10.1016/j.jpowsour.2011.08.114,07/09/2011,Perovskite,Pm-3m (221); Pnma (62); Amm2 (38),8.0,single_plain,ok
1599,Li4Ti5O12,Scm?1,10 ? 2,10.1016/j.electacta.2017.02.064,14/02/2017,Perovskite,Pm-3m (221); Pnma (62); Amm2 (38),0.01,power_of_ten,ok
1605,Li4Ti5O12,Scm?1,10 ? 13,10.1039/C3TA14347C,21/01/2014,Perovskite,Pm-3m (221); Pnma (62); Amm2 (38),1e-13,power_of_ten,ok
1609,Li4Ti5O12,Scm?1,10 ? 13,10.1016/j.electacta.2013.11.095,28/11/2013,Perovskite,Pm-3m (221); Pnma (62); Amm2 (38),1e-13,power_of_ten,ok
1645,Li4Ti5O12,Scm?1,1.44 × 10 ? 7,10.1039/C6RA20958K,06/10/2016,Perovskite,Pm-3m (221); Pnma (62); Amm2 (38),1.44e-07,single_sci,ok
1646,Li4Ti5O12,S/cm,2.5 × 10 ? 7 and 5 × 10 ? 7,10.1016/j.elecom.2004.08.013,11/09/2004,Perovskite,Pm-3m (221); Pnma (62); Amm2 (38),3.535533905932737e-07,multi_value,ok
1760,Li4Ti5O12,Scm?1,3.6 × 10 ? 8,10.1016/j.jpowsour.2013.09.120,18/10/2013,Perovskite,Pm-3m (221); Pnma (62); Amm2 (38),3.6000000000000005e-08,single_sci,ok
1779,Li4Ti5O12,Scm?1,"2.5 × 10 ? 7 , 1.45 × 10 ? 6 and 1.3 × 10 ? 7",10.1016/j.mser.2015.10.001,01/12/2015,Perovskite,Pm-3m (221); Pnma (62); Amm2 (38),3.612022561951632e-07,multi_value,ok
1789,Li0.5La0.5TiO3,S/cm,10 ? 3,10.1016/j.jallcom.2017.12.361,02/01/2018,Perovskite,Pm-3m (221); Pnma (62); Amm2 (38),0.001,power_of_ten,ok
1795,Li4Ti5O12,Scm?1,10 ? 9,10.1016/j.matlet.2015.12.005,02/12/2015,Perovskite,Pm-3m (221); Pnma (62); Amm2 (38),1e-09,power_of_ten,ok
1810,Li0.5La0.5TiO3,S/cm,10 ? 3,10.1016/j.jallcom.2008.04.085,18/06/2008,Perovskite,Pm-3m (221); Pnma (62); Amm2 (38),0.001,power_of_ten,ok
1830,Li4Ti5O12,Scm?1, 10 ? 13,10.1016/j.electacta.2012.01.099,04/02/2012,Perovskite,Pm-3m (221); Pnma (62); Amm2 (38),1e-13,power_of_ten_leading_dash,ok
1832,Li0.5La0.5TiO3,Scm?1,3.13 × 10 ? 7,10.1016/j.ceramint.2015.08.067,21/08/2015,Perovskite,Pm-3m (221); Pnma (62); Amm2 (38),3.1299999999999996e-07,single_sci,ok
1840,Li2SrTa2O7,Scm?1,5.0 × 10 ? 7,10.1039/C8TA05187A,13/11/2018,Perovskite,Pm-3m (221); Pnma (62); Amm2 (38),5e-07,single_sci,ok
1844,Li4Ti5O12,Scm?1,10 ? 2,10.1016/j.mser.2015.10.001,01/12/2015,Perovskite,Pm-3m (221); Pnma (62); Amm2 (38),0.01,power_of_ten,ok
1865,Li4Ti5O12,Scm?1,5.24 × 10 ? 3,10.1016/j.mser.2015.10.001,01/12/2015,Perovskite,Pm-3m (221); Pnma (62); Amm2 (38),0.005240000000000001,single_sci,ok
1868,Li4Ti5O12,Scm?1, 10 ? 13,10.1016/j.matlet.2018.04.046,11/04/2018,Perovskite,Pm-3m (221); Pnma (62); Amm2 (38),1e-13,power_of_ten_leading_dash,ok
1872,Li4Ti5O12,Scm?1,2.65 × 10 ? 7,10.1016/j.jpowsour.2012.08.039,21/08/2012,Perovskite,Pm-3m (221); Pnma (62); Amm2 (38),2.65e-07,single_sci,ok
1881,Li4Ti5O12,Scm?1,10 ? 9,10.1039/C2RA21603E,08/10/2012,Perovskite,Pm-3m (221); Pnma (62); Amm2 (38),1e-09,power_of_ten,ok
1914,Li4Ti5O12,S/cm,10 ? 9,10.1016/j.materresbull.2017.09.015,09/09/2017,Perovskite,Pm-3m (221); Pnma (62); Amm2 (38),1e-09,power_of_ten,ok
1942,Li4Ti5O12,Scm?1,10  12,10.1016/j.ceramint.2018.10.219,28/10/2018,Perovskite,Pm-3m (221); Pnma (62); Amm2 (38),1e-12,power_of_ten,ok
1966,Li4Ti5O12,Scm?1,6.9 × 10 ? 6 and 1.2 × 10 ? 7,10.1016/j.materresbull.2015.11.050,28/11/2015,Perovskite,Pm-3m (221); Pnma (62); Amm2 (38),9.099450532861867e-07,multi_value,ok
2004,Li4Ti5O12,Scm?1, 10 ? 14,10.1016/j.jpowsour.2018.07.086,23/07/2018,Perovskite,Pm-3m (221); Pnma (62); Amm2 (38),1e-14,power_of_ten_leading_dash,ok
2021,Li4Ti5O12,Scm?1,"2.59 × 10 ? 10 , 9.16 × 10 ? 10 , 7.76 × 10 ? 8 and 4.25 × 10 ? 9",10.1016/j.ssi.2019.02.016,20/02/2019,Perovskite,Pm-3m (221); Pnma (62); Amm2 (38),2.9741404403416725e-09,multi_value,ok
2031,Li4Ti5O12,Scm?1,1 × 10 ? 13,10.1039/C4RA03931A,22/07/2014,Perovskite,Pm-3m (221); Pnma (62); Amm2 (38),1e-13,single_sci,ok
2063,Li4Ti5O12,Scm?1,8.96 × 10 ? 6,10.1016/j.jpcs.2013.04.021,24/05/2013,Perovskite,Pm-3m (221); Pnma (62); Amm2 (38),8.96e-06,single_sci,ok
2078,Li0.5LaTiO3.75,Scm?1,7.9(8) × 10 ? 8,10.1039/B920837B,19/01/2010,Perovskite,Pm-3m (221); Pnma (62); Amm2 (38),,unknown,manual_review
2106,Li4Ti5O12,S/cm,10 ? 13,10.1016/j.matlet.2014.07.008,09/07/2014,Perovskite,Pm-3m (221); Pnma (62); Amm2 (38),1e-13,power_of_ten,ok
2112,Li4Ti5O12,Scm?1,10 ? 2,10.1016/j.electacta.2015.10.135,11/11/2015,Perovskite,Pm-3m (221); Pnma (62); Amm2 (38),0.01,power_of_ten,ok
2120,Li4Ti5O12,Scm?1,1.27 × 10 ? 2,10.1039/C5RA06374D,26/06/2015,Perovskite,Pm-3m (221); Pnma (62); Amm2 (38),0.012700000000000001,single_sci,ok
2147,Li4Ti5O12,Scm?1,10 ? 13,10.1016/j.ssi.2018.04.020,05/05/2018,Perovskite,Pm-3m (221); Pnma (62); Amm2 (38),1e-13,power_of_ten,ok
2151,Li4Ti5O12,Scm?1,10 ? 6,10.1016/j.mser.2015.10.001,01/12/2015,Perovskite,Pm-3m (221); Pnma (62); Amm2 (38),1e-06,power_of_ten,ok
2176,Li4Ti5O12,Scm?1,6.9 × 10 ? 6 and 1.2 × 10 ? 7,10.1016/j.materresbull.2015.11.050,28/11/2015,Perovskite,Pm-3m (221); Pnma (62); Amm2 (38),9.099450532861867e-07,multi_value,ok
2184,Li4Ti5O12,Scm?1,10 ? 13,10.1039/C4TA04980B,27/01/2015,Perovskite,Pm-3m (221); Pnma (62); Amm2 (38),1e-13,power_of_ten,ok
2195,Li4Ti5O12,Scm?1,13,10.1016/j.mser.2015.10.001,01/12/2015,Perovskite,Pm-3m (221); Pnma (62); Amm2 (38),13.0,single_plain,ok
2202,Li4Ti5O12,Scm?1,10 ? 13,10.1016/j.jpowsour.2014.05.002,14/05/2014,Perovskite,Pm-3m (221); Pnma (62); Amm2 (38),1e-13,power_of_ten,ok
2223,Li4Ti5O12,Scm?1,10 ? 13,10.1016/j.jallcom.2013.10.134,30/10/2013,Perovskite,Pm-3m (221); Pnma (62); Amm2 (38),1e-13,power_of_ten,ok
2244,Li4Ti5O12,Scm?1,to 2.16,10.1039/C2EE03410G,26/04/2012,Perovskite,Pm-3m (221); Pnma (62); Amm2 (38),2.16,open_upper,ok
2259,Li4Ti5O12,Scm?1,10  12,10.1016/j.ceramint.2018.10.219,28/10/2018,Perovskite,Pm-3m (221); Pnma (62); Amm2 (38),1e-12,power_of_ten,ok
2318,Li4Ti5O12,Scm?1,10 ? 13,10.1016/j.jpowsour.2016.05.033,18/05/2016,Perovskite,Pm-3m (221); Pnma (62); Amm2 (38),1e-13,power_of_ten,ok
2322,Li4Ti5O12,Scm?1,10 ? 9,10.1016/j.jpowsour.2008.02.019,19/02/2008,Perovskite,Pm-3m (221); Pnma (62); Amm2 (38),1e-09,power_of_ten,ok
2340,Li4Ti5O12,S/cm,10 ? 5,10.1016/j.electacta.2013.01.118,30/01/2013,Perovskite,Pm-3m (221); Pnma (62); Amm2 (38),1e-05,power_of_ten,ok
2341,Li4Ti5O12,Scm?1,10 ? 13,10.1039/C7RA02503C,29/03/2017,Perovskite,Pm-3m (221); Pnma (62); Amm2 (38),1e-13,power_of_ten,ok
2367,Li4Ti5O12,Scm?1, 10 ? 13,10.1039/C2JM33346E,07/08/2012,Perovskite,Pm-3m (221); Pnma (62); Amm2 (38),1e-13,power_of_ten_leading_dash,ok
2421,Li4Ti5O12,Scm?1,10 ? 9,10.1016/j.materresbull.2011.01.007,16/01/2011,Perovskite,Pm-3m (221); Pnma (62); Amm2 (38),1e-09,power_of_ten,ok
2440,Li0.18La0.61TiO3,Scm?1,5 × 10 ? 4,10.1039/C3CE42003E,16/01/2014,Perovskite,Pm-3m (221); Pnma (62); Amm2 (38),0.0005,single_sci,ok
2450,Li0.5La0.5TiO3,S/cm,6.76 × 10 ? 4,10.1016/j.jallcom.2017.12.361,02/01/2018,Perovskite,Pm-3m (221); Pnma (62); Amm2 (38),0.0006760000000000001,single_sci,ok
2462,Li4Ti5O12,Scm?1,8.1 × 10 ? 6,10.1016/j.mser.2015.10.001,01/12/2015,Perovskite,Pm-3m (221); Pnma (62); Amm2 (38),8.099999999999999e-06,single_sci,ok
2473,Li4Ti5O12,Scm?1,10 ? 13,10.1016/j.electacta.2014.07.103,04/08/2014,Perovskite,Pm-3m (221); Pnma (62); Amm2 (38),1e-13,power_of_ten,ok
2485,Li4Ti5O12,Scm?1,10  13,10.1016/j.ceramint.2016.12.116,23/12/2016,Perovskite,Pm-3m (221); Pnma (62); Amm2 (38),1e-13,power_of_ten,ok
2500,Li4Ti5O12,S/cm,10 ? 13,10.1016/j.jpcs.2017.04.011,21/04/2017,Perovskite,Pm-3m (221); Pnma (62); Amm2 (38),1e-13,power_of_ten,ok
2512,Li4Ti5O12,Scm?1,1.58 × 10 ? 9,10.1016/j.mser.2015.10.001,01/12/2015,Perovskite,Pm-3m (221); Pnma (62); Amm2 (38),1.5800000000000001e-09,single_sci,ok
2514,Li4Ti5O12,Scm?1,10 ? 3,10.1016/j.jpowsour.2010.09.060,29/09/2010,Perovskite,Pm-3m (221); Pnma (62); Amm2 (38),0.001,power_of_ten,ok
2522,Li0.5La0.5TiO3,Scm?1,1.41 × 10 ? 3,10.1016/j.jpcs.2015.12.015,29/12/2015,Perovskite,Pm-3m (221); Pnma (62); Amm2 (38),0.00141,single_sci,ok
2555,Li4Ti5O12,Scm?1,9.3 × 10 ? 4,10.1016/j.electacta.2013.01.132,08/02/2013,Perovskite,Pm-3m (221); Pnma (62); Amm2 (38),0.0009300000000000002,single_sci,ok
2581,Li4Ti5O12,Scm?1,10 ? 13,10.1016/j.electacta.2018.04.173,25/04/2018,Perovskite,Pm-3m (221); Pnma (62); Amm2 (38),1e-13,power_of_ten,ok
2603,Li4Ti5O12,Scm?1,10 ? 5,10.1016/j.mser.2015.10.001,01/12/2015,Perovskite,Pm-3m (221); Pnma (62); Amm2 (38),1e-05,power_of_ten,ok
2608,Li4Ti5O12,Scm?1,3 × 10 ? 8,10.1016/j.jpowsour.2008.02.019,19/02/2008,Perovskite,Pm-3m (221); Pnma (62); Amm2 (38),3.0000000000000004e-08,single_sci,ok
2614,Li0.5La0.5TiO3,Scm?1,3.10 × 10 ? 7,10.1016/j.ceramint.2015.08.067,21/08/2015,Perovskite,Pm-3m (221); Pnma (62); Amm2 (38),3.1e-07,single_sci,ok
2616,Li0.5La0.5TiO3,Scm?1,9.4 × 10 ? 7,10.1016/j.ceramint.2015.08.067,21/08/2015,Perovskite,Pm-3m (221); Pnma (62); Amm2 (38),9.4e-07,single_sci,ok
2625,Li4Ti5O12,Scm?1,10 ? 9,10.1016/j.matchemphys.2011.06.062,23/07/2011,Perovskite,Pm-3m (221); Pnma (62); Amm2 (38),1e-09,power_of_ten,ok
2626,Li4Ti5O12,S/cm,1.01 × 10 ? 5 and 8.82 × 10 ? 4,10.1016/j.electacta.2006.10.044,29/11/2006,Perovskite,Pm-3m (221); Pnma (62); Amm2 (38),9.438326122782589e-05,multi_value,ok
2634,Li4Ti5O12,Scm?1,4 × 10 ? 5,10.1016/j.jpowsour.2012.01.068,18/01/2012,Perovskite,Pm-3m (221); Pnma (62); Amm2 (38),4e-05,single_sci,ok
2640,Li4Ti5O12,Scm?1, 10 ? 7,10.1016/j.jallcom.2015.08.070,12/08/2015,Perovskite,Pm-3m (221); Pnma (62); Amm2 (38),1e-07,power_of_ten_leading_dash,ok
2650,Li4Ti5O12,Scm?1,10 ? 13,10.1039/C5RA17522D,28/10/2015,Perovskite,Pm-3m (221); Pnma (62); Amm2 (38),1e-13,power_of_ten,ok
2652,Li0.33La0.56TiO3,Scm?1,0.001,10.1016/j.ceramint.2018.04.013,04/04/2018,Perovskite,Pm-3m (221); Pnma (62); Amm2 (38),0.001,single_plain,ok
2712,Li4Ti5O12,Scm?1,10 ? 2,10.1039/C2CP41227F,06/06/2012,Perovskite,Pm-3m (221); Pnma (62); Amm2 (38),0.01,power_of_ten,ok
2751,Li4Ti5O12,Scm?1,1.0 × 100,10.1016/j.actamat.2019.06.014,11/06/2019,Perovskite,Pm-3m (221); Pnma (62); Amm2 (38),1.0,single_sci,ok
2761,Li0.5La0.5TiO3,Scm?1,1.043 × 10 ? 6,10.1016/j.ceramint.2015.08.067,21/08/2015,Perovskite,Pm-3m (221); Pnma (62); Amm2 (38),1.0429999999999998e-06,single_sci,ok
2762,Li4Ti5O12,S/cm,10 ? 13,10.1016/j.ceramint.2019.05.015,04/05/2019,Perovskite,Pm-3m (221); Pnma (62); Amm2 (38),1e-13,power_of_ten,ok
2768,Li0.33La0.56TiO3,Scm?1,4.42 × 10 ? 7,10.1016/j.matlet.2015.04.088,25/04/2015,Perovskite,Pm-3m (221); Pnma (62); Amm2 (38),4.4199999999999996e-07,single_sci,ok
2811,Li4Ti5O12,Scm?1,10 ? 11,10.1016/j.jpowsour.2017.06.044,29/06/2017,Perovskite,Pm-3m (221); Pnma (62); Amm2 (38),1e-11,power_of_ten,ok
2840,Li4Ti5O12,Scm?1, 10 ? 10,10.1039/C1CC16462G,14/12/2011,Perovskite,Pm-3m (221); Pnma (62); Amm2 (38),1e-10,power_of_ten_leading_dash,ok
2844,Li4Ti5O12,S/cm,3.52 × 10 ? 8 and 1.85 × 10 ? 8,10.1016/j.jallcom.2014.09.121,22/09/2014,Perovskite,Pm-3m (221); Pnma (62); Amm2 (38),2.5518620652378545e-08,multi_value,ok
2848,Li0.5La0.5TiO3,Scm?1, 10 ? 7,10.1016/j.ceramint.2015.08.067,21/08/2015,Perovskite,Pm-3m (221); Pnma (62); Amm2 (38),1e-07,power_of_ten_leading_dash,ok
2859,Li4Ti5O12,Scm?1,1.21 × 10 ? 2,10.1039/C0EE00620C,29/03/2011,Perovskite,Pm-3m (221); Pnma (62); Amm2 (38),0.0121,single_sci,ok
2899,Li0.35La0.55TiO3,Scm?1, 10 ? 4,10.1016/j.nanoen.2017.01.028,26/01/2017,Perovskite,Pm-3m (221); Pnma (62); Amm2 (38),0.0001,power_of_ten_leading_dash,ok
2940,Li4Ti5O12,S/cm,10 ? 9,10.1016/j.jallcom.2013.10.167,01/11/2013,Perovskite,Pm-3m (221); Pnma (62); Amm2 (38),1e-09,power_of_ten,ok
2943,Li4Ti5O12,Scm?1,10-102,10.1016/j.electacta.2015.04.113,22/04/2015,Perovskite,Pm-3m (221); Pnma (62); Amm2 (38),1e-102,power_of_ten,ok
3002,Li0.5La0.5TiO3,Scm?1,to 3.52 × 10 ? 7,10.1016/j.ceramint.2015.08.067,21/08/2015,Perovskite,Pm-3m (221); Pnma (62); Amm2 (38),3.52e-07,open_upper,ok
3033,Li4Ti5O12,Scm?1,0.45 × 10 ? 9,10.1039/C3TA11590A,06/08/2013,Perovskite,Pm-3m (221); Pnma (62); Amm2 (38),4.5000000000000005e-10,single_sci,ok
3046,Li4Ti5O12,Scm?1,"3 × 10 ? 10 , 2 × 10 ? 9 and 5 × 10 ? 9",10.1016/j.solidstatesciences.2013.05.012,31/05/2013,Perovskite,Pm-3m (221); Pnma (62); Amm2 (38),1.4422495703074105e-09,multi_value,ok
3047,Li4Ti5O12,Scm?1,10 ? 13,10.1016/j.jmst.2014.02.002,14/05/2014,Perovskite,Pm-3m (221); Pnma (62); Amm2 (38),1e-13,power_of_ten,ok
3057,Li4Ti5O12,Scm?1,"2.59 × 10 ? 10 , 9.16 × 10 ? 10 , 7.76 × 10 ? 8 and 4.25 × 10 ? 9",10.1016/j.ssi.2019.02.016,20/02/2019,Perovskite,Pm-3m (221); Pnma (62); Amm2 (38),2.9741404403416725e-09,multi_value,ok
3093,Li4Ti5O12,Scm?1,2.70 × 10 ? 6,10.1016/j.jallcom.2015.08.070,12/08/2015,Perovskite,Pm-3m (221); Pnma (62); Amm2 (38),2.7e-06,single_sci,ok
3116,Li0.33La0.56TiO3,Scm?1,3.5 × 10 ? 5,10.1039/C3CE42003E,16/01/2014,Perovskite,Pm-3m (221); Pnma (62); Amm2 (38),3.5000000000000004e-05,single_sci,ok
3134,Li4Ti5O12,Scm?1,10  13,10.1016/j.ceramint.2016.12.116,23/12/2016,Perovskite,Pm-3m (221); Pnma (62); Amm2 (38),1e-13,power_of_ten,ok
3146,Li0.5La0.5TiO3,S/cm,2.06 × 10 ? 3 and 5.02 × 10 ? 3,10.1016/j.jallcom.2008.04.085,18/06/2008,Perovskite,Pm-3m (221); Pnma (62); Amm2 (38),0.0032157736238734194,multi_value,ok
3153,Li4Ti5O12,Scm?1,"8.2 × 10 ? 8 , 7.9 × 10 ? 6 and 1.1 × 10 ? 5",10.1016/j.mser.2015.10.001,01/12/2015,Perovskite,Pm-3m (221); Pnma (62); Amm2 (38),1.9243225816777555e-06,multi_value,ok
3154,Li4Ti5O12,Scm?1,10 ? 12,10.1016/j.ssi.2019.03.023,09/04/2019,Perovskite,Pm-3m (221); Pnma (62); Amm2 (38),1e-12,power_of_ten,ok
3159,Li4Ti5O12,Scm?1,10 ? 13,10.1039/C4CP03826F,22/10/2014,Perovskite,Pm-3m (221); Pnma (62); Amm2 (38),1e-13,power_of_ten,ok
3202,Li4Ti5O12,Scm?1,1 × 10 ? 3,10.1016/j.jpowsour.2008.02.019,19/02/2008,Perovskite,Pm-3m (221); Pnma (62); Amm2 (38),0.001,single_sci,ok
3238,Li4Ti5O12,Scm?1,10 ? 13,10.1016/j.actamat.2019.06.014,11/06/2019,Perovskite,Pm-3m (221); Pnma (62); Amm2 (38),1e-13,power_of_ten,ok
3239,Li4Ti5O12,Scm?1,10,10.1016/j.electacta.2013.11.095,28/11/2013,Perovskite,Pm-3m (221); Pnma (62); Amm2 (38),10.0,single_plain,ok
3288,Li4Ti5O12,Scm?1,10  13,10.1016/j.ceramint.2018.06.123,15/06/2018,Perovskite,Pm-3m (221); Pnma (62); Amm2 (38),1e-13,power_of_ten,ok
3293,Li0.5La0.5TiO3,S/cm,10 ? 6,10.1016/j.ceramint.2013.05.131,12/06/2013,Perovskite,Pm-3m (221); Pnma (62); Amm2 (38),1e-06,power_of_ten,ok
3358,Li4Ti5O12,Scm?1,1.0 × 10 ? 5,10.1039/C5TA00887E,26/05/2015,Perovskite,Pm-3m (221); Pnma (62); Amm2 (38),1e-05,single_sci,ok
3427,Li4Ti5O12,Scm?1,10 ? 13,10.1016/j.materresbull.2015.11.050,28/11/2015,Perovskite,Pm-3m (221); Pnma (62); Amm2 (38),1e-13,power_of_ten,ok
3481,Li4Ti5O12,Scm?1,"2.5 × 10 ? 7 , 1.45 × 10 ? 6 and 1.3 × 10 ? 7",10.1016/j.mser.2015.10.001,01/12/2015,Perovskite,Pm-3m (221); Pnma (62); Amm2 (38),3.612022561951632e-07,multi_value,ok
3496,Li0.36La0.53Sr0.03TiO3,Scm?1,1.95 × 10 ? 3,10.1016/j.ssi.2019.03.015,22/03/2019,Perovskite,Pm-3m (221); Pnma (62); Amm2 (38),0.00195,single_sci,ok
3501,Li0.5La0.5TiO3,S/cm,1.12 × 10 ? 3,10.1016/j.jallcom.2017.12.361,02/01/2018,Perovskite,Pm-3m (221); Pnma (62); Amm2 (38),0.0011200000000000001,single_sci,ok
3585,Li4Ti5O12,S/cm,1.01 × 10 ? 5 and 8.82 × 10 ? 4,10.1016/j.electacta.2006.10.044,29/11/2006,Perovskite,Pm-3m (221); Pnma (62); Amm2 (38),9.438326122782589e-05,multi_value,ok
3590,Li4Ti5O12,Scm?1,2.05,10.1039/C2EE03410G,26/04/2012,Perovskite,Pm-3m (221); Pnma (62); Amm2 (38),2.05,single_plain,ok
3617,Li4Ti5O12,Scm?1,10 ? 13,10.1016/j.electacta.2017.11.056,11/11/2017,Perovskite,Pm-3m (221); Pnma (62); Amm2 (38),1e-13,power_of_ten,ok
3623,La2 / 3?xLi3xTiO3,Scm?1,10 ? 3,10.1016/j.ssc.2007.01.040,02/02/2007,Perovskite,Pm-3m (221); Pnma (62); Amm2 (38),0.001,power_of_ten,ok
3634,Li4Ti5O12,Scm?1,"3 × 10 ? 10 , 2 × 10 ? 9 and 5 × 10 ? 9",10.1016/j.solidstatesciences.2013.05.012,31/05/2013,Perovskite,Pm-3m (221); Pnma (62); Amm2 (38),1.4422495703074105e-09,multi_value,ok
3636,Li4Ti5O12,S/cm,5.96 × 10 ? 7,10.1016/j.rinp.2018.02.050,27/02/2018,Perovskite,Pm-3m (221); Pnma (62); Amm2 (38),5.96e-07,single_sci,ok
3640,Li4Ti5O12,Scm?1,3 × 10 ? 10,10.1016/j.mser.2015.10.001,01/12/2015,Perovskite,Pm-3m (221); Pnma (62); Amm2 (38),3e-10,single_sci,ok
3642,Li4Ti5O12,Scm?1,"3 × 10 ? 10 , 2 × 10 ? 9 and 5 × 10 ? 9",10.1016/j.solidstatesciences.2013.05.012,31/05/2013,Perovskite,Pm-3m (221); Pnma (62); Amm2 (38),1.4422495703074105e-09,multi_value,ok
3656,Li4Ti5O12,Scm?1,10 ? 13,10.1016/j.jpowsour.2015.02.021,07/02/2015,Perovskite,Pm-3m (221); Pnma (62); Amm2 (38),1e-13,power_of_ten,ok
3714,Li0.18La0.61TiO3,Scm?1,10 ? 4,10.1039/C3CE42003E,16/01/2014,Perovskite,Pm-3m (221); Pnma (62); Amm2 (38),0.0001,power_of_ten,ok
3727,Li0.18La0.61TiO3,Scm?1,3.76 × 10 ? 4,10.1039/C3CE42003E,16/01/2014,Perovskite,Pm-3m (221); Pnma (62); Amm2 (38),0.000376,single_sci,ok
3732,Li4Ti5O12,Scm?1,10 ? 13,10.1039/B616269J,26/02/2007,Perovskite,Pm-3m (221); Pnma (62); Amm2 (38),1e-13,power_of_ten,ok
3762,Li4Ti5O12,Scm?1,10 ? 13,10.1039/C8EE01419A,10/10/2018,Perovskite,Pm-3m (221); Pnma (62); Amm2 (38),1e-13,power_of_ten,ok
3767,Li4Ti5O12,Scm?1,3.8 × 10 ? 8,10.1039/C5RA11586H,02/09/2015,Perovskite,Pm-3m (221); Pnma (62); Amm2 (38),3.7999999999999996e-08,single_sci,ok
3822,Li4Ti5O12,Scm?1,10 ? 13,10.1039/C6RA16717A,21/09/2016,Perovskite,Pm-3m (221); Pnma (62); Amm2 (38),1e-13,power_of_ten,ok
3829,Li4Ti5O12,S/cm,2.5 × 10 ? 7 and 5 × 10 ? 7,10.1016/j.elecom.2004.08.013,11/09/2004,Perovskite,Pm-3m (221); Pnma (62); Amm2 (38),3.535533905932737e-07,multi_value,ok
3854,Li0.33La0.56TiO3,Scm?1,1.0 × 10 ? 3,10.1039/C3CE42003E,16/01/2014,Perovskite,Pm-3m (221); Pnma (62); Amm2 (38),0.001,single_sci,ok
3864,Li4Ti5O12,Scm?1,"2.5 × 10 ? 7 , 1.45 × 10 ? 6 and 1.3 × 10 ? 7",10.1016/j.mser.2015.10.001,01/12/2015,Perovskite,Pm-3m (221); Pnma (62); Amm2 (38),3.612022561951632e-07,multi_value,ok
3914,Li4Ti5O12,Scm?1,0.083,10.1016/j.mser.2015.10.001,01/12/2015,Perovskite,Pm-3m (221); Pnma (62); Amm2 (38),0.083,single_plain,ok
3949,Li4Ti5O12,Scm?1,10 ? 13,10.1016/j.jpowsour.2012.08.032,20/08/2012,Perovskite,Pm-3m (221); Pnma (62); Amm2 (38),1e-13,power_of_ten,ok
3952,Li4Ti5O12,Scm?1,8.6 × 10 ? 5,10.1039/C6TA06874J,01/11/2016,Perovskite,Pm-3m (221); Pnma (62); Amm2 (38),8.6e-05,single_sci,ok
3974,Li4Ti5O12,S/cm,3.52 × 10 ? 8 and 1.85 × 10 ? 8,10.1016/j.jallcom.2014.09.121,22/09/2014,Perovskite,Pm-3m (221); Pnma (62); Amm2 (38),2.5518620652378545e-08,multi_value,ok
4006,Li4Ti5O12,Scm?1,to 1.1 × 10 ? 5,10.1016/j.jpcs.2011.03.013,25/03/2011,Perovskite,Pm-3m (221); Pnma (62); Amm2 (38),1.1000000000000001e-05,open_upper,ok
4014,Li4Ti5O12,Scm?1,6.952 × 10 ? 6,10.1016/j.jpcs.2013.04.021,24/05/2013,Perovskite,Pm-3m (221); Pnma (62); Amm2 (38),6.952e-06,single_sci,ok
4015,Li4Ti5O12,Scm?1,1.34 × 10 ? 4,10.1016/j.mser.2015.10.001,01/12/2015,Perovskite,Pm-3m (221); Pnma (62); Amm2 (38),0.000134,single_sci,ok
