ID,best_mpid,best_score,best_reasons,best_sg_relation,best_spg_symbol,best_spg_number,best_crystal_system,best_cif_tier,best_deprecated,candidates,error
2,,,,,,,,,,[],
3,,,,,,,,,,[],
4,,,,,,,,,,[],
5,mp-1120754,70,"formula+sg,formula_only",exact,Pnma,62,orthorhombic,no (up to very_loose),FALSE,"[{""mpid"": ""mp-1120754"", ""score"": 70, ""reasons"": ""formula+sg,formula_only"", ""sg_relation"": ""exact"", ""spg_symbol"": ""Pnma"", ""spg_number"": 62, ""crystal_system"": ""orthorhombic"", ""cif_tier"": ""no (up to very_loose)"", ""deprecated"": false}]",
6,,,,,,,,,,[],
34,mp-1120754,70,"formula+sg,formula_only",exact,Pnma,62,orthorhombic,no (up to very_loose),FALSE,"[{""mpid"": ""mp-1120754"", ""score"": 70, ""reasons"": ""formula+sg,formula_only"", ""sg_relation"": ""exact"", ""spg_symbol"": ""Pnma"", ""spg_number"": 62, ""crystal_system"": ""orthorhombic"", ""cif_tier"": ""no (up to very_loose)"", ""deprecated"": false}]",
504,mp-28593,70,"formula+sg,formula_only",exact,Pm-3m,221,cubic,no (up to very_loose),FALSE,"[{""mpid"": ""mp-28593"", ""score"": 70, ""reasons"": ""formula+sg,formula_only"", ""sg_relation"": ""exact"", ""spg_symbol"": ""Pm-3m"", ""spg_number"": 221, ""crystal_system"": ""cubic"", ""cif_tier"": ""no (up to very_loose)"", ""deprecated"": false}]",
664,,,,,,,,,,[],
665,,,,,,,,,,[],
666,,,,,,,,,,[],
667,mp-985585,70,"formula+sg,formula_only",exact,Pm-3m,221,cubic,no (up to very_loose),FALSE,"[{""mpid"": ""mp-985585"", ""score"": 70, ""reasons"": ""formula+sg,formula_only"", ""sg_relation"": ""exact"", ""spg_symbol"": ""Pm-3m"", ""spg_number"": 221, ""crystal_system"": ""cubic"", ""cif_tier"": ""no (up to very_loose)"", ""deprecated"": false}]",
668,,,,,,,,,,[],
669,,,,,,,,,,[],
670,mp-985585,70,"formula+sg,formula_only",exact,Pm-3m,221,cubic,no (up to very_loose),FALSE,"[{""mpid"": ""mp-985585"", ""score"": 70, ""reasons"": ""formula+sg,formula_only"", ""sg_relation"": ""exact"", ""spg_symbol"": ""Pm-3m"", ""spg_number"": 221, ""crystal_system"": ""cubic"", ""cif_tier"": ""no (up to very_loose)"", ""deprecated"": false}]",
671,mp-985585,70,"formula+sg,formula_only",exact,Pm-3m,221,cubic,no (up to very_loose),FALSE,"[{""mpid"": ""mp-985585"", ""score"": 70, ""reasons"": ""formula+sg,formula_only"", ""sg_relation"": ""exact"", ""spg_symbol"": ""Pm-3m"", ""spg_number"": 221, ""crystal_system"": ""cubic"", ""cif_tier"": ""no (up to very_loose)"", ""deprecated"": false}]",
672,mp-985585,70,"formula+sg,formula_only",exact,Pm-3m,221,cubic,no (up to very_loose),FALSE,"[{""mpid"": ""mp-985585"", ""score"": 70, ""reasons"": ""formula+sg,formula_only"", ""sg_relation"": ""exact"", ""spg_symbol"": ""Pm-3m"", ""spg_number"": 221, ""crystal_system"": ""cubic"", ""cif_tier"": ""no (up to very_loose)"", ""deprecated"": false}]",
8,mp-1104386,70,"formula+sg,formula_only",exact,F-43m,216,cubic,no (up to very_loose),FALSE,"[{""mpid"": ""mp-1104386"", ""score"": 70, ""reasons"": ""formula+sg,formula_only"", ""sg_relation"": ""exact"", ""spg_symbol"": ""F-43m"", ""spg_number"": 216, ""crystal_system"": ""cubic"", ""cif_tier"": ""no (up to very_loose)"", ""deprecated"": false}]",
497,mp-985592,70,"formula+sg,formula_only",exact,F-43m,216,cubic,no (up to very_loose),FALSE,"[{""mpid"": ""mp-985592"", ""score"": 70, ""reasons"": ""formula+sg,formula_only"", ""sg_relation"": ""exact"", ""spg_symbol"": ""F-43m"", ""spg_number"": 216, ""crystal_system"": ""cubic"", ""cif_tier"": ""no (up to very_loose)"", ""deprecated"": false}]",
498,mp-985592,70,"formula+sg,formula_only",exact,F-43m,216,cubic,no (up to very_loose),FALSE,"[{""mpid"": ""mp-985592"", ""score"": 70, ""reasons"": ""formula+sg,formula_only"", ""sg_relation"": ""exact"", ""spg_symbol"": ""F-43m"", ""spg_number"": 216, ""crystal_system"": ""cubic"", ""cif_tier"": ""no (up to very_loose)"", ""deprecated"": false}]",
499,mp-985592,70,"formula+sg,formula_only",exact,F-43m,216,cubic,no (up to very_loose),FALSE,"[{""mpid"": ""mp-985592"", ""score"": 70, ""reasons"": ""formula+sg,formula_only"", ""sg_relation"": ""exact"", ""spg_symbol"": ""F-43m"", ""spg_number"": 216, ""crystal_system"": ""cubic"", ""cif_tier"": ""no (up to very_loose)"", ""deprecated"": false}]",
500,mp-985592,70,"formula+sg,formula_only",exact,F-43m,216,cubic,no (up to very_loose),FALSE,"[{""mpid"": ""mp-985592"", ""score"": 70, ""reasons"": ""formula+sg,formula_only"", ""sg_relation"": ""exact"", ""spg_symbol"": ""F-43m"", ""spg_number"": 216, ""crystal_system"": ""cubic"", ""cif_tier"": ""no (up to very_loose)"", ""deprecated"": false}]",
539,,,,,,,,,,[],
561,mp-985591,70,"formula+sg,formula_only",exact,F-43m,216,cubic,no (up to very_loose),FALSE,"[{""mpid"": ""mp-985591"", ""score"": 70, ""reasons"": ""formula+sg,formula_only"", ""sg_relation"": ""exact"", ""spg_symbol"": ""F-43m"", ""spg_number"": 216, ""crystal_system"": ""cubic"", ""cif_tier"": ""no (up to very_loose)"", ""deprecated"": false}]",
582,mp-985582,70,"formula+sg,formula_only",exact,F-43m,216,cubic,no (up to very_loose),FALSE,"[{""mpid"": ""mp-985582"", ""score"": 70, ""reasons"": ""formula+sg,formula_only"", ""sg_relation"": ""exact"", ""spg_symbol"": ""F-43m"", ""spg_number"": 216, ""crystal_system"": ""cubic"", ""cif_tier"": ""no (up to very_loose)"", ""deprecated"": false}, {""mpid"": ""mp-950995"", ""score"": 40, ""reasons"": ""formula_only"", ""sg_relation"": ""mismatch"", ""spg_symbol"": ""Cc"", ""spg_number"": 9, ""crystal_system"": ""monoclinic"", ""cif_tier"": ""no (up to very_loose)"", ""deprecated"": false}]",
583,,,,,,,,,,[],
584,,,,,,,,,,[],
743,,,,,,,,,,[],
744,,,,,,,,,,[],
745,,,,,,,,,,[],
746,,,,,,,,,,[],
747,,,,,,,,,,[],
748,,,,,,,,,,[],
749,,,,,,,,,,[],
750,,,,,,,,,,[],
751,,,,,,,,,,[],
752,,,,,,,,,,[],
753,,,,,,,,,,[],
754,,,,,,,,,,[],
755,mp-985591,70,"formula+sg,formula_only",exact,F-43m,216,cubic,no (up to very_loose),FALSE,"[{""mpid"": ""mp-985591"", ""score"": 70, ""reasons"": ""formula+sg,formula_only"", ""sg_relation"": ""exact"", ""spg_symbol"": ""F-43m"", ""spg_number"": 216, ""crystal_system"": ""cubic"", ""cif_tier"": ""no (up to very_loose)"", ""deprecated"": false}]",
756,,,,,,,,,,[],
784,,,,,,,,,,[],
915,,,,,,,,,,[],
916,,,,,,,,,,[],
17,mp-942733,40,formula_only,mismatch,I4_1/acd,142,tetragonal,no (up to very_loose),FALSE,"[{""mpid"": ""mp-942733"", ""score"": 40, ""reasons"": ""formula_only"", ""sg_relation"": ""mismatch"", ""spg_symbol"": ""I4_1/acd"", ""spg_number"": 142, ""crystal_system"": ""tetragonal"", ""cif_tier"": ""no (up to very_loose)"", ""deprecated"": false}]",
19,,,,,,,,,,[],
20,,,,,,,,,,[],
21,,,,,,,,,,[],
23,,,,,,,,,,[],
24,mp-942733,40,formula_only,mismatch,I4_1/acd,142,tetragonal,no (up to very_loose),FALSE,"[{""mpid"": ""mp-942733"", ""score"": 40, ""reasons"": ""formula_only"", ""sg_relation"": ""mismatch"", ""spg_symbol"": ""I4_1/acd"", ""spg_number"": 142, ""crystal_system"": ""tetragonal"", ""cif_tier"": ""no (up to very_loose)"", ""deprecated"": false}]",
31,,,,,,,,,,[],
41,,,,,,,,,,[],
42,,,,,,,,,,[],
45,,,,,,,,,,[],
46,,,,,,,,,,[],
70,,,,,,,,,,[],
71,,,,,,,,,,[],
72,,,,,,,,,,[],
73,,,,,,,,,,[],
87,,,,,,,,,,[],
88,mp-559776,70,"formula+sg,formula_only",exact,Ia-3d,230,cubic,no (up to very_loose),FALSE,"[{""mpid"": ""mp-559776"", ""score"": 70, ""reasons"": ""formula+sg,formula_only"", ""sg_relation"": ""exact"", ""spg_symbol"": ""Ia-3d"", ""spg_number"": 230, ""crystal_system"": ""cubic"", ""cif_tier"": ""no (up to very_loose)"", ""deprecated"": false}]",
89,,,,,,,,,,[],
90,mp-559776,70,"formula+sg,formula_only",exact,Ia-3d,230,cubic,no (up to very_loose),FALSE,"[{""mpid"": ""mp-559776"", ""score"": 70, ""reasons"": ""formula+sg,formula_only"", ""sg_relation"": ""exact"", ""spg_symbol"": ""Ia-3d"", ""spg_number"": 230, ""crystal_system"": ""cubic"", ""cif_tier"": ""no (up to very_loose)"", ""deprecated"": false}]",
91,,,,,,,,,,[],
92,,,,,,,,,,[],
93,mp-559776,70,"formula+sg,formula_only",exact,Ia-3d,230,cubic,no (up to very_loose),FALSE,"[{""mpid"": ""mp-559776"", ""score"": 70, ""reasons"": ""formula+sg,formula_only"", ""sg_relation"": ""exact"", ""spg_symbol"": ""Ia-3d"", ""spg_number"": 230, ""crystal_system"": ""cubic"", ""cif_tier"": ""no (up to very_loose)"", ""deprecated"": false}]",
94,,,,,,,,,,[],
95,mp-559776,70,"formula+sg,formula_only",exact,Ia-3d,230,cubic,no (up to very_loose),FALSE,"[{""mpid"": ""mp-559776"", ""score"": 70, ""reasons"": ""formula+sg,formula_only"", ""sg_relation"": ""exact"", ""spg_symbol"": ""Ia-3d"", ""spg_number"": 230, ""crystal_system"": ""cubic"", ""cif_tier"": ""no (up to very_loose)"", ""deprecated"": false}]",
96,mp-559776,70,"formula+sg,formula_only",exact,Ia-3d,230,cubic,no (up to very_loose),FALSE,"[{""mpid"": ""mp-559776"", ""score"": 70, ""reasons"": ""formula+sg,formula_only"", ""sg_relation"": ""exact"", ""spg_symbol"": ""Ia-3d"", ""spg_number"": 230, ""crystal_system"": ""cubic"", ""cif_tier"": ""no (up to very_loose)"", ""deprecated"": false}]",
191,,,,,,,,,,[],
192,mp-775628,40,formula_only,mismatch,P1,1,triclinic,no (up to very_loose),FALSE,"[{""mpid"": ""mp-775628"", ""score"": 40, ""reasons"": ""formula_only"", ""sg_relation"": ""mismatch"", ""spg_symbol"": ""P1"", ""spg_number"": 1, ""crystal_system"": ""triclinic"", ""cif_tier"": ""no (up to very_loose)"", ""deprecated"": false}]",
193,mp-775628,40,formula_only,mismatch,P1,1,triclinic,no (up to very_loose),FALSE,"[{""mpid"": ""mp-775628"", ""score"": 40, ""reasons"": ""formula_only"", ""sg_relation"": ""mismatch"", ""spg_symbol"": ""P1"", ""spg_number"": 1, ""crystal_system"": ""triclinic"", ""cif_tier"": ""no (up to very_loose)"", ""deprecated"": false}]",
194,,,,,,,,,,[],
195,mp-775628,40,formula_only,mismatch,P1,1,triclinic,no (up to very_loose),FALSE,"[{""mpid"": ""mp-775628"", ""score"": 40, ""reasons"": ""formula_only"", ""sg_relation"": ""mismatch"", ""spg_symbol"": ""P1"", ""spg_number"": 1, ""crystal_system"": ""triclinic"", ""cif_tier"": ""no (up to very_loose)"", ""deprecated"": false}]",
196,,,,,,,,,,[],
197,,,,,,,,,,[],
198,,,,,,,,,,[],
199,,,,,,,,,,[],
200,,,,,,,,,,[],
201,,,,,,,,,,[],
216,,,,,,,,,,[],
217,,,,,,,,,,[],
218,,,,,,,,,,[],
219,,,,,,,,,,[],
220,,,,,,,,,,[],
221,,,,,,,,,,[],
225,,,,,,,,,,[],
226,,,,,,,,,,[],
227,,,,,,,,,,[],
228,,,,,,,,,,[],
237,mp-559776,70,"formula+sg,formula_only",exact,Ia-3d,230,cubic,no (up to very_loose),FALSE,"[{""mpid"": ""mp-559776"", ""score"": 70, ""reasons"": ""formula+sg,formula_only"", ""sg_relation"": ""exact"", ""spg_symbol"": ""Ia-3d"", ""spg_number"": 230, ""crystal_system"": ""cubic"", ""cif_tier"": ""no (up to very_loose)"", ""deprecated"": false}]",
238,mp-559776,70,"formula+sg,formula_only",exact,Ia-3d,230,cubic,no (up to very_loose),FALSE,"[{""mpid"": ""mp-559776"", ""score"": 70, ""reasons"": ""formula+sg,formula_only"", ""sg_relation"": ""exact"", ""spg_symbol"": ""Ia-3d"", ""spg_number"": 230, ""crystal_system"": ""cubic"", ""cif_tier"": ""no (up to very_loose)"", ""deprecated"": false}]",
239,mp-559776,70,"formula+sg,formula_only",exact,Ia-3d,230,cubic,no (up to very_loose),FALSE,"[{""mpid"": ""mp-559776"", ""score"": 70, ""reasons"": ""formula+sg,formula_only"", ""sg_relation"": ""exact"", ""spg_symbol"": ""Ia-3d"", ""spg_number"": 230, ""crystal_system"": ""cubic"", ""cif_tier"": ""no (up to very_loose)"", ""deprecated"": false}]",
251,mp-677490,40,formula_only,mismatch,P1,1,triclinic,no (up to very_loose),FALSE,"[{""mpid"": ""mp-677490"", ""score"": 40, ""reasons"": ""formula_only"", ""sg_relation"": ""mismatch"", ""spg_symbol"": ""P1"", ""spg_number"": 1, ""crystal_system"": ""triclinic"", ""cif_tier"": ""no (up to very_loose)"", ""deprecated"": false}]",
252,mp-677490,40,formula_only,mismatch,P1,1,triclinic,no (up to very_loose),FALSE,"[{""mpid"": ""mp-677490"", ""score"": 40, ""reasons"": ""formula_only"", ""sg_relation"": ""mismatch"", ""spg_symbol"": ""P1"", ""spg_number"": 1, ""crystal_system"": ""triclinic"", ""cif_tier"": ""no (up to very_loose)"", ""deprecated"": false}]",
269,,,,,,,,,,[],
270,,,,,,,,,,[],
271,,,,,,,,,,[],
272,,,,,,,,,,[],
273,,,,,,,,,,[],
274,,,,,,,,,,[],
275,,,,,,,,,,[],
277,,,,,,,,,,[],
278,,,,,,,,,,[],
281,,,,,,,,,,[],
282,,,,,,,,,,[],
285,,,,,,,,,,[],
288,,,,,,,,,,[],
289,,,,,,,,,,[],
290,,,,,,,,,,[],
291,,,,,,,,,,[],
292,,,,,,,,,,[],
301,,,,,,,,,,[],
700,,,,,,,,,,[],
713,,,,,,,,,,[],
733,mp-554747,70,"formula+sg,formula_only",exact,Ia-3d,230,cubic,no (up to very_loose),FALSE,"[{""mpid"": ""mp-554747"", ""score"": 70, ""reasons"": ""formula+sg,formula_only"", ""sg_relation"": ""exact"", ""spg_symbol"": ""Ia-3d"", ""spg_number"": 230, ""crystal_system"": ""cubic"", ""cif_tier"": ""no (up to very_loose)"", ""deprecated"": false}, {""mpid"": ""mp-761986"", ""score"": 40, ""reasons"": ""formula_only"", ""sg_relation"": ""mismatch"", ""spg_symbol"": ""P1"", ""spg_number"": 1, ""crystal_system"": ""triclinic"", ""cif_tier"": ""no (up to very_loose)"", ""deprecated"": false}, {""mpid"": ""mp-774437"", ""score"": 40, ""reasons"": ""formula_only"", ""sg_relation"": ""mismatch"", ""spg_symbol"": ""P1"", ""spg_number"": 1, ""crystal_system"": ""triclinic"", ""cif_tier"": ""no (up to very_loose)"", ""deprecated"": false}, {""mpid"": ""mp-774721"", ""score"": 40, ""reasons"": ""formula_only"", ""sg_relation"": ""mismatch"", ""spg_symbol"": ""Cc"", ""spg_number"": 9, ""crystal_system"": ""monoclinic"", ""cif_tier"": ""no (up to very_loose)"", ""deprecated"": false}, {""mpid"": ""mp-779434"", ""score"": 40, ""reasons"": ""formula_only"", ""sg_relation"": ""mismatch"", ""spg_symbol"": ""P1"", ""spg_number"": 1, ""crystal_system"": ""triclinic"", ""cif_tier"": ""no (up to very_loose)"", ""deprecated"": false}]",
734,mp-559776,70,"formula+sg,formula_only",exact,Ia-3d,230,cubic,no (up to very_loose),FALSE,"[{""mpid"": ""mp-559776"", ""score"": 70, ""reasons"": ""formula+sg,formula_only"", ""sg_relation"": ""exact"", ""spg_symbol"": ""Ia-3d"", ""spg_number"": 230, ""crystal_system"": ""cubic"", ""cif_tier"": ""no (up to very_loose)"", ""deprecated"": false}]",
759,,,,,,,,,,[],
760,,,,,,,,,,[],
768,,,,,,,,,,[],
769,,,,,,,,,,[],
770,,,,,,,,,,[],
771,,,,,,,,,,[],
773,,,,,,,,,,[],
774,,,,,,,,,,[],
775,mp-942733,40,formula_only,mismatch,I4_1/acd,142,tetragonal,no (up to very_loose),FALSE,"[{""mpid"": ""mp-942733"", ""score"": 40, ""reasons"": ""formula_only"", ""sg_relation"": ""mismatch"", ""spg_symbol"": ""I4_1/acd"", ""spg_number"": 142, ""crystal_system"": ""tetragonal"", ""cif_tier"": ""no (up to very_loose)"", ""deprecated"": false}]",
776,mp-1198622,40,formula_only,mismatch,I4_1/acd,142,tetragonal,no (up to very_loose),FALSE,"[{""mpid"": ""mp-1198622"", ""score"": 40, ""reasons"": ""formula_only"", ""sg_relation"": ""mismatch"", ""spg_symbol"": ""I4_1/acd"", ""spg_number"": 142, ""crystal_system"": ""tetragonal"", ""cif_tier"": ""no (up to very_loose)"", ""deprecated"": false}]",
777,,,,,,,,,,[],
785,,,,,,,,,,[],
786,,,,,,,,,,[],
787,,,,,,,,,,[],
788,mp-677627,70,"formula+sg,formula_only",exact,Ia-3d,230,cubic,no (up to very_loose),FALSE,"[{""mpid"": ""mp-677627"", ""score"": 70, ""reasons"": ""formula+sg,formula_only"", ""sg_relation"": ""exact"", ""spg_symbol"": ""Ia-3d"", ""spg_number"": 230, ""crystal_system"": ""cubic"", ""cif_tier"": ""no (up to very_loose)"", ""deprecated"": false}]",
790,,,,,,,,,,[],
794,,,,,,,,,,[],
795,,,,,,,,,,[],
798,mp-1200057,40,formula_only,mismatch,I4_1/acd,142,tetragonal,no (up to very_loose),FALSE,"[{""mpid"": ""mp-1200057"", ""score"": 40, ""reasons"": ""formula_only"", ""sg_relation"": ""mismatch"", ""spg_symbol"": ""I4_1/acd"", ""spg_number"": 142, ""crystal_system"": ""tetragonal"", ""cif_tier"": ""no (up to very_loose)"", ""deprecated"": false}]",
799,,,,,,,,,,[],
800,,,,,,,,,,[],
801,,,,,,,,,,[],
802,,,,,,,,,,[],
803,,,,,,,,,,[],
804,,,,,,,,,,[],
805,,,,,,,,,,[],
806,,,,,,,,,,[],
807,,,,,,,,,,[],
808,,,,,,,,,,[],
809,,,,,,,,,,[],
810,,,,,,,,,,[],
812,mp-559776,70,"formula+sg,formula_only",exact,Ia-3d,230,cubic,no (up to very_loose),FALSE,"[{""mpid"": ""mp-559776"", ""score"": 70, ""reasons"": ""formula+sg,formula_only"", ""sg_relation"": ""exact"", ""spg_symbol"": ""Ia-3d"", ""spg_number"": 230, ""crystal_system"": ""cubic"", ""cif_tier"": ""no (up to very_loose)"", ""deprecated"": false}]",
813,mp-554747,70,"formula+sg,formula_only",exact,Ia-3d,230,cubic,no (up to very_loose),FALSE,"[{""mpid"": ""mp-554747"", ""score"": 70, ""reasons"": ""formula+sg,formula_only"", ""sg_relation"": ""exact"", ""spg_symbol"": ""Ia-3d"", ""spg_number"": 230, ""crystal_system"": ""cubic"", ""cif_tier"": ""no (up to very_loose)"", ""deprecated"": false}, {""mpid"": ""mp-761986"", ""score"": 40, ""reasons"": ""formula_only"", ""sg_relation"": ""mismatch"", ""spg_symbol"": ""P1"", ""spg_number"": 1, ""crystal_system"": ""triclinic"", ""cif_tier"": ""no (up to very_loose)"", ""deprecated"": false}, {""mpid"": ""mp-774437"", ""score"": 40, ""reasons"": ""formula_only"", ""sg_relation"": ""mismatch"", ""spg_symbol"": ""P1"", ""spg_number"": 1, ""crystal_system"": ""triclinic"", ""cif_tier"": ""no (up to very_loose)"", ""deprecated"": false}, {""mpid"": ""mp-774721"", ""score"": 40, ""reasons"": ""formula_only"", ""sg_relation"": ""mismatch"", ""spg_symbol"": ""Cc"", ""spg_number"": 9, ""crystal_system"": ""monoclinic"", ""cif_tier"": ""no (up to very_loose)"", ""deprecated"": false}, {""mpid"": ""mp-779434"", ""score"": 40, ""reasons"": ""formula_only"", ""sg_relation"": ""mismatch"", ""spg_symbol"": ""P1"", ""spg_number"": 1, ""crystal_system"": ""triclinic"", ""cif_tier"": ""no (up to very_loose)"", ""deprecated"": false}]",
814,,,,,,,,,,[],
815,,,,,,,,,,[],
816,,,,,,,,,,[],
818,,,,,,,,,,[],
836,,,,,,,,,,[],
840,,,,,,,,,,[],
863,,,,,,,,,,[],
867,mp-942733,40,formula_only,mismatch,I4_1/acd,142,tetragonal,no (up to very_loose),FALSE,"[{""mpid"": ""mp-942733"", ""score"": 40, ""reasons"": ""formula_only"", ""sg_relation"": ""mismatch"", ""spg_symbol"": ""I4_1/acd"", ""spg_number"": 142, ""crystal_system"": ""tetragonal"", ""cif_tier"": ""no (up to very_loose)"", ""deprecated"": false}]",
882,mp-554747,70,"formula+sg,formula_only",exact,Ia-3d,230,cubic,no (up to very_loose),FALSE,"[{""mpid"": ""mp-554747"", ""score"": 70, ""reasons"": ""formula+sg,formula_only"", ""sg_relation"": ""exact"", ""spg_symbol"": ""Ia-3d"", ""spg_number"": 230, ""crystal_system"": ""cubic"", ""cif_tier"": ""no (up to very_loose)"", ""deprecated"": false}, {""mpid"": ""mp-761986"", ""score"": 40, ""reasons"": ""formula_only"", ""sg_relation"": ""mismatch"", ""spg_symbol"": ""P1"", ""spg_number"": 1, ""crystal_system"": ""triclinic"", ""cif_tier"": ""no (up to very_loose)"", ""deprecated"": false}, {""mpid"": ""mp-774437"", ""score"": 40, ""reasons"": ""formula_only"", ""sg_relation"": ""mismatch"", ""spg_symbol"": ""P1"", ""spg_number"": 1, ""crystal_system"": ""triclinic"", ""cif_tier"": ""no (up to very_loose)"", ""deprecated"": false}, {""mpid"": ""mp-774721"", ""score"": 40, ""reasons"": ""formula_only"", ""sg_relation"": ""mismatch"", ""spg_symbol"": ""Cc"", ""spg_number"": 9, ""crystal_system"": ""monoclinic"", ""cif_tier"": ""no (up to very_loose)"", ""deprecated"": false}, {""mpid"": ""mp-779434"", ""score"": 40, ""reasons"": ""formula_only"", ""sg_relation"": ""mismatch"", ""spg_symbol"": ""P1"", ""spg_number"": 1, ""crystal_system"": ""triclinic"", ""cif_tier"": ""no (up to very_loose)"", ""deprecated"": false}]",
890,,,,,,,,,,[],
891,,,,,,,,,,[],
2004,,,,,,,,,,[],
2005,mp-775628,40,formula_only,mismatch,P1,1,triclinic,no (up to very_loose),FALSE,"[{""mpid"": ""mp-775628"", ""score"": 40, ""reasons"": ""formula_only"", ""sg_relation"": ""mismatch"", ""spg_symbol"": ""P1"", ""spg_number"": 1, ""crystal_system"": ""triclinic"", ""cif_tier"": ""no (up to very_loose)"", ""deprecated"": false}]",
66,mp-29195,40,formula_only,mismatch,P2_1/c,14,monoclinic,no (up to very_loose),FALSE,"[{""mpid"": ""mp-29195"", ""score"": 40, ""reasons"": ""formula_only"", ""sg_relation"": ""mismatch"", ""spg_symbol"": ""P2_1/c"", ""spg_number"": 14, ""crystal_system"": ""monoclinic"", ""cif_tier"": ""no (up to very_loose)"", ""deprecated"": false}, {""mpid"": ""mp-557189"", ""score"": 40, ""reasons"": ""formula_only"", ""sg_relation"": ""mismatch"", ""spg_symbol"": ""P2/c"", ""spg_number"": 13, ""crystal_system"": ""monoclinic"", ""cif_tier"": ""no (up to very_loose)"", ""deprecated"": false}, {""mpid"": ""mp-1202801"", ""score"": 40, ""reasons"": ""formula_only"", ""sg_relation"": ""mismatch"", ""spg_symbol"": ""Pc"", ""spg_number"": 7, ""crystal_system"": ""monoclinic"", ""cif_tier"": ""no (up to very_loose)"", ""deprecated"": false}]",
67,mp-29195,40,formula_only,mismatch,P2_1/c,14,monoclinic,no (up to very_loose),FALSE,"[{""mpid"": ""mp-29195"", ""score"": 40, ""reasons"": ""formula_only"", ""sg_relation"": ""mismatch"", ""spg_symbol"": ""P2_1/c"", ""spg_number"": 14, ""crystal_system"": ""monoclinic"", ""cif_tier"": ""no (up to very_loose)"", ""deprecated"": false}, {""mpid"": ""mp-557189"", ""score"": 40, ""reasons"": ""formula_only"", ""sg_relation"": ""mismatch"", ""spg_symbol"": ""P2/c"", ""spg_number"": 13, ""crystal_system"": ""monoclinic"", ""cif_tier"": ""no (up to very_loose)"", ""deprecated"": false}, {""mpid"": ""mp-1202801"", ""score"": 40, ""reasons"": ""formula_only"", ""sg_relation"": ""mismatch"", ""spg_symbol"": ""Pc"", ""spg_number"": 7, ""crystal_system"": ""monoclinic"", ""cif_tier"": ""no (up to very_loose)"", ""deprecated"": false}]",
68,mp-29195,40,formula_only,mismatch,P2_1/c,14,monoclinic,no (up to very_loose),FALSE,"[{""mpid"": ""mp-29195"", ""score"": 40, ""reasons"": ""formula_only"", ""sg_relation"": ""mismatch"", ""spg_symbol"": ""P2_1/c"", ""spg_number"": 14, ""crystal_system"": ""monoclinic"", ""cif_tier"": ""no (up to very_loose)"", ""deprecated"": false}, {""mpid"": ""mp-557189"", ""score"": 40, ""reasons"": ""formula_only"", ""sg_relation"": ""mismatch"", ""spg_symbol"": ""P2/c"", ""spg_number"": 13, ""crystal_system"": ""monoclinic"", ""cif_tier"": ""no (up to very_loose)"", ""deprecated"": false}, {""mpid"": ""mp-1202801"", ""score"": 40, ""reasons"": ""formula_only"", ""sg_relation"": ""mismatch"", ""spg_symbol"": ""Pc"", ""spg_number"": 7, ""crystal_system"": ""monoclinic"", ""cif_tier"": ""no (up to very_loose)"", ""deprecated"": false}]",
69,mp-29195,40,formula_only,mismatch,P2_1/c,14,monoclinic,no (up to very_loose),FALSE,"[{""mpid"": ""mp-29195"", ""score"": 40, ""reasons"": ""formula_only"", ""sg_relation"": ""mismatch"", ""spg_symbol"": ""P2_1/c"", ""spg_number"": 14, ""crystal_system"": ""monoclinic"", ""cif_tier"": ""no (up to very_loose)"", ""deprecated"": false}, {""mpid"": ""mp-557189"", ""score"": 40, ""reasons"": ""formula_only"", ""sg_relation"": ""mismatch"", ""spg_symbol"": ""P2/c"", ""spg_number"": 13, ""crystal_system"": ""monoclinic"", ""cif_tier"": ""no (up to very_loose)"", ""deprecated"": false}, {""mpid"": ""mp-1202801"", ""score"": 40, ""reasons"": ""formula_only"", ""sg_relation"": ""mismatch"", ""spg_symbol"": ""Pc"", ""spg_number"": 7, ""crystal_system"": ""monoclinic"", ""cif_tier"": ""no (up to very_loose)"", ""deprecated"": false}]",
84,,,,,,,,,,[],""" "" is an invalid formula!"
85,,,,,,,,,,[],""" "" is an invalid formula!"
86,,,,,,,,,,[],""" "" is an invalid formula!"
100,,,,,,,,,,[],
101,,,,,,,,,,[],
103,,,,,,,,,,[],
104,,,,,,,,,,[],""" "" is an invalid formula!"
105,,,,,,,,,,[],""" "" is an invalid formula!"
106,,,,,,,,,,[],""" "" is an invalid formula!"
117,,,,,,,,,,[],"""  "" is an invalid formula!"
118,,,,,,,,,,[],"""  "" is an invalid formula!"
119,,,,,,,,,,[],"""  "" is an invalid formula!"
120,,,,,,,,,,[],"""  "" is an invalid formula!"
121,,,,,,,,,,[],"""  "" is an invalid formula!"
122,,,,,,,,,,[],"""  "" is an invalid formula!"
123,,,,,,,,,,[],"""  "" is an invalid formula!"
124,,,,,,,,,,[],"""  "" is an invalid formula!"
125,,,,,,,,,,[],"""  "" is an invalid formula!"
126,,,,,,,,,,[],"""  "" is an invalid formula!"
127,,,,,,,,,,[],"""  "" is an invalid formula!"
128,,,,,,,,,,[],"""  "" is an invalid formula!"
129,,,,,,,,,,[],"""  "" is an invalid formula!"
134,,,,,,,,,,[],""" "" is an invalid formula!"
135,,,,,,,,,,[],""" "" is an invalid formula!"
136,,,,,,,,,,[],""" "" is an invalid formula!"
139,,,,,,,,,,[],""" "" is an invalid formula!"
142,,,,,,,,,,[],""" "" is an invalid formula!"
143,,,,,,,,,,[],""" "" is an invalid formula!"
144,,,,,,,,,,[],""" "" is an invalid formula!"
145,,,,,,,,,,[],""" "" is an invalid formula!"
146,,,,,,,,,,[],""" "" is an invalid formula!"
147,,,,,,,,,,[],""" "" is an invalid formula!"
148,,,,,,,,,,[],""" "" is an invalid formula!"
149,,,,,,,,,,[],""" "" is an invalid formula!"
150,,,,,,,,,,[],""" "" is an invalid formula!"
152,,,,,,,,,,[],""" "" is an invalid formula!"
153,,,,,,,,,,[],""" "" is an invalid formula!"
158,,,,,,,,,,[],
159,,,,,,,,,,[],
160,,,,,,,,,,[],
161,,,,,,,,,,[],
162,,,,,,,,,,[],
163,,,,,,,,,,[],
164,,,,,,,,,,[],
173,,,,,,,,,,[],
174,,,,,,,,,,[],
175,,,,,,,,,,[],
176,,,,,,,,,,[],
177,,,,,,,,,,[],""" "" is an invalid formula!"
178,,,,,,,,,,[],""" "" is an invalid formula!"
179,,,,,,,,,,[],""" "" is an invalid formula!"
180,,,,,,,,,,[],""" "" is an invalid formula!"
181,,,,,,,,,,[],
182,,,,,,,,,,[],""" "" is an invalid formula!"
185,,,,,,,,,,[],""" "" is an invalid formula!"
188,,,,,,,,,,[],""" "" is an invalid formula!"
189,,,,,,,,,,[],""" "" is an invalid formula!"
190,,,,,,,,,,[],""" "" is an invalid formula!"
212,mp-29195,40,formula_only,mismatch,P2_1/c,14,monoclinic,no (up to very_loose),FALSE,"[{""mpid"": ""mp-29195"", ""score"": 40, ""reasons"": ""formula_only"", ""sg_relation"": ""mismatch"", ""spg_symbol"": ""P2_1/c"", ""spg_number"": 14, ""crystal_system"": ""monoclinic"", ""cif_tier"": ""no (up to very_loose)"", ""deprecated"": false}, {""mpid"": ""mp-557189"", ""score"": 40, ""reasons"": ""formula_only"", ""sg_relation"": ""mismatch"", ""spg_symbol"": ""P2/c"", ""spg_number"": 13, ""crystal_system"": ""monoclinic"", ""cif_tier"": ""no (up to very_loose)"", ""deprecated"": false}, {""mpid"": ""mp-1202801"", ""score"": 40, ""reasons"": ""formula_only"", ""sg_relation"": ""mismatch"", ""spg_symbol"": ""Pc"", ""spg_number"": 7, ""crystal_system"": ""monoclinic"", ""cif_tier"": ""no (up to very_loose)"", ""deprecated"": false}]",
222,mp-6340,40,formula_only,mismatch,C2/c,15,monoclinic,no (up to very_loose),FALSE,"[{""mpid"": ""mp-6340"", ""score"": 40, ""reasons"": ""formula_only"", ""sg_relation"": ""mismatch"", ""spg_symbol"": ""C2/c"", ""spg_number"": 15, ""crystal_system"": ""monoclinic"", ""cif_tier"": ""no (up to very_loose)"", ""deprecated"": false}, {""mpid"": ""mp-542874"", ""score"": 40, ""reasons"": ""formula_only"", ""sg_relation"": ""mismatch"", ""spg_symbol"": ""P2_1/c"", ""spg_number"": 14, ""crystal_system"": ""monoclinic"", ""cif_tier"": ""no (up to very_loose)"", ""deprecated"": false}, {""mpid"": ""mp-558808"", ""score"": 40, ""reasons"": ""formula_only"", ""sg_relation"": ""mismatch"", ""spg_symbol"": ""P1"", ""spg_number"": 1, ""crystal_system"": ""triclinic"", ""cif_tier"": ""no (up to very_loose)"", ""deprecated"": false}, {""mpid"": ""mp-1222469"", ""score"": 40, ""reasons"": ""formula_only"", ""sg_relation"": ""mismatch"", ""spg_symbol"": ""C222"", ""spg_number"": 21, ""crystal_system"": ""orthorhombic"", ""cif_tier"": ""no (up to very_loose)"", ""deprecated"": false}]",
223,mp-6340,40,formula_only,mismatch,C2/c,15,monoclinic,no (up to very_loose),FALSE,"[{""mpid"": ""mp-6340"", ""score"": 40, ""reasons"": ""formula_only"", ""sg_relation"": ""mismatch"", ""spg_symbol"": ""C2/c"", ""spg_number"": 15, ""crystal_system"": ""monoclinic"", ""cif_tier"": ""no (up to very_loose)"", ""deprecated"": false}, {""mpid"": ""mp-542874"", ""score"": 40, ""reasons"": ""formula_only"", ""sg_relation"": ""mismatch"", ""spg_symbol"": ""P2_1/c"", ""spg_number"": 14, ""crystal_system"": ""monoclinic"", ""cif_tier"": ""no (up to very_loose)"", ""deprecated"": false}, {""mpid"": ""mp-558808"", ""score"": 40, ""reasons"": ""formula_only"", ""sg_relation"": ""mismatch"", ""spg_symbol"": ""P1"", ""spg_number"": 1, ""crystal_system"": ""triclinic"", ""cif_tier"": ""no (up to very_loose)"", ""deprecated"": false}, {""mpid"": ""mp-1222469"", ""score"": 40, ""reasons"": ""formula_only"", ""sg_relation"": ""mismatch"", ""spg_symbol"": ""C222"", ""spg_number"": 21, ""crystal_system"": ""orthorhombic"", ""cif_tier"": ""no (up to very_loose)"", ""deprecated"": false}]",
224,mp-6340,40,formula_only,mismatch,C2/c,15,monoclinic,no (up to very_loose),FALSE,"[{""mpid"": ""mp-6340"", ""score"": 40, ""reasons"": ""formula_only"", ""sg_relation"": ""mismatch"", ""spg_symbol"": ""C2/c"", ""spg_number"": 15, ""crystal_system"": ""monoclinic"", ""cif_tier"": ""no (up to very_loose)"", ""deprecated"": false}, {""mpid"": ""mp-542874"", ""score"": 40, ""reasons"": ""formula_only"", ""sg_relation"": ""mismatch"", ""spg_symbol"": ""P2_1/c"", ""spg_number"": 14, ""crystal_system"": ""monoclinic"", ""cif_tier"": ""no (up to very_loose)"", ""deprecated"": false}, {""mpid"": ""mp-558808"", ""score"": 40, ""reasons"": ""formula_only"", ""sg_relation"": ""mismatch"", ""spg_symbol"": ""P1"", ""spg_number"": 1, ""crystal_system"": ""triclinic"", ""cif_tier"": ""no (up to very_loose)"", ""deprecated"": false}, {""mpid"": ""mp-1222469"", ""score"": 40, ""reasons"": ""formula_only"", ""sg_relation"": ""mismatch"", ""spg_symbol"": ""C222"", ""spg_number"": 21, ""crystal_system"": ""orthorhombic"", ""cif_tier"": ""no (up to very_loose)"", ""deprecated"": false}]",
240,,,,,,,,,,[],""" "" is an invalid formula!"
241,,,,,,,,,,[],""" "" is an invalid formula!"
242,,,,,,,,,,[],""" "" is an invalid formula!"
253,,,,,,,,,,[],"""  "" is an invalid formula!"
254,,,,,,,,,,[],"""  "" is an invalid formula!"
255,,,,,,,,,,[],"""  "" is an invalid formula!"
256,,,,,,,,,,[],"""  "" is an invalid formula!"
268,,,,,,,,,,[],
302,,,,,,,,,,[],"""  "" is an invalid formula!"
502,mp-38200,40,formula_only,mismatch,Pnma,62,orthorhombic,no (up to very_loose),FALSE,"[{""mpid"": ""mp-38200"", ""score"": 40, ""reasons"": ""formula_only"", ""sg_relation"": ""mismatch"", ""spg_symbol"": ""Pnma"", ""spg_number"": 62, ""crystal_system"": ""orthorhombic"", ""cif_tier"": ""no (up to very_loose)"", ""deprecated"": false}, {""mpid"": ""mp-1222635"", ""score"": 40, ""reasons"": ""formula_only"", ""sg_relation"": ""mismatch"", ""spg_symbol"": ""P6_3cm"", ""spg_number"": 185, ""crystal_system"": ""hexagonal"", ""cif_tier"": ""no (up to very_loose)"", ""deprecated"": false}]",
505,,,,,,,,,,[],""""" is an invalid formula!"
586,,,,,,,,,,[],""" "" is an invalid formula!"
589,,,,,,,,,,[],""" "" is an invalid formula!"
841,,,,,,,,,,[],"""  "" is an invalid formula!"
842,,,,,,,,,,[],"""  "" is an invalid formula!"
843,,,,,,,,,,[],"""  "" is an invalid formula!"
844,,,,,,,,,,[],"""  "" is an invalid formula!"
845,,,,,,,,,,[],"""  "" is an invalid formula!"
846,,,,,,,,,,[],"""  "" is an invalid formula!"
847,,,,,,,,,,[],"""  "" is an invalid formula!"
848,,,,,,,,,,[],"""  "" is an invalid formula!"
849,,,,,,,,,,[],"""  "" is an invalid formula!"
850,,,,,,,,,,[],"""  "" is an invalid formula!"
851,,,,,,,,,,[],"""  "" is an invalid formula!"
852,,,,,,,,,,[],""" "" is an invalid formula!"
853,,,,,,,,,,[],""""" is an invalid formula!"
854,,,,,,,,,,[],""""" is an invalid formula!"
855,,,,,,,,,,[],""""" is an invalid formula!"
856,mp-29195,40,formula_only,mismatch,P2_1/c,14,monoclinic,no (up to very_loose),FALSE,"[{""mpid"": ""mp-29195"", ""score"": 40, ""reasons"": ""formula_only"", ""sg_relation"": ""mismatch"", ""spg_symbol"": ""P2_1/c"", ""spg_number"": 14, ""crystal_system"": ""monoclinic"", ""cif_tier"": ""no (up to very_loose)"", ""deprecated"": false}, {""mpid"": ""mp-557189"", ""score"": 40, ""reasons"": ""formula_only"", ""sg_relation"": ""mismatch"", ""spg_symbol"": ""P2/c"", ""spg_number"": 13, ""crystal_system"": ""monoclinic"", ""cif_tier"": ""no (up to very_loose)"", ""deprecated"": false}, {""mpid"": ""mp-1202801"", ""score"": 40, ""reasons"": ""formula_only"", ""sg_relation"": ""mismatch"", ""spg_symbol"": ""Pc"", ""spg_number"": 7, ""crystal_system"": ""monoclinic"", ""cif_tier"": ""no (up to very_loose)"", ""deprecated"": false}]",
857,,,,,,,,,,[],""""" is an invalid formula!"
858,,,,,,,,,,[],""""" is an invalid formula!"
860,,,,,,,,,,[],""""" is an invalid formula!"
889,,,,,,,,,,[],""" "" is an invalid formula!"
2003,,,,,,,,,,[],
2006,mp-6340,40,formula_only,mismatch,C2/c,15,monoclinic,no (up to very_loose),FALSE,"[{""mpid"": ""mp-6340"", ""score"": 40, ""reasons"": ""formula_only"", ""sg_relation"": ""mismatch"", ""spg_symbol"": ""C2/c"", ""spg_number"": 15, ""crystal_system"": ""monoclinic"", ""cif_tier"": ""no (up to very_loose)"", ""deprecated"": false}, {""mpid"": ""mp-542874"", ""score"": 40, ""reasons"": ""formula_only"", ""sg_relation"": ""mismatch"", ""spg_symbol"": ""P2_1/c"", ""spg_number"": 14, ""crystal_system"": ""monoclinic"", ""cif_tier"": ""no (up to very_loose)"", ""deprecated"": false}, {""mpid"": ""mp-558808"", ""score"": 40, ""reasons"": ""formula_only"", ""sg_relation"": ""mismatch"", ""spg_symbol"": ""P1"", ""spg_number"": 1, ""crystal_system"": ""triclinic"", ""cif_tier"": ""no (up to very_loose)"", ""deprecated"": false}, {""mpid"": ""mp-1222469"", ""score"": 40, ""reasons"": ""formula_only"", ""sg_relation"": ""mismatch"", ""spg_symbol"": ""C222"", ""spg_number"": 21, ""crystal_system"": ""orthorhombic"", ""cif_tier"": ""no (up to very_loose)"", ""deprecated"": false}]",
2007,,,,,,,,,,[],""" "" is an invalid formula!"
537,,,,,,,,,,[],
698,,,,,,,,,,[],""" "" is an invalid formula!"
736,mp-6373,40,formula_only,mismatch,P2_1/c,14,monoclinic,no (up to very_loose),FALSE,"[{""mpid"": ""mp-6373"", ""score"": 40, ""reasons"": ""formula_only"", ""sg_relation"": ""mismatch"", ""spg_symbol"": ""P2_1/c"", ""spg_number"": 14, ""crystal_system"": ""monoclinic"", ""cif_tier"": ""no (up to very_loose)"", ""deprecated"": false}, {""mpid"": ""mp-19430"", ""score"": 40, ""reasons"": ""formula_only"", ""sg_relation"": ""mismatch"", ""spg_symbol"": ""R-3"", ""spg_number"": 148, ""crystal_system"": ""trigonal"", ""cif_tier"": ""no (up to very_loose)"", ""deprecated"": false}, {""mpid"": ""mp-25993"", ""score"": 40, ""reasons"": ""formula_only"", ""sg_relation"": ""mismatch"", ""spg_symbol"": ""P2_1/c"", ""spg_number"": 14, ""crystal_system"": ""monoclinic"", ""cif_tier"": ""no (up to very_loose)"", ""deprecated"": false}, {""mpid"": ""mp-26069"", ""score"": 40, ""reasons"": ""formula_only"", ""sg_relation"": ""mismatch"", ""spg_symbol"": ""P2_1/c"", ""spg_number"": 14, ""crystal_system"": ""monoclinic"", ""cif_tier"": ""no (up to very_loose)"", ""deprecated"": false}, {""mpid"": ""mp-26677"", ""score"": 40, ""reasons"": ""formula_only"", ""sg_relation"": ""mismatch"", ""spg_symbol"": ""C2/m"", ""spg_number"": 12, ""crystal_system"": ""monoclinic"", ""cif_tier"": ""no (up to very_loose)"", ""deprecated"": false}, {""mpid"": ""mp-26825"", ""score"": 40, ""reasons"": ""formula_only"", ""sg_relation"": ""mismatch"", ""spg_symbol"": ""C2/c"", ""spg_number"": 15, ""crystal_system"": ""monoclinic"", ""cif_tier"": ""no (up to very_loose)"", ""deprecated"": false}, {""mpid"": ""mp-504385"", ""score"": 40, ""reasons"": ""formula_only"", ""sg_relation"": ""mismatch"", ""spg_symbol"": ""P2/c"", ""spg_number"": 13, ""crystal_system"": ""monoclinic"", ""cif_tier"": ""no (up to very_loose)"", ""deprecated"": false}, {""mpid"": ""mp-585226"", ""score"": 40, ""reasons"": ""formula_only"", ""sg_relation"": ""mismatch"", ""spg_symbol"": ""C2/c"", ""spg_number"": 15, ""crystal_system"": ""monoclinic"", ""cif_tier"": ""no (up to very_loose)"", ""deprecated"": false}, {""mpid"": ""mp-705329"", ""score"": 40, ""reasons"": ""formula_only"", ""sg_relation"": ""mismatch"", ""spg_symbol"": ""Cc"", ""spg_number"": 9, ""crystal_system"": ""monoclinic"", ""cif_tier"": ""no (up to very_loose)"", ""deprecated"": false}, {""mpid"": ""mp-758654"", ""score"": 40, ""reasons"": ""formula_only"", ""sg_relation"": ""mismatch"", ""spg_symbol"": ""P1"", ""spg_number"": 1, ""crystal_system"": ""triclinic"", ""cif_tier"": ""no (up to very_loose)"", ""deprecated"": false}, {""mpid"": ""mp-758962"", ""score"": 40, ""reasons"": ""formula_only"", ""sg_relation"": ""mismatch"", ""spg_symbol"": ""C2"", ""spg_number"": 5, ""crystal_system"": ""monoclinic"", ""cif_tier"": ""no (up to very_loose)"", ""deprecated"": false}, {""mpid"": ""mp-759282"", ""score"": 40, ""reasons"": ""formula_only"", ""sg_relation"": ""mismatch"", ""spg_symbol"": ""P2_12_12"", ""spg_number"": 18, ""crystal_system"": ""orthorhombic"", ""cif_tier"": ""no (up to very_loose)"", ""deprecated"": false}, {""mpid"": ""mp-765598"", ""score"": 40, ""reasons"": ""formula_only"", ""sg_relation"": ""mismatch"", ""spg_symbol"": ""Ia-3d"", ""spg_number"": 230, ""crystal_system"": ""cubic"", ""cif_tier"": ""no (up to very_loose)"", ""deprecated"": false}, {""mpid"": ""mp-772738"", ""score"": 40, ""reasons"": ""formula_only"", ""sg_relation"": ""mismatch"", ""spg_symbol"": ""C2"", ""spg_number"": 5, ""crystal_system"": ""monoclinic"", ""cif_tier"": ""no (up to very_loose)"", ""deprecated"": false}, {""mpid"": ""mp-773158"", ""score"": 40, ""reasons"": ""formula_only"", ""sg_relation"": ""mismatch"", ""spg_symbol"": ""C2"", ""spg_number"": 5, ""crystal_system"": ""monoclinic"", ""cif_tier"": ""no (up to very_loose)"", ""deprecated"": false}, {""mpid"": ""mp-775523"", ""score"": 40, ""reasons"": ""formula_only"", ""sg_relation"": ""mismatch"", ""spg_symbol"": ""C2"", ""spg_number"": 5, ""crystal_system"": ""monoclinic"", ""cif_tier"": ""no (up to very_loose)"", ""deprecated"": false}, {""mpid"": ""mp-849164"", ""score"": 40, ""reasons"": ""formula_only"", ""sg_relation"": ""mismatch"", ""spg_symbol"": ""P1"", ""spg_number"": 1, ""crystal_system"": ""triclinic"", ""cif_tier"": ""no (up to very_loose)"", ""deprecated"": false}, {""mpid"": ""mp-849395"", ""score"": 40, ""reasons"": ""formula_only"", ""sg_relation"": ""mismatch"", ""spg_symbol"": ""P-1"", ""spg_number"": 2, ""crystal_system"": ""triclinic"", ""cif_tier"": ""no (up to very_loose)"", ""deprecated"": false}]",
862,,,,,,,,,,[],""""" is an invalid formula!"
864,,,,,,,,,,[],""""" is an invalid formula!"
865,,,,,,,,,,[],""""" is an invalid formula!"
866,,,,,,,,,,[],""""" is an invalid formula!"
872,,,,,,,,,,[],""""" is an invalid formula!"
877,,,,,,,,,,[],""""" is an invalid formula!"
878,,,,,,,,,,[],""""" is an invalid formula!"
919,,,,,,,,,,[],
2008,mp-6373,40,formula_only,mismatch,P2_1/c,14,monoclinic,no (up to very_loose),FALSE,"[{""mpid"": ""mp-6373"", ""score"": 40, ""reasons"": ""formula_only"", ""sg_relation"": ""mismatch"", ""spg_symbol"": ""P2_1/c"", ""spg_number"": 14, ""crystal_system"": ""monoclinic"", ""cif_tier"": ""no (up to very_loose)"", ""deprecated"": false}, {""mpid"": ""mp-19430"", ""score"": 40, ""reasons"": ""formula_only"", ""sg_relation"": ""mismatch"", ""spg_symbol"": ""R-3"", ""spg_number"": 148, ""crystal_system"": ""trigonal"", ""cif_tier"": ""no (up to very_loose)"", ""deprecated"": false}, {""mpid"": ""mp-25993"", ""score"": 40, ""reasons"": ""formula_only"", ""sg_relation"": ""mismatch"", ""spg_symbol"": ""P2_1/c"", ""spg_number"": 14, ""crystal_system"": ""monoclinic"", ""cif_tier"": ""no (up to very_loose)"", ""deprecated"": false}, {""mpid"": ""mp-26069"", ""score"": 40, ""reasons"": ""formula_only"", ""sg_relation"": ""mismatch"", ""spg_symbol"": ""P2_1/c"", ""spg_number"": 14, ""crystal_system"": ""monoclinic"", ""cif_tier"": ""no (up to very_loose)"", ""deprecated"": false}, {""mpid"": ""mp-26677"", ""score"": 40, ""reasons"": ""formula_only"", ""sg_relation"": ""mismatch"", ""spg_symbol"": ""C2/m"", ""spg_number"": 12, ""crystal_system"": ""monoclinic"", ""cif_tier"": ""no (up to very_loose)"", ""deprecated"": false}, {""mpid"": ""mp-26825"", ""score"": 40, ""reasons"": ""formula_only"", ""sg_relation"": ""mismatch"", ""spg_symbol"": ""C2/c"", ""spg_number"": 15, ""crystal_system"": ""monoclinic"", ""cif_tier"": ""no (up to very_loose)"", ""deprecated"": false}, {""mpid"": ""mp-504385"", ""score"": 40, ""reasons"": ""formula_only"", ""sg_relation"": ""mismatch"", ""spg_symbol"": ""P2/c"", ""spg_number"": 13, ""crystal_system"": ""monoclinic"", ""cif_tier"": ""no (up to very_loose)"", ""deprecated"": false}, {""mpid"": ""mp-585226"", ""score"": 40, ""reasons"": ""formula_only"", ""sg_relation"": ""mismatch"", ""spg_symbol"": ""C2/c"", ""spg_number"": 15, ""crystal_system"": ""monoclinic"", ""cif_tier"": ""no (up to very_loose)"", ""deprecated"": false}, {""mpid"": ""mp-705329"", ""score"": 40, ""reasons"": ""formula_only"", ""sg_relation"": ""mismatch"", ""spg_symbol"": ""Cc"", ""spg_number"": 9, ""crystal_system"": ""monoclinic"", ""cif_tier"": ""no (up to very_loose)"", ""deprecated"": false}, {""mpid"": ""mp-758654"", ""score"": 40, ""reasons"": ""formula_only"", ""sg_relation"": ""mismatch"", ""spg_symbol"": ""P1"", ""spg_number"": 1, ""crystal_system"": ""triclinic"", ""cif_tier"": ""no (up to very_loose)"", ""deprecated"": false}, {""mpid"": ""mp-758962"", ""score"": 40, ""reasons"": ""formula_only"", ""sg_relation"": ""mismatch"", ""spg_symbol"": ""C2"", ""spg_number"": 5, ""crystal_system"": ""monoclinic"", ""cif_tier"": ""no (up to very_loose)"", ""deprecated"": false}, {""mpid"": ""mp-759282"", ""score"": 40, ""reasons"": ""formula_only"", ""sg_relation"": ""mismatch"", ""spg_symbol"": ""P2_12_12"", ""spg_number"": 18, ""crystal_system"": ""orthorhombic"", ""cif_tier"": ""no (up to very_loose)"", ""deprecated"": false}, {""mpid"": ""mp-765598"", ""score"": 40, ""reasons"": ""formula_only"", ""sg_relation"": ""mismatch"", ""spg_symbol"": ""Ia-3d"", ""spg_number"": 230, ""crystal_system"": ""cubic"", ""cif_tier"": ""no (up to very_loose)"", ""deprecated"": false}, {""mpid"": ""mp-772738"", ""score"": 40, ""reasons"": ""formula_only"", ""sg_relation"": ""mismatch"", ""spg_symbol"": ""C2"", ""spg_number"": 5, ""crystal_system"": ""monoclinic"", ""cif_tier"": ""no (up to very_loose)"", ""deprecated"": false}, {""mpid"": ""mp-773158"", ""score"": 40, ""reasons"": ""formula_only"", ""sg_relation"": ""mismatch"", ""spg_symbol"": ""C2"", ""spg_number"": 5, ""crystal_system"": ""monoclinic"", ""cif_tier"": ""no (up to very_loose)"", ""deprecated"": false}, {""mpid"": ""mp-775523"", ""score"": 40, ""reasons"": ""formula_only"", ""sg_relation"": ""mismatch"", ""spg_symbol"": ""C2"", ""spg_number"": 5, ""crystal_system"": ""monoclinic"", ""cif_tier"": ""no (up to very_loose)"", ""deprecated"": false}, {""mpid"": ""mp-849164"", ""score"": 40, ""reasons"": ""formula_only"", ""sg_relation"": ""mismatch"", ""spg_symbol"": ""P1"", ""spg_number"": 1, ""crystal_system"": ""triclinic"", ""cif_tier"": ""no (up to very_loose)"", ""deprecated"": false}, {""mpid"": ""mp-849395"", ""score"": 40, ""reasons"": ""formula_only"", ""sg_relation"": ""mismatch"", ""spg_symbol"": ""P-1"", ""spg_number"": 2, ""crystal_system"": ""triclinic"", ""cif_tier"": ""no (up to very_loose)"", ""deprecated"": false}]",
14,,,,,,,,,,[],
489,,,,,,,,,,[],
540,,,,,,,,,,[],
541,mp-13725,70,"formula+sg,formula_only",exact,Pmn2_1,31,orthorhombic,no (up to very_loose),FALSE,"[{""mpid"": ""mp-13725"", ""score"": 70, ""reasons"": ""formula+sg,formula_only"", ""sg_relation"": ""exact"", ""spg_symbol"": ""Pmn2_1"", ""spg_number"": 31, ""crystal_system"": ""orthorhombic"", ""cif_tier"": ""no (up to very_loose)"", ""deprecated"": false}, {""mpid"": ""mp-2878"", ""score"": 60, ""reasons"": ""formula+sg_system,formula_only"", ""sg_relation"": ""same_system"", ""spg_symbol"": ""Pnma"", ""spg_number"": 62, ""crystal_system"": ""orthorhombic"", ""cif_tier"": ""no (up to very_loose)"", ""deprecated"": false}]",
542,mp-19219,70,"formula+sg,formula_only",exact,Pmn2_1,31,orthorhombic,no (up to very_loose),FALSE,"[{""mpid"": ""mp-19219"", ""score"": 70, ""reasons"": ""formula+sg,formula_only"", ""sg_relation"": ""exact"", ""spg_symbol"": ""Pmn2_1"", ""spg_number"": 31, ""crystal_system"": ""orthorhombic"", ""cif_tier"": ""no (up to very_loose)"", ""deprecated"": false}, {""mpid"": ""mp-581162"", ""score"": 60, ""reasons"": ""formula+sg_system,formula_only"", ""sg_relation"": ""same_system"", ""spg_symbol"": ""Pnma"", ""spg_number"": 62, ""crystal_system"": ""orthorhombic"", ""cif_tier"": ""no (up to very_loose)"", ""deprecated"": false}]",
543,,,,,,,,,,[],
544,,,,,,,,,,[],
546,,,,,,,,,,[],
547,,,,,,,,,,[],
548,,,,,,,,,,[],
549,,,,,,,,,,[],
550,,,,,,,,,,[],
551,,,,,,,,,,[],
553,,,,,,,,,,[],
554,,,,,,,,,,[],
555,mp-4558,60,"formula+sg_system,formula_only",same_system,Cmcm,63,orthorhombic,no (up to very_loose),FALSE,"[{""mpid"": ""mp-4558"", ""score"": 60, ""reasons"": ""formula+sg_system,formula_only"", ""sg_relation"": ""same_system"", ""spg_symbol"": ""Cmcm"", ""spg_number"": 63, ""crystal_system"": ""orthorhombic"", ""cif_tier"": ""no (up to very_loose)"", ""deprecated"": false}]",
556,,,,,,,,,,[],
564,,,,,,,,,,[],
565,,,,,,,,,,[],
566,,,,,,,,,,[],
567,,,,,,,,,,[],
568,,,,,,,,,,[],
569,,,,,,,,,,[],
570,,,,,,,,,,[],
571,,,,,,,,,,[],
572,,,,,,,,,,[],
573,,,,,,,,,,[],
574,,,,,,,,,,[],
575,,,,,,,,,,[],
576,,,,,,,,,,[],
691,,,,,,,,,,[],
704,mp-35822,70,"formula+sg,formula_only",exact,P1,1,triclinic,no (up to very_loose),FALSE,"[{""mpid"": ""mp-35822"", ""score"": 70, ""reasons"": ""formula+sg,formula_only"", ""sg_relation"": ""exact"", ""spg_symbol"": ""P1"", ""spg_number"": 1, ""crystal_system"": ""triclinic"", ""cif_tier"": ""no (up to very_loose)"", ""deprecated"": false}, {""mpid"": ""mp-685863"", ""score"": 70, ""reasons"": ""formula+sg,formula_only"", ""sg_relation"": ""exact"", ""spg_symbol"": ""P1"", ""spg_number"": 1, ""crystal_system"": ""triclinic"", ""cif_tier"": ""no (up to very_loose)"", ""deprecated"": false}, {""mpid"": ""mp-11737"", ""score"": 60, ""reasons"": ""formula+sg_system,formula_only"", ""sg_relation"": ""same_system"", ""spg_symbol"": ""P-1"", ""spg_number"": 2, ""crystal_system"": ""triclinic"", ""cif_tier"": ""no (up to very_loose)"", ""deprecated"": false}, {""mpid"": ""mp-559848"", ""score"": 40, ""reasons"": ""formula_only"", ""sg_relation"": ""mismatch"", ""spg_symbol"": ""P2_1/m"", ""spg_number"": 11, ""crystal_system"": ""monoclinic"", ""cif_tier"": ""no (up to very_loose)"", ""deprecated"": false}, {""mpid"": ""mp-1223129"", ""score"": 40, ""reasons"": ""formula_only"", ""sg_relation"": ""mismatch"", ""spg_symbol"": ""P2_1"", ""spg_number"": 4, ""crystal_system"": ""monoclinic"", ""cif_tier"": ""no (up to very_loose)"", ""deprecated"": false}]",
705,mp-4558,60,"formula+sg_system,formula_only",same_system,Cmcm,63,orthorhombic,no (up to very_loose),FALSE,"[{""mpid"": ""mp-4558"", ""score"": 60, ""reasons"": ""formula+sg_system,formula_only"", ""sg_relation"": ""same_system"", ""spg_symbol"": ""Cmcm"", ""spg_number"": 63, ""crystal_system"": ""orthorhombic"", ""cif_tier"": ""no (up to very_loose)"", ""deprecated"": false}]",
707,,,,,,,,,,[],
716,mp-19219,70,"formula+sg,formula_only",exact,Pmn2_1,31,orthorhombic,no (up to very_loose),FALSE,"[{""mpid"": ""mp-19219"", ""score"": 70, ""reasons"": ""formula+sg,formula_only"", ""sg_relation"": ""exact"", ""spg_symbol"": ""Pmn2_1"", ""spg_number"": 31, ""crystal_system"": ""orthorhombic"", ""cif_tier"": ""no (up to very_loose)"", ""deprecated"": false}, {""mpid"": ""mp-581162"", ""score"": 60, ""reasons"": ""formula+sg_system,formula_only"", ""sg_relation"": ""same_system"", ""spg_symbol"": ""Pnma"", ""spg_number"": 62, ""crystal_system"": ""orthorhombic"", ""cif_tier"": ""no (up to very_loose)"", ""deprecated"": false}]",
726,,,,,,,,,,[],
735,,,,,,,,,,[],
738,,,,,,,,,,[],
2017,,,,,,,,,,[],
2018,,,,,,,,,,[],
2019,,,,,,,,,,[],
2020,,,,,,,,,,[],
2022,,,,,,,,,,[],
314,,,,,,,,,,[],
487,,,,,,,,,,[],
692,,,,,,,,,,[],
693,mp-1222986,40,formula_only,mismatch,Pc,7,monoclinic,no (up to very_loose),FALSE,"[{""mpid"": ""mp-1222986"", ""score"": 40, ""reasons"": ""formula_only"", ""sg_relation"": ""mismatch"", ""spg_symbol"": ""Pc"", ""spg_number"": 7, ""crystal_system"": ""monoclinic"", ""cif_tier"": ""no (up to very_loose)"", ""deprecated"": false}]",
694,,,,,,,,,,[],
695,mp-1222986,40,formula_only,mismatch,Pc,7,monoclinic,no (up to very_loose),FALSE,"[{""mpid"": ""mp-1222986"", ""score"": 40, ""reasons"": ""formula_only"", ""sg_relation"": ""mismatch"", ""spg_symbol"": ""Pc"", ""spg_number"": 7, ""crystal_system"": ""monoclinic"", ""cif_tier"": ""no (up to very_loose)"", ""deprecated"": false}]",
696,,,,,,,,,,[],
2023,,,,,,,,,,[],
2024,mp-1222986,40,formula_only,mismatch,Pc,7,monoclinic,no (up to very_loose),FALSE,"[{""mpid"": ""mp-1222986"", ""score"": 40, ""reasons"": ""formula_only"", ""sg_relation"": ""mismatch"", ""spg_symbol"": ""Pc"", ""spg_number"": 7, ""crystal_system"": ""monoclinic"", ""cif_tier"": ""no (up to very_loose)"", ""deprecated"": false}]",
26,,,,,,,,,,[],
27,,,,,,,,,,[],
29,,,,,,,,,,[],
30,,,,,,,,,,[],
35,mp-18640,70,"formula+sg,formula_only",exact,R-3c,167,trigonal,no (up to very_loose),FALSE,"[{""mpid"": ""mp-18640"", ""score"": 70, ""reasons"": ""formula+sg,formula_only"", ""sg_relation"": ""exact"", ""spg_symbol"": ""R-3c"", ""spg_number"": 167, ""crystal_system"": ""trigonal"", ""cif_tier"": ""no (up to very_loose)"", ""deprecated"": false}, {""mpid"": ""mp-25840"", ""score"": 70, ""reasons"": ""formula+sg,formula_only"", ""sg_relation"": ""exact"", ""spg_symbol"": ""P2_1/c"", ""spg_number"": 14, ""crystal_system"": ""monoclinic"", ""cif_tier"": ""no (up to very_loose)"", ""deprecated"": false}, {""mpid"": ""mp-759377"", ""score"": 70, ""reasons"": ""formula+sg,formula_only"", ""sg_relation"": ""exact"", ""spg_symbol"": ""P2_1/c"", ""spg_number"": 14, ""crystal_system"": ""monoclinic"", ""cif_tier"": ""no (up to very_loose)"", ""deprecated"": false}, {""mpid"": ""mp-772524"", ""score"": 70, ""reasons"": ""formula+sg,formula_only"", ""sg_relation"": ""exact"", ""spg_symbol"": ""P1"", ""spg_number"": 1, ""crystal_system"": ""triclinic"", ""cif_tier"": ""no (up to very_loose)"", ""deprecated"": false}, {""mpid"": ""mp-774539"", ""score"": 70, ""reasons"": ""formula+sg,formula_only"", ""sg_relation"": ""exact"", ""spg_symbol"": ""P1"", ""spg_number"": 1, ""crystal_system"": ""triclinic"", ""cif_tier"": ""no (up to very_loose)"", ""deprecated"": false}, {""mpid"": ""mp-776502"", ""score"": 70, ""reasons"": ""formula+sg,formula_only"", ""sg_relation"": ""exact"", ""spg_symbol"": ""P1"", ""spg_number"": 1, ""crystal_system"": ""triclinic"", ""cif_tier"": ""no (up to very_loose)"", ""deprecated"": false}, {""mpid"": ""mp-26884"", ""score"": 60, ""reasons"": ""formula+sg_system,formula_only"", ""sg_relation"": ""same_system"", ""spg_symbol"": ""P-1"", ""spg_number"": 2, ""crystal_system"": ""triclinic"", ""cif_tier"": ""no (up to very_loose)"", ""deprecated"": false}, {""mpid"": ""mp-725054"", ""score"": 60, ""reasons"": ""formula+sg_system,formula_only"", ""sg_relation"": ""same_system"", ""spg_symbol"": ""P-1"", ""spg_number"": 2, ""crystal_system"": ""triclinic"", ""cif_tier"": ""no (up to very_loose)"", ""deprecated"": false}, {""mpid"": ""mp-762322"", ""score"": 60, ""reasons"": ""formula+sg_system,formula_only"", ""sg_relation"": ""same_system"", ""spg_symbol"": ""C2"", ""spg_number"": 5, ""crystal_system"": ""monoclinic"", ""cif_tier"": ""no (up to very_loose)"", ""deprecated"": false}, {""mpid"": ""mp-774579"", ""score"": 60, ""reasons"": ""formula+sg_system,formula_only"", ""sg_relation"": ""same_system"", ""spg_symbol"": ""P-1"", ""spg_number"": 2, ""crystal_system"": ""triclinic"", ""cif_tier"": ""no (up to very_loose)"", ""deprecated"": false}, {""mpid"": ""mp-787252"", ""score"": 60, ""reasons"": ""formula+sg_system,formula_only"", ""sg_relation"": ""same_system"", ""spg_symbol"": ""P-1"", ""spg_number"": 2, ""crystal_system"": ""triclinic"", ""cif_tier"": ""no (up to very_loose)"", ""deprecated"": false}, {""mpid"": ""mp-759793"", ""score"": 40, ""reasons"": ""formula_only"", ""sg_relation"": ""mismatch"", ""spg_symbol"": ""Pna2_1"", ""spg_number"": 33, ""crystal_system"": ""orthorhombic"", ""cif_tier"": ""no (up to very_loose)"", ""deprecated"": false}, {""mpid"": ""mp-773017"", ""score"": 40, ""reasons"": ""formula_only"", ""sg_relation"": ""mismatch"", ""spg_symbol"": ""Pca2_1"", ""spg_number"": 29, ""crystal_system"": ""orthorhombic"", ""cif_tier"": ""no (up to very_loose)"", ""deprecated"": false}, {""mpid"": ""mp-773843"", ""score"": 40, ""reasons"": ""formula_only"", ""sg_relation"": ""mismatch"", ""spg_symbol"": ""P2_12_12"", ""spg_number"": 18, ""crystal_system"": ""orthorhombic"", ""cif_tier"": ""no (up to very_loose)"", ""deprecated"": false}]",
40,,,,,,,,,,[],
97,,,,,,,,,,[],
98,,,,,,,,,,[],
99,,,,,,,,,,[],
107,,,,,,,,,,[],
108,,,,,,,,,,[],
109,,,,,,,,,,[],
110,,,,,,,,,,[],
155,,,,,,,,,,[],
156,,,,,,,,,,[],
157,,,,,,,,,,[],
166,,,,,,,,,,[],
167,,,,,,,,,,[],
168,,,,,,,,,,[],
169,,,,,,,,,,[],
170,,,,,,,,,,[],
171,,,,,,,,,,[],
172,,,,,,,,,,[],
247,,,,,,,,,,[],
248,,,,,,,,,,[],
249,,,,,,,,,,[],
250,mp-541272,70,"formula+sg,formula_only",exact,R-3c,167,trigonal,no (up to very_loose),FALSE,"[{""mpid"": ""mp-541272"", ""score"": 70, ""reasons"": ""formula+sg,formula_only"", ""sg_relation"": ""exact"", ""spg_symbol"": ""R-3c"", ""spg_number"": 167, ""crystal_system"": ""trigonal"", ""cif_tier"": ""no (up to very_loose)"", ""deprecated"": false}, {""mpid"": ""mp-1021510"", ""score"": 70, ""reasons"": ""formula+sg,formula_only"", ""sg_relation"": ""exact"", ""spg_symbol"": ""R-3"", ""spg_number"": 148, ""crystal_system"": ""trigonal"", ""cif_tier"": ""no (up to very_loose)"", ""deprecated"": false}]",
303,,,,,,,,,,[],
304,,,,,,,,,,[],
305,,,,,,,,,,[],
306,,,,,,,,,,[],
307,,,,,,,,,,[],
308,,,,,,,,,,[],
309,,,,,,,,,,[],
310,,,,,,,,,,[],
311,,,,,,,,,,[],
312,,,,,,,,,,[],
313,mp-18640,70,"formula+sg,formula_only",exact,R-3c,167,trigonal,no (up to very_loose),FALSE,"[{""mpid"": ""mp-18640"", ""score"": 70, ""reasons"": ""formula+sg,formula_only"", ""sg_relation"": ""exact"", ""spg_symbol"": ""R-3c"", ""spg_number"": 167, ""crystal_system"": ""trigonal"", ""cif_tier"": ""no (up to very_loose)"", ""deprecated"": false}, {""mpid"": ""mp-25840"", ""score"": 70, ""reasons"": ""formula+sg,formula_only"", ""sg_relation"": ""exact"", ""spg_symbol"": ""P2_1/c"", ""spg_number"": 14, ""crystal_system"": ""monoclinic"", ""cif_tier"": ""no (up to very_loose)"", ""deprecated"": false}, {""mpid"": ""mp-759377"", ""score"": 70, ""reasons"": ""formula+sg,formula_only"", ""sg_relation"": ""exact"", ""spg_symbol"": ""P2_1/c"", ""spg_number"": 14, ""crystal_system"": ""monoclinic"", ""cif_tier"": ""no (up to very_loose)"", ""deprecated"": false}, {""mpid"": ""mp-772524"", ""score"": 70, ""reasons"": ""formula+sg,formula_only"", ""sg_relation"": ""exact"", ""spg_symbol"": ""P1"", ""spg_number"": 1, ""crystal_system"": ""triclinic"", ""cif_tier"": ""no (up to very_loose)"", ""deprecated"": false}, {""mpid"": ""mp-774539"", ""score"": 70, ""reasons"": ""formula+sg,formula_only"", ""sg_relation"": ""exact"", ""spg_symbol"": ""P1"", ""spg_number"": 1, ""crystal_system"": ""triclinic"", ""cif_tier"": ""no (up to very_loose)"", ""deprecated"": false}, {""mpid"": ""mp-776502"", ""score"": 70, ""reasons"": ""formula+sg,formula_only"", ""sg_relation"": ""exact"", ""spg_symbol"": ""P1"", ""spg_number"": 1, ""crystal_system"": ""triclinic"", ""cif_tier"": ""no (up to very_loose)"", ""deprecated"": false}, {""mpid"": ""mp-26884"", ""score"": 60, ""reasons"": ""formula+sg_system,formula_only"", ""sg_relation"": ""same_system"", ""spg_symbol"": ""P-1"", ""spg_number"": 2, ""crystal_system"": ""triclinic"", ""cif_tier"": ""no (up to very_loose)"", ""deprecated"": false}, {""mpid"": ""mp-725054"", ""score"": 60, ""reasons"": ""formula+sg_system,formula_only"", ""sg_relation"": ""same_system"", ""spg_symbol"": ""P-1"", ""spg_number"": 2, ""crystal_system"": ""triclinic"", ""cif_tier"": ""no (up to very_loose)"", ""deprecated"": false}, {""mpid"": ""mp-762322"", ""score"": 60, ""reasons"": ""formula+sg_system,formula_only"", ""sg_relation"": ""same_system"", ""spg_symbol"": ""C2"", ""spg_number"": 5, ""crystal_system"": ""monoclinic"", ""cif_tier"": ""no (up to very_loose)"", ""deprecated"": false}, {""mpid"": ""mp-774579"", ""score"": 60, ""reasons"": ""formula+sg_system,formula_only"", ""sg_relation"": ""same_system"", ""spg_symbol"": ""P-1"", ""spg_number"": 2, ""crystal_system"": ""triclinic"", ""cif_tier"": ""no (up to very_loose)"", ""deprecated"": false}, {""mpid"": ""mp-787252"", ""score"": 60, ""reasons"": ""formula+sg_system,formula_only"", ""sg_relation"": ""same_system"", ""spg_symbol"": ""P-1"", ""spg_number"": 2, ""crystal_system"": ""triclinic"", ""cif_tier"": ""no (up to very_loose)"", ""deprecated"": false}, {""mpid"": ""mp-759793"", ""score"": 40, ""reasons"": ""formula_only"", ""sg_relation"": ""mismatch"", ""spg_symbol"": ""Pna2_1"", ""spg_number"": 33, ""crystal_system"": ""orthorhombic"", ""cif_tier"": ""no (up to very_loose)"", ""deprecated"": false}, {""mpid"": ""mp-773017"", ""score"": 40, ""reasons"": ""formula_only"", ""sg_relation"": ""mismatch"", ""spg_symbol"": ""Pca2_1"", ""spg_number"": 29, ""crystal_system"": ""orthorhombic"", ""cif_tier"": ""no (up to very_loose)"", ""deprecated"": false}, {""mpid"": ""mp-773843"", ""score"": 40, ""reasons"": ""formula_only"", ""sg_relation"": ""mismatch"", ""spg_symbol"": ""P2_12_12"", ""spg_number"": 18, ""crystal_system"": ""orthorhombic"", ""cif_tier"": ""no (up to very_loose)"", ""deprecated"": false}]",
315,,,,,,,,,,[],
316,,,,,,,,,,[],
317,,,,,,,,,,[],
318,,,,,,,,,,[],
320,,,,,,,,,,[],
321,,,,,,,,,,[],
322,,,,,,,,,,[],
323,,,,,,,,,,[],
324,,,,,,,,,,[],
325,,,,,,,,,,[],
326,,,,,,,,,,[],
327,,,,,,,,,,[],
328,mp-6373,70,"formula+sg,formula_only",exact,P2_1/c,14,monoclinic,no (up to very_loose),FALSE,"[{""mpid"": ""mp-6373"", ""score"": 70, ""reasons"": ""formula+sg,formula_only"", ""sg_relation"": ""exact"", ""spg_symbol"": ""P2_1/c"", ""spg_number"": 14, ""crystal_system"": ""monoclinic"", ""cif_tier"": ""no (up to very_loose)"", ""deprecated"": false}, {""mpid"": ""mp-19430"", ""score"": 70, ""reasons"": ""formula+sg,formula_only"", ""sg_relation"": ""exact"", ""spg_symbol"": ""R-3"", ""spg_number"": 148, ""crystal_system"": ""trigonal"", ""cif_tier"": ""no (up to very_loose)"", ""deprecated"": false}, {""mpid"": ""mp-25993"", ""score"": 70, ""reasons"": ""formula+sg,formula_only"", ""sg_relation"": ""exact"", ""spg_symbol"": ""P2_1/c"", ""spg_number"": 14, ""crystal_system"": ""monoclinic"", ""cif_tier"": ""no (up to very_loose)"", ""deprecated"": false}, {""mpid"": ""mp-26069"", ""score"": 70, ""reasons"": ""formula+sg,formula_only"", ""sg_relation"": ""exact"", ""spg_symbol"": ""P2_1/c"", ""spg_number"": 14, ""crystal_system"": ""monoclinic"", ""cif_tier"": ""no (up to very_loose)"", ""deprecated"": false}, {""mpid"": ""mp-26825"", ""score"": 70, ""reasons"": ""formula+sg,formula_only"", ""sg_relation"": ""exact"", ""spg_symbol"": ""C2/c"", ""spg_number"": 15, ""crystal_system"": ""monoclinic"", ""cif_tier"": ""no (up to very_loose)"", ""deprecated"": false}, {""mpid"": ""mp-585226"", ""score"": 70, ""reasons"": ""formula+sg,formula_only"", ""sg_relation"": ""exact"", ""spg_symbol"": ""C2/c"", ""spg_number"": 15, ""crystal_system"": ""monoclinic"", ""cif_tier"": ""no (up to very_loose)"", ""deprecated"": false}, {""mpid"": ""mp-758654"", ""score"": 70, ""reasons"": ""formula+sg,formula_only"", ""sg_relation"": ""exact"", ""spg_symbol"": ""P1"", ""spg_number"": 1, ""crystal_system"": ""triclinic"", ""cif_tier"": ""no (up to very_loose)"", ""deprecated"": false}, {""mpid"": ""mp-849164"", ""score"": 70, ""reasons"": ""formula+sg,formula_only"", ""sg_relation"": ""exact"", ""spg_symbol"": ""P1"", ""spg_number"": 1, ""crystal_system"": ""triclinic"", ""cif_tier"": ""no (up to very_loose)"", ""deprecated"": false}, {""mpid"": ""mp-26677"", ""score"": 60, ""reasons"": ""formula+sg_system,formula_only"", ""sg_relation"": ""same_system"", ""spg_symbol"": ""C2/m"", ""spg_number"": 12, ""crystal_system"": ""monoclinic"", ""cif_tier"": ""no (up to very_loose)"", ""deprecated"": false}, {""mpid"": ""mp-504385"", ""score"": 60, ""reasons"": ""formula+sg_system,formula_only"", ""sg_relation"": ""same_system"", ""spg_symbol"": ""P2/c"", ""spg_number"": 13, ""crystal_system"": ""monoclinic"", ""cif_tier"": ""no (up to very_loose)"", ""deprecated"": false}, {""mpid"": ""mp-705329"", ""score"": 60, ""reasons"": ""formula+sg_system,formula_only"", ""sg_relation"": ""same_system"", ""spg_symbol"": ""Cc"", ""spg_number"": 9, ""crystal_system"": ""monoclinic"", ""cif_tier"": ""no (up to very_loose)"", ""deprecated"": false}, {""mpid"": ""mp-758962"", ""score"": 60, ""reasons"": ""formula+sg_system,formula_only"", ""sg_relation"": ""same_system"", ""spg_symbol"": ""C2"", ""spg_number"": 5, ""crystal_system"": ""monoclinic"", ""cif_tier"": ""no (up to very_loose)"", ""deprecated"": false}, {""mpid"": ""mp-772738"", ""score"": 60, ""reasons"": ""formula+sg_system,formula_only"", ""sg_relation"": ""same_system"", ""spg_symbol"": ""C2"", ""spg_number"": 5, ""crystal_system"": ""monoclinic"", ""cif_tier"": ""no (up to very_loose)"", ""deprecated"": false}, {""mpid"": ""mp-773158"", ""score"": 60, ""reasons"": ""formula+sg_system,formula_only"", ""sg_relation"": ""same_system"", ""spg_symbol"": ""C2"", ""spg_number"": 5, ""crystal_system"": ""monoclinic"", ""cif_tier"": ""no (up to very_loose)"", ""deprecated"": false}, {""mpid"": ""mp-775523"", ""score"": 60, ""reasons"": ""formula+sg_system,formula_only"", ""sg_relation"": ""same_system"", ""spg_symbol"": ""C2"", ""spg_number"": 5, ""crystal_system"": ""monoclinic"", ""cif_tier"": ""no (up to very_loose)"", ""deprecated"": false}, {""mpid"": ""mp-849395"", ""score"": 60, ""reasons"": ""formula+sg_system,formula_only"", ""sg_relation"": ""same_system"", ""spg_symbol"": ""P-1"", ""spg_number"": 2, ""crystal_system"": ""triclinic"", ""cif_tier"": ""no (up to very_loose)"", ""deprecated"": false}, {""mpid"": ""mp-759282"", ""score"": 40, ""reasons"": ""formula_only"", ""sg_relation"": ""mismatch"", ""spg_symbol"": ""P2_12_12"", ""spg_number"": 18, ""crystal_system"": ""orthorhombic"", ""cif_tier"": ""no (up to very_loose)"", ""deprecated"": false}, {""mpid"": ""mp-765598"", ""score"": 40, ""reasons"": ""formula_only"", ""sg_relation"": ""mismatch"", ""spg_symbol"": ""Ia-3d"", ""spg_number"": 230, ""crystal_system"": ""cubic"", ""cif_tier"": ""no (up to very_loose)"", ""deprecated"": false}]",
329,mp-26045,70,"formula+sg,formula_only",exact,P2_1/c,14,monoclinic,no (up to very_loose),FALSE,"[{""mpid"": ""mp-26045"", ""score"": 70, ""reasons"": ""formula+sg,formula_only"", ""sg_relation"": ""exact"", ""spg_symbol"": ""P2_1/c"", ""spg_number"": 14, ""crystal_system"": ""monoclinic"", ""cif_tier"": ""no (up to very_loose)"", ""deprecated"": false}, {""mpid"": ""mp-26079"", ""score"": 70, ""reasons"": ""formula+sg,formula_only"", ""sg_relation"": ""exact"", ""spg_symbol"": ""P2_1/c"", ""spg_number"": 14, ""crystal_system"": ""monoclinic"", ""cif_tier"": ""no (up to very_loose)"", ""deprecated"": false}, {""mpid"": ""mp-26705"", ""score"": 70, ""reasons"": ""formula+sg,formula_only"", ""sg_relation"": ""exact"", ""spg_symbol"": ""C2/c"", ""spg_number"": 15, ""crystal_system"": ""monoclinic"", ""cif_tier"": ""no (up to very_loose)"", ""deprecated"": false}, {""mpid"": ""mp-26869"", ""score"": 70, ""reasons"": ""formula+sg,formula_only"", ""sg_relation"": ""exact"", ""spg_symbol"": ""C2/c"", ""spg_number"": 15, ""crystal_system"": ""monoclinic"", ""cif_tier"": ""no (up to very_loose)"", ""deprecated"": false}, {""mpid"": ""mp-26971"", ""score"": 70, ""reasons"": ""formula+sg,formula_only"", ""sg_relation"": ""exact"", ""spg_symbol"": ""R-3"", ""spg_number"": 148, ""crystal_system"": ""trigonal"", ""cif_tier"": ""no (up to very_loose)"", ""deprecated"": false}, {""mpid"": ""mp-757298"", ""score"": 70, ""reasons"": ""formula+sg,formula_only"", ""sg_relation"": ""exact"", ""spg_symbol"": ""P1"", ""spg_number"": 1, ""crystal_system"": ""triclinic"", ""cif_tier"": ""no (up to very_loose)"", ""deprecated"": false}, {""mpid"": ""mp-775597"", ""score"": 70, ""reasons"": ""formula+sg,formula_only"", ""sg_relation"": ""exact"", ""spg_symbol"": ""P2_1/c"", ""spg_number"": 14, ""crystal_system"": ""monoclinic"", ""cif_tier"": ""no (up to very_loose)"", ""deprecated"": false}, {""mpid"": ""mp-780606"", ""score"": 70, ""reasons"": ""formula+sg,formula_only"", ""sg_relation"": ""exact"", ""spg_symbol"": ""P1"", ""spg_number"": 1, ""crystal_system"": ""triclinic"", ""cif_tier"": ""no (up to very_loose)"", ""deprecated"": false}, {""mpid"": ""mp-831192"", ""score"": 70, ""reasons"": ""formula+sg,formula_only"", ""sg_relation"": ""exact"", ""spg_symbol"": ""P1"", ""spg_number"": 1, ""crystal_system"": ""triclinic"", ""cif_tier"": ""no (up to very_loose)"", ""deprecated"": false}, {""mpid"": ""mp-1177733"", ""score"": 70, ""reasons"": ""formula+sg,formula_only"", ""sg_relation"": ""exact"", ""spg_symbol"": ""C2/c"", ""spg_number"": 15, ""crystal_system"": ""monoclinic"", ""cif_tier"": ""no (up to very_loose)"", ""deprecated"": false}, {""mpid"": ""mp-25837"", ""score"": 60, ""reasons"": ""formula+sg_system,formula_only"", ""sg_relation"": ""same_system"", ""spg_symbol"": ""P2/c"", ""spg_number"": 13, ""crystal_system"": ""monoclinic"", ""cif_tier"": ""no (up to very_loose)"", ""deprecated"": false}, {""mpid"": ""mp-26489"", ""score"": 60, ""reasons"": ""formula+sg_system,formula_only"", ""sg_relation"": ""same_system"", ""spg_symbol"": ""C2/m"", ""spg_number"": 12, ""crystal_system"": ""monoclinic"", ""cif_tier"": ""no (up to very_loose)"", ""deprecated"": false}, {""mpid"": ""mp-26605"", ""score"": 60, ""reasons"": ""formula+sg_system,formula_only"", ""sg_relation"": ""same_system"", ""spg_symbol"": ""C2"", ""spg_number"": 5, ""crystal_system"": ""monoclinic"", ""cif_tier"": ""no (up to very_loose)"", ""deprecated"": false}, {""mpid"": ""mp-31729"", ""score"": 60, ""reasons"": ""formula+sg_system,formula_only"", ""sg_relation"": ""same_system"", ""spg_symbol"": ""Cc"", ""spg_number"": 9, ""crystal_system"": ""monoclinic"", ""cif_tier"": ""no (up to very_loose)"", ""deprecated"": false}, {""mpid"": ""mp-697753"", ""score"": 60, ""reasons"": ""formula+sg_system,formula_only"", ""sg_relation"": ""same_system"", ""spg_symbol"": ""Cc"", ""spg_number"": 9, ""crystal_system"": ""monoclinic"", ""cif_tier"": ""no (up to very_loose)"", ""deprecated"": false}, {""mpid"": ""mp-774463"", ""score"": 60, ""reasons"": ""formula+sg_system,formula_only"", ""sg_relation"": ""same_system"", ""spg_symbol"": ""C2"", ""spg_number"": 5, ""crystal_system"": ""monoclinic"", ""cif_tier"": ""no (up to very_loose)"", ""deprecated"": false}, {""mpid"": ""mp-779336"", ""score"": 60, ""reasons"": ""formula+sg_system,formula_only"", ""sg_relation"": ""same_system"", ""spg_symbol"": ""C2"", ""spg_number"": 5, ""crystal_system"": ""monoclinic"", ""cif_tier"": ""no (up to very_loose)"", ""deprecated"": false}, {""mpid"": ""mp-26739"", ""score"": 40, ""reasons"": ""formula_only"", ""sg_relation"": ""mismatch"", ""spg_symbol"": ""Ia-3d"", ""spg_number"": 230, ""crystal_system"": ""cubic"", ""cif_tier"": ""no (up to very_loose)"", ""deprecated"": false}]",
332,,,,,,,,,,[],
333,,,,,,,,,,[],
334,,,,,,,,,,[],
335,,,,,,,,,,[],
336,,,,,,,,,,[],
337,,,,,,,,,,[],
338,,,,,,,,,,[],
339,,,,,,,,,,[],
340,,,,,,,,,,[],
341,,,,,,,,,,[],
342,,,,,,,,,,[],
343,,,,,,,,,,[],
344,,,,,,,,,,[],
346,,,,,,,,,,[],
348,,,,,,,,,,[],
349,,,,,,,,,,[],
350,,,,,,,,,,[],
351,,,,,,,,,,[],
352,,,,,,,,,,[],
353,,,,,,,,,,[],
354,,,,,,,,,,[],
355,,,,,,,,,,[],
358,,,,,,,,,,[],
359,,,,,,,,,,[],
360,,,,,,,,,,[],
361,,,,,,,,,,[],
362,,,,,,,,,,[],
363,,,,,,,,,,[],
364,,,,,,,,,,[],
365,,,,,,,,,,[],
366,,,,,,,,,,[],
367,,,,,,,,,,[],
368,,,,,,,,,,[],
369,,,,,,,,,,[],
370,,,,,,,,,,[],
371,,,,,,,,,,[],
372,,,,,,,,,,[],
373,,,,,,,,,,[],
374,,,,,,,,,,[],
375,,,,,,,,,,[],
376,,,,,,,,,,[],
377,,,,,,,,,,[],
378,,,,,,,,,,[],
379,,,,,,,,,,[],
380,,,,,,,,,,[],
381,,,,,,,,,,[],
382,,,,,,,,,,[],
383,,,,,,,,,,[],
384,,,,,,,,,,[],
385,,,,,,,,,,[],
386,,,,,,,,,,[],
387,mp-10499,70,"formula+sg,formula_only",exact,P2_1/c,14,monoclinic,no (up to very_loose),FALSE,"[{""mpid"": ""mp-10499"", ""score"": 70, ""reasons"": ""formula+sg,formula_only"", ""sg_relation"": ""exact"", ""spg_symbol"": ""P2_1/c"", ""spg_number"": 14, ""crystal_system"": ""monoclinic"", ""cif_tier"": ""no (up to very_loose)"", ""deprecated"": false}, {""mpid"": ""mp-541661"", ""score"": 70, ""reasons"": ""formula+sg,formula_only"", ""sg_relation"": ""exact"", ""spg_symbol"": ""R-3c"", ""spg_number"": 167, ""crystal_system"": ""trigonal"", ""cif_tier"": ""no (up to very_loose)"", ""deprecated"": false}, {""mpid"": ""mp-773074"", ""score"": 70, ""reasons"": ""formula+sg,formula_only"", ""sg_relation"": ""exact"", ""spg_symbol"": ""P1"", ""spg_number"": 1, ""crystal_system"": ""triclinic"", ""cif_tier"": ""no (up to very_loose)"", ""deprecated"": false}, {""mpid"": ""mp-681439"", ""score"": 60, ""reasons"": ""formula+sg_system,formula_only"", ""sg_relation"": ""same_system"", ""spg_symbol"": ""C2"", ""spg_number"": 5, ""crystal_system"": ""monoclinic"", ""cif_tier"": ""no (up to very_loose)"", ""deprecated"": false}, {""mpid"": ""mp-759280"", ""score"": 60, ""reasons"": ""formula+sg_system,formula_only"", ""sg_relation"": ""same_system"", ""spg_symbol"": ""P-1"", ""spg_number"": 2, ""crystal_system"": ""triclinic"", ""cif_tier"": ""no (up to very_loose)"", ""deprecated"": false}, {""mpid"": ""mp-773068"", ""score"": 60, ""reasons"": ""formula+sg_system,formula_only"", ""sg_relation"": ""same_system"", ""spg_symbol"": ""Cc"", ""spg_number"": 9, ""crystal_system"": ""monoclinic"", ""cif_tier"": ""no (up to very_loose)"", ""deprecated"": false}, {""mpid"": ""mp-1246721"", ""score"": 60, ""reasons"": ""formula+sg_system,formula_only"", ""sg_relation"": ""same_system"", ""spg_symbol"": ""P-1"", ""spg_number"": 2, ""crystal_system"": ""triclinic"", ""cif_tier"": ""no (up to very_loose)"", ""deprecated"": false}]",
388,,,,,,,,,,[],
389,,,,,,,,,,[],
390,,,,,,,,,,[],
391,mp-10499,70,"formula+sg,formula_only",exact,P2_1/c,14,monoclinic,no (up to very_loose),FALSE,"[{""mpid"": ""mp-10499"", ""score"": 70, ""reasons"": ""formula+sg,formula_only"", ""sg_relation"": ""exact"", ""spg_symbol"": ""P2_1/c"", ""spg_number"": 14, ""crystal_system"": ""monoclinic"", ""cif_tier"": ""no (up to very_loose)"", ""deprecated"": false}, {""mpid"": ""mp-541661"", ""score"": 70, ""reasons"": ""formula+sg,formula_only"", ""sg_relation"": ""exact"", ""spg_symbol"": ""R-3c"", ""spg_number"": 167, ""crystal_system"": ""trigonal"", ""cif_tier"": ""no (up to very_loose)"", ""deprecated"": false}, {""mpid"": ""mp-773074"", ""score"": 70, ""reasons"": ""formula+sg,formula_only"", ""sg_relation"": ""exact"", ""spg_symbol"": ""P1"", ""spg_number"": 1, ""crystal_system"": ""triclinic"", ""cif_tier"": ""no (up to very_loose)"", ""deprecated"": false}, {""mpid"": ""mp-681439"", ""score"": 60, ""reasons"": ""formula+sg_system,formula_only"", ""sg_relation"": ""same_system"", ""spg_symbol"": ""C2"", ""spg_number"": 5, ""crystal_system"": ""monoclinic"", ""cif_tier"": ""no (up to very_loose)"", ""deprecated"": false}, {""mpid"": ""mp-759280"", ""score"": 60, ""reasons"": ""formula+sg_system,formula_only"", ""sg_relation"": ""same_system"", ""spg_symbol"": ""P-1"", ""spg_number"": 2, ""crystal_system"": ""triclinic"", ""cif_tier"": ""no (up to very_loose)"", ""deprecated"": false}, {""mpid"": ""mp-773068"", ""score"": 60, ""reasons"": ""formula+sg_system,formula_only"", ""sg_relation"": ""same_system"", ""spg_symbol"": ""Cc"", ""spg_number"": 9, ""crystal_system"": ""monoclinic"", ""cif_tier"": ""no (up to very_loose)"", ""deprecated"": false}, {""mpid"": ""mp-1246721"", ""score"": 60, ""reasons"": ""formula+sg_system,formula_only"", ""sg_relation"": ""same_system"", ""spg_symbol"": ""P-1"", ""spg_number"": 2, ""crystal_system"": ""triclinic"", ""cif_tier"": ""no (up to very_loose)"", ""deprecated"": false}]",
392,,,,,,,,,,[],
393,,,,,,,,,,[],
394,,,,,,,,,,[],
395,,,,,,,,,,[],
396,,,,,,,,,,[],
397,,,,,,,,,,[],
398,,,,,,,,,,[],
399,,,,,,,,,,[],
401,,,,,,,,,,[],
402,,,,,,,,,,[],
403,,,,,,,,,,[],
404,,,,,,,,,,[],
405,,,,,,,,,,[],
406,,,,,,,,,,[],
407,,,,,,,,,,[],
408,,,,,,,,,,[],
409,mp-705887,70,"formula+sg,formula_only",exact,P2_1/c,14,monoclinic,no (up to very_loose),FALSE,"[{""mpid"": ""mp-705887"", ""score"": 70, ""reasons"": ""formula+sg,formula_only"", ""sg_relation"": ""exact"", ""spg_symbol"": ""P2_1/c"", ""spg_number"": 14, ""crystal_system"": ""monoclinic"", ""cif_tier"": ""no (up to very_loose)"", ""deprecated"": false}, {""mpid"": ""mp-1223017"", ""score"": 40, ""reasons"": ""formula_only"", ""sg_relation"": ""mismatch"", ""spg_symbol"": ""Pna2_1"", ""spg_number"": 33, ""crystal_system"": ""orthorhombic"", ""cif_tier"": ""no (up to very_loose)"", ""deprecated"": false}]",
410,mp-694934,70,"formula+sg,formula_only",exact,P2_1/c,14,monoclinic,no (up to very_loose),FALSE,"[{""mpid"": ""mp-694934"", ""score"": 70, ""reasons"": ""formula+sg,formula_only"", ""sg_relation"": ""exact"", ""spg_symbol"": ""P2_1/c"", ""spg_number"": 14, ""crystal_system"": ""monoclinic"", ""cif_tier"": ""no (up to very_loose)"", ""deprecated"": false}, {""mpid"": ""mp-1222972"", ""score"": 40, ""reasons"": ""formula_only"", ""sg_relation"": ""mismatch"", ""spg_symbol"": ""Pna2_1"", ""spg_number"": 33, ""crystal_system"": ""orthorhombic"", ""cif_tier"": ""no (up to very_loose)"", ""deprecated"": false}]",
411,mp-706279,70,"formula+sg,formula_only",exact,P2_1/c,14,monoclinic,no (up to very_loose),FALSE,"[{""mpid"": ""mp-706279"", ""score"": 70, ""reasons"": ""formula+sg,formula_only"", ""sg_relation"": ""exact"", ""spg_symbol"": ""P2_1/c"", ""spg_number"": 14, ""crystal_system"": ""monoclinic"", ""cif_tier"": ""no (up to very_loose)"", ""deprecated"": false}, {""mpid"": ""mp-766132"", ""score"": 40, ""reasons"": ""formula_only"", ""sg_relation"": ""mismatch"", ""spg_symbol"": ""Pna2_1"", ""spg_number"": 33, ""crystal_system"": ""orthorhombic"", ""cif_tier"": ""no (up to very_loose)"", ""deprecated"": false}]",
412,,,,,,,,,,[],
413,,,,,,,,,,[],
414,,,,,,,,,,[],
418,,,,,,,,,,[],
419,,,,,,,,,,[],
420,mp-6565,70,"formula+sg,formula_only",exact,P2_1/c,14,monoclinic,no (up to very_loose),FALSE,"[{""mpid"": ""mp-6565"", ""score"": 70, ""reasons"": ""formula+sg,formula_only"", ""sg_relation"": ""exact"", ""spg_symbol"": ""P2_1/c"", ""spg_number"": 14, ""crystal_system"": ""monoclinic"", ""cif_tier"": ""no (up to very_loose)"", ""deprecated"": false}, {""mpid"": ""mp-774742"", ""score"": 70, ""reasons"": ""formula+sg,formula_only"", ""sg_relation"": ""exact"", ""spg_symbol"": ""P2_1/c"", ""spg_number"": 14, ""crystal_system"": ""monoclinic"", ""cif_tier"": ""no (up to very_loose)"", ""deprecated"": false}]",
421,,,,,,,,,,[],
422,,,,,,,,,,[],
423,,,,,,,,,,[],
424,,,,,,,,,,[],
425,,,,,,,,,,[],
426,,,,,,,,,,[],
427,,,,,,,,,,[],
430,,,,,,,,,,[],
431,,,,,,,,,,[],
432,,,,,,,,,,[],
433,,,,,,,,,,[],
434,,,,,,,,,,[],
435,,,,,,,,,,[],
436,,,,,,,,,,[],
437,,,,,,,,,,[],
438,,,,,,,,,,[],
439,,,,,,,,,,[],
440,,,,,,,,,,[],
441,mp-541272,70,"formula+sg,formula_only",exact,R-3c,167,trigonal,no (up to very_loose),FALSE,"[{""mpid"": ""mp-541272"", ""score"": 70, ""reasons"": ""formula+sg,formula_only"", ""sg_relation"": ""exact"", ""spg_symbol"": ""R-3c"", ""spg_number"": 167, ""crystal_system"": ""trigonal"", ""cif_tier"": ""no (up to very_loose)"", ""deprecated"": false}, {""mpid"": ""mp-1021510"", ""score"": 70, ""reasons"": ""formula+sg,formula_only"", ""sg_relation"": ""exact"", ""spg_symbol"": ""R-3"", ""spg_number"": 148, ""crystal_system"": ""trigonal"", ""cif_tier"": ""no (up to very_loose)"", ""deprecated"": false}]",
446,,,,,,,,,,[],
448,,,,,,,,,,[],
449,,,,,,,,,,[],
451,,,,,,,,,,[],
452,,,,,,,,,,[],
453,,,,,,,,,,[],
454,,,,,,,,,,[],
455,,,,,,,,,,[],
456,,,,,,,,,,[],
457,,,,,,,,,,[],
458,,,,,,,,,,[],
459,,,,,,,,,,[],
460,,,,,,,,,,[],
461,,,,,,,,,,[],
462,,,,,,,,,,[],
463,,,,,,,,,,[],
464,,,,,,,,,,[],
465,,,,,,,,,,[],
466,,,,,,,,,,[],
467,,,,,,,,,,[],
468,,,,,,,,,,[],
469,,,,,,,,,,[],
470,,,,,,,,,,[],
471,mp-26702,70,"formula+sg,formula_only",exact,P2_1/c,14,monoclinic,no (up to very_loose),FALSE,"[{""mpid"": ""mp-26702"", ""score"": 70, ""reasons"": ""formula+sg,formula_only"", ""sg_relation"": ""exact"", ""spg_symbol"": ""P2_1/c"", ""spg_number"": 14, ""crystal_system"": ""monoclinic"", ""cif_tier"": ""no (up to very_loose)"", ""deprecated"": false}, {""mpid"": ""mp-27094"", ""score"": 70, ""reasons"": ""formula+sg,formula_only"", ""sg_relation"": ""exact"", ""spg_symbol"": ""P2_1/c"", ""spg_number"": 14, ""crystal_system"": ""monoclinic"", ""cif_tier"": ""no (up to very_loose)"", ""deprecated"": false}, {""mpid"": ""mp-562473"", ""score"": 70, ""reasons"": ""formula+sg,formula_only"", ""sg_relation"": ""exact"", ""spg_symbol"": ""R-3c"", ""spg_number"": 167, ""crystal_system"": ""trigonal"", ""cif_tier"": ""no (up to very_loose)"", ""deprecated"": false}, {""mpid"": ""mp-27122"", ""score"": 60, ""reasons"": ""formula+sg_system,formula_only"", ""sg_relation"": ""same_system"", ""spg_symbol"": ""P-1"", ""spg_number"": 2, ""crystal_system"": ""triclinic"", ""cif_tier"": ""no (up to very_loose)"", ""deprecated"": false}, {""mpid"": ""mp-554917"", ""score"": 60, ""reasons"": ""formula+sg_system,formula_only"", ""sg_relation"": ""same_system"", ""spg_symbol"": ""P-1"", ""spg_number"": 2, ""crystal_system"": ""triclinic"", ""cif_tier"": ""no (up to very_loose)"", ""deprecated"": false}, {""mpid"": ""mp-677864"", ""score"": 60, ""reasons"": ""formula+sg_system,formula_only"", ""sg_relation"": ""same_system"", ""spg_symbol"": ""P-1"", ""spg_number"": 2, ""crystal_system"": ""triclinic"", ""cif_tier"": ""no (up to very_loose)"", ""deprecated"": false}, {""mpid"": ""mp-729013"", ""score"": 60, ""reasons"": ""formula+sg_system,formula_only"", ""sg_relation"": ""same_system"", ""spg_symbol"": ""P-1"", ""spg_number"": 2, ""crystal_system"": ""triclinic"", ""cif_tier"": ""no (up to very_loose)"", ""deprecated"": false}, {""mpid"": ""mp-759384"", ""score"": 60, ""reasons"": ""formula+sg_system,formula_only"", ""sg_relation"": ""same_system"", ""spg_symbol"": ""P-1"", ""spg_number"": 2, ""crystal_system"": ""triclinic"", ""cif_tier"": ""no (up to very_loose)"", ""deprecated"": false}, {""mpid"": ""mp-780235"", ""score"": 60, ""reasons"": ""formula+sg_system,formula_only"", ""sg_relation"": ""same_system"", ""spg_symbol"": ""P-1"", ""spg_number"": 2, ""crystal_system"": ""triclinic"", ""cif_tier"": ""no (up to very_loose)"", ""deprecated"": false}, {""mpid"": ""mp-760231"", ""score"": 40, ""reasons"": ""formula_only"", ""sg_relation"": ""mismatch"", ""spg_symbol"": ""Pna2_1"", ""spg_number"": 33, ""crystal_system"": ""orthorhombic"", ""cif_tier"": ""no (up to very_loose)"", ""deprecated"": false}, {""mpid"": ""mp-773129"", ""score"": 40, ""reasons"": ""formula_only"", ""sg_relation"": ""mismatch"", ""spg_symbol"": ""Pca2_1"", ""spg_number"": 29, ""crystal_system"": ""orthorhombic"", ""cif_tier"": ""no (up to very_loose)"", ""deprecated"": false}, {""mpid"": ""mp-850532"", ""score"": 40, ""reasons"": ""formula_only"", ""sg_relation"": ""mismatch"", ""spg_symbol"": ""P2_12_12"", ""spg_number"": 18, ""crystal_system"": ""orthorhombic"", ""cif_tier"": ""no (up to very_loose)"", ""deprecated"": false}]",
472,,,,,,,,,,[],
473,,,,,,,,,,[],
474,,,,,,,,,,[],
475,,,,,,,,,,[],
476,,,,,,,,,,[],
477,,,,,,,,,,[],
478,,,,,,,,,,[],
479,,,,,,,,,,[],
480,,,,,,,,,,[],
481,,,,,,,,,,[],
482,,,,,,,,,,[],
483,,,,,,,,,,[],
484,,,,,,,,,,[],
485,,,,,,,,,,[],
486,,,,,,,,,,[],
496,,,,,,,,,,[],
534,mp-18640,70,"formula+sg,formula_only",exact,R-3c,167,trigonal,no (up to very_loose),FALSE,"[{""mpid"": ""mp-18640"", ""score"": 70, ""reasons"": ""formula+sg,formula_only"", ""sg_relation"": ""exact"", ""spg_symbol"": ""R-3c"", ""spg_number"": 167, ""crystal_system"": ""trigonal"", ""cif_tier"": ""no (up to very_loose)"", ""deprecated"": false}, {""mpid"": ""mp-25840"", ""score"": 70, ""reasons"": ""formula+sg,formula_only"", ""sg_relation"": ""exact"", ""spg_symbol"": ""P2_1/c"", ""spg_number"": 14, ""crystal_system"": ""monoclinic"", ""cif_tier"": ""no (up to very_loose)"", ""deprecated"": false}, {""mpid"": ""mp-759377"", ""score"": 70, ""reasons"": ""formula+sg,formula_only"", ""sg_relation"": ""exact"", ""spg_symbol"": ""P2_1/c"", ""spg_number"": 14, ""crystal_system"": ""monoclinic"", ""cif_tier"": ""no (up to very_loose)"", ""deprecated"": false}, {""mpid"": ""mp-772524"", ""score"": 70, ""reasons"": ""formula+sg,formula_only"", ""sg_relation"": ""exact"", ""spg_symbol"": ""P1"", ""spg_number"": 1, ""crystal_system"": ""triclinic"", ""cif_tier"": ""no (up to very_loose)"", ""deprecated"": false}, {""mpid"": ""mp-774539"", ""score"": 70, ""reasons"": ""formula+sg,formula_only"", ""sg_relation"": ""exact"", ""spg_symbol"": ""P1"", ""spg_number"": 1, ""crystal_system"": ""triclinic"", ""cif_tier"": ""no (up to very_loose)"", ""deprecated"": false}, {""mpid"": ""mp-776502"", ""score"": 70, ""reasons"": ""formula+sg,formula_only"", ""sg_relation"": ""exact"", ""spg_symbol"": ""P1"", ""spg_number"": 1, ""crystal_system"": ""triclinic"", ""cif_tier"": ""no (up to very_loose)"", ""deprecated"": false}, {""mpid"": ""mp-26884"", ""score"": 60, ""reasons"": ""formula+sg_system,formula_only"", ""sg_relation"": ""same_system"", ""spg_symbol"": ""P-1"", ""spg_number"": 2, ""crystal_system"": ""triclinic"", ""cif_tier"": ""no (up to very_loose)"", ""deprecated"": false}, {""mpid"": ""mp-725054"", ""score"": 60, ""reasons"": ""formula+sg_system,formula_only"", ""sg_relation"": ""same_system"", ""spg_symbol"": ""P-1"", ""spg_number"": 2, ""crystal_system"": ""triclinic"", ""cif_tier"": ""no (up to very_loose)"", ""deprecated"": false}, {""mpid"": ""mp-762322"", ""score"": 60, ""reasons"": ""formula+sg_system,formula_only"", ""sg_relation"": ""same_system"", ""spg_symbol"": ""C2"", ""spg_number"": 5, ""crystal_system"": ""monoclinic"", ""cif_tier"": ""no (up to very_loose)"", ""deprecated"": false}, {""mpid"": ""mp-774579"", ""score"": 60, ""reasons"": ""formula+sg_system,formula_only"", ""sg_relation"": ""same_system"", ""spg_symbol"": ""P-1"", ""spg_number"": 2, ""crystal_system"": ""triclinic"", ""cif_tier"": ""no (up to very_loose)"", ""deprecated"": false}, {""mpid"": ""mp-787252"", ""score"": 60, ""reasons"": ""formula+sg_system,formula_only"", ""sg_relation"": ""same_system"", ""spg_symbol"": ""P-1"", ""spg_number"": 2, ""crystal_system"": ""triclinic"", ""cif_tier"": ""no (up to very_loose)"", ""deprecated"": false}, {""mpid"": ""mp-759793"", ""score"": 40, ""reasons"": ""formula_only"", ""sg_relation"": ""mismatch"", ""spg_symbol"": ""Pna2_1"", ""spg_number"": 33, ""crystal_system"": ""orthorhombic"", ""cif_tier"": ""no (up to very_loose)"", ""deprecated"": false}, {""mpid"": ""mp-773017"", ""score"": 40, ""reasons"": ""formula_only"", ""sg_relation"": ""mismatch"", ""spg_symbol"": ""Pca2_1"", ""spg_number"": 29, ""crystal_system"": ""orthorhombic"", ""cif_tier"": ""no (up to very_loose)"", ""deprecated"": false}, {""mpid"": ""mp-773843"", ""score"": 40, ""reasons"": ""formula_only"", ""sg_relation"": ""mismatch"", ""spg_symbol"": ""P2_12_12"", ""spg_number"": 18, ""crystal_system"": ""orthorhombic"", ""cif_tier"": ""no (up to very_loose)"", ""deprecated"": false}]",
535,mp-10499,70,"formula+sg,formula_only",exact,P2_1/c,14,monoclinic,no (up to very_loose),FALSE,"[{""mpid"": ""mp-10499"", ""score"": 70, ""reasons"": ""formula+sg,formula_only"", ""sg_relation"": ""exact"", ""spg_symbol"": ""P2_1/c"", ""spg_number"": 14, ""crystal_system"": ""monoclinic"", ""cif_tier"": ""no (up to very_loose)"", ""deprecated"": false}, {""mpid"": ""mp-541661"", ""score"": 70, ""reasons"": ""formula+sg,formula_only"", ""sg_relation"": ""exact"", ""spg_symbol"": ""R-3c"", ""spg_number"": 167, ""crystal_system"": ""trigonal"", ""cif_tier"": ""no (up to very_loose)"", ""deprecated"": false}, {""mpid"": ""mp-773074"", ""score"": 70, ""reasons"": ""formula+sg,formula_only"", ""sg_relation"": ""exact"", ""spg_symbol"": ""P1"", ""spg_number"": 1, ""crystal_system"": ""triclinic"", ""cif_tier"": ""no (up to very_loose)"", ""deprecated"": false}, {""mpid"": ""mp-681439"", ""score"": 60, ""reasons"": ""formula+sg_system,formula_only"", ""sg_relation"": ""same_system"", ""spg_symbol"": ""C2"", ""spg_number"": 5, ""crystal_system"": ""monoclinic"", ""cif_tier"": ""no (up to very_loose)"", ""deprecated"": false}, {""mpid"": ""mp-759280"", ""score"": 60, ""reasons"": ""formula+sg_system,formula_only"", ""sg_relation"": ""same_system"", ""spg_symbol"": ""P-1"", ""spg_number"": 2, ""crystal_system"": ""triclinic"", ""cif_tier"": ""no (up to very_loose)"", ""deprecated"": false}, {""mpid"": ""mp-773068"", ""score"": 60, ""reasons"": ""formula+sg_system,formula_only"", ""sg_relation"": ""same_system"", ""spg_symbol"": ""Cc"", ""spg_number"": 9, ""crystal_system"": ""monoclinic"", ""cif_tier"": ""no (up to very_loose)"", ""deprecated"": false}, {""mpid"": ""mp-1246721"", ""score"": 60, ""reasons"": ""formula+sg_system,formula_only"", ""sg_relation"": ""same_system"", ""spg_symbol"": ""P-1"", ""spg_number"": 2, ""crystal_system"": ""triclinic"", ""cif_tier"": ""no (up to very_loose)"", ""deprecated"": false}]",
536,,,,,,,,,,[],
676,,,,,,,,,,[],
677,,,,,,,,,,[],
697,,,,,,,,,,[],
711,mp-18220,60,"formula+sg_system,formula_only",same_system,R3,146,trigonal,no (up to very_loose),FALSE,"[{""mpid"": ""mp-18220"", ""score"": 60, ""reasons"": ""formula+sg_system,formula_only"", ""sg_relation"": ""same_system"", ""spg_symbol"": ""R3"", ""spg_number"": 146, ""crystal_system"": ""trigonal"", ""cif_tier"": ""no (up to very_loose)"", ""deprecated"": false}, {""mpid"": ""mp-556544"", ""score"": 60, ""reasons"": ""formula+sg_system,formula_only"", ""sg_relation"": ""same_system"", ""spg_symbol"": ""Pc"", ""spg_number"": 7, ""crystal_system"": ""monoclinic"", ""cif_tier"": ""no (up to very_loose)"", ""deprecated"": false}, {""mpid"": ""mp-1222553"", ""score"": 60, ""reasons"": ""formula+sg_system,formula_only"", ""sg_relation"": ""same_system"", ""spg_symbol"": ""P2"", ""spg_number"": 3, ""crystal_system"": ""monoclinic"", ""cif_tier"": ""no (up to very_loose)"", ""deprecated"": false}, {""mpid"": ""mp-6326"", ""score"": 40, ""reasons"": ""formula_only"", ""sg_relation"": ""mismatch"", ""spg_symbol"": ""P6_422"", ""spg_number"": 181, ""crystal_system"": ""hexagonal"", ""cif_tier"": ""no (up to very_loose)"", ""deprecated"": false}, {""mpid"": ""mp-6327"", ""score"": 40, ""reasons"": ""formula_only"", ""sg_relation"": ""mismatch"", ""spg_symbol"": ""P6_422"", ""spg_number"": 181, ""crystal_system"": ""hexagonal"", ""cif_tier"": ""no (up to very_loose)"", ""deprecated"": false}, {""mpid"": ""mp-14399"", ""score"": 40, ""reasons"": ""formula_only"", ""sg_relation"": ""mismatch"", ""spg_symbol"": ""P6_222"", ""spg_number"": 180, ""crystal_system"": ""hexagonal"", ""cif_tier"": ""no (up to very_loose)"", ""deprecated"": false}, {""mpid"": ""mp-558713"", ""score"": 40, ""reasons"": ""formula_only"", ""sg_relation"": ""mismatch"", ""spg_symbol"": ""P6_222"", ""spg_number"": 180, ""crystal_system"": ""hexagonal"", ""cif_tier"": ""no (up to very_loose)"", ""deprecated"": false}, {""mpid"": ""mp-559689"", ""score"": 40, ""reasons"": ""formula_only"", ""sg_relation"": ""mismatch"", ""spg_symbol"": ""Pna2_1"", ""spg_number"": 33, ""crystal_system"": ""orthorhombic"", ""cif_tier"": ""no (up to very_loose)"", ""deprecated"": false}, {""mpid"": ""mp-1222444"", ""score"": 40, ""reasons"": ""formula_only"", ""sg_relation"": ""mismatch"", ""spg_symbol"": ""P6_222"", ""spg_number"": 180, ""crystal_system"": ""hexagonal"", ""cif_tier"": ""no (up to very_loose)"", ""deprecated"": false}]",
712,mp-6565,70,"formula+sg,formula_only",exact,P2_1/c,14,monoclinic,no (up to very_loose),FALSE,"[{""mpid"": ""mp-6565"", ""score"": 70, ""reasons"": ""formula+sg,formula_only"", ""sg_relation"": ""exact"", ""spg_symbol"": ""P2_1/c"", ""spg_number"": 14, ""crystal_system"": ""monoclinic"", ""cif_tier"": ""no (up to very_loose)"", ""deprecated"": false}, {""mpid"": ""mp-774742"", ""score"": 70, ""reasons"": ""formula+sg,formula_only"", ""sg_relation"": ""exact"", ""spg_symbol"": ""P2_1/c"", ""spg_number"": 14, ""crystal_system"": ""monoclinic"", ""cif_tier"": ""no (up to very_loose)"", ""deprecated"": false}]",
825,,,,,,,,,,[],
826,,,,,,,,,,[],
827,,,,,,,,,,[],
828,,,,,,,,,,[],
829,,,,,,,,,,[],
830,,,,,,,,,,[],
831,,,,,,,,,,[],
832,,,,,,,,,,[],
861,,,,,,,,,,[],
869,,,,,,,,,,[],
870,,,,,,,,,,[],
874,,,,,,,,,,[],
876,,,,,,,,,,[],
881,,,,,,,,,,[],
892,,,,,,,,,,[],
2001,,,,,,,,,,[],
2009,,,,,,,,,,[],
495,mp-19017,70,"formula+sg,formula_only",exact,Pnma,62,orthorhombic,no (up to very_loose),FALSE,"[{""mpid"": ""mp-19017"", ""score"": 70, ""reasons"": ""formula+sg,formula_only"", ""sg_relation"": ""exact"", ""spg_symbol"": ""Pnma"", ""spg_number"": 62, ""crystal_system"": ""orthorhombic"", ""cif_tier"": ""no (up to very_loose)"", ""deprecated"": false}, {""mpid"": ""mp-757019"", ""score"": 70, ""reasons"": ""formula+sg,formula_only"", ""sg_relation"": ""exact"", ""spg_symbol"": ""Pnma"", ""spg_number"": 62, ""crystal_system"": ""orthorhombic"", ""cif_tier"": ""no (up to very_loose)"", ""deprecated"": false}, {""mpid"": ""mp-831160"", ""score"": 70, ""reasons"": ""formula+sg,formula_only"", ""sg_relation"": ""exact"", ""spg_symbol"": ""Pnma"", ""spg_number"": 62, ""crystal_system"": ""orthorhombic"", ""cif_tier"": ""no (up to very_loose)"", ""deprecated"": false}, {""mpid"": ""mp-1176761"", ""score"": 70, ""reasons"": ""formula+sg,formula_only"", ""sg_relation"": ""exact"", ""spg_symbol"": ""Pnma"", ""spg_number"": 62, ""crystal_system"": ""orthorhombic"", ""cif_tier"": ""no (up to very_loose)"", ""deprecated"": false}, {""mpid"": ""mp-18951"", ""score"": 60, ""reasons"": ""formula+sg_system,formula_only"", ""sg_relation"": ""same_system"", ""spg_symbol"": ""Cmcm"", ""spg_number"": 63, ""crystal_system"": ""orthorhombic"", ""cif_tier"": ""no (up to very_loose)"", ""deprecated"": false}, {""mpid"": ""mp-26041"", ""score"": 60, ""reasons"": ""formula+sg_system,formula_only"", ""sg_relation"": ""same_system"", ""spg_symbol"": ""Pna2_1"", ""spg_number"": 33, ""crystal_system"": ""orthorhombic"", ""cif_tier"": ""no (up to very_loose)"", ""deprecated"": false}, {""mpid"": ""mp-26791"", ""score"": 60, ""reasons"": ""formula+sg_system,formula_only"", ""sg_relation"": ""same_system"", ""spg_symbol"": ""Pna2_1"", ""spg_number"": 33, ""crystal_system"": ""orthorhombic"", ""cif_tier"": ""no (up to very_loose)"", ""deprecated"": false}, {""mpid"": ""mp-705312"", ""score"": 60, ""reasons"": ""formula+sg_system,formula_only"", ""sg_relation"": ""same_system"", ""spg_symbol"": ""Pna2_1"", ""spg_number"": 33, ""crystal_system"": ""orthorhombic"", ""cif_tier"": ""no (up to very_loose)"", ""deprecated"": false}, {""mpid"": ""mp-753321"", ""score"": 60, ""reasons"": ""formula+sg_system,formula_only"", ""sg_relation"": ""same_system"", ""spg_symbol"": ""Cmcm"", ""spg_number"": 63, ""crystal_system"": ""orthorhombic"", ""cif_tier"": ""no (up to very_loose)"", ""deprecated"": false}, {""mpid"": ""mp-757027"", ""score"": 60, ""reasons"": ""formula+sg_system,formula_only"", ""sg_relation"": ""same_system"", ""spg_symbol"": ""Pna2_1"", ""spg_number"": 33, ""crystal_system"": ""orthorhombic"", ""cif_tier"": ""no (up to very_loose)"", ""deprecated"": false}, {""mpid"": ""mp-757097"", ""score"": 60, ""reasons"": ""formula+sg_system,formula_only"", ""sg_relation"": ""same_system"", ""spg_symbol"": ""Pca2_1"", ""spg_number"": 29, ""crystal_system"": ""orthorhombic"", ""cif_tier"": ""no (up to very_loose)"", ""deprecated"": false}, {""mpid"": ""mp-757227"", ""score"": 60, ""reasons"": ""formula+sg_system,formula_only"", ""sg_relation"": ""same_system"", ""spg_symbol"": ""Pbca"", ""spg_number"": 61, ""crystal_system"": ""orthorhombic"", ""cif_tier"": ""no (up to very_loose)"", ""deprecated"": false}, {""mpid"": ""mp-757406"", ""score"": 60, ""reasons"": ""formula+sg_system,formula_only"", ""sg_relation"": ""same_system"", ""spg_symbol"": ""Pna2_1"", ""spg_number"": 33, ""crystal_system"": ""orthorhombic"", ""cif_tier"": ""no (up to very_loose)"", ""deprecated"": false}, {""mpid"": ""mp-757465"", ""score"": 60, ""reasons"": ""formula+sg_system,formula_only"", ""sg_relation"": ""same_system"", ""spg_symbol"": ""Pna2_1"", ""spg_number"": 33, ""crystal_system"": ""orthorhombic"", ""cif_tier"": ""no (up to very_loose)"", ""deprecated"": false}, {""mpid"": ""mp-758222"", ""score"": 60, ""reasons"": ""formula+sg_system,formula_only"", ""sg_relation"": ""same_system"", ""spg_symbol"": ""Pna2_1"", ""spg_number"": 33, ""crystal_system"": ""orthorhombic"", ""cif_tier"": ""no (up to very_loose)"", ""deprecated"": false}, {""mpid"": ""mp-758926"", ""score"": 60, ""reasons"": ""formula+sg_system,formula_only"", ""sg_relation"": ""same_system"", ""spg_symbol"": ""Fdd2"", ""spg_number"": 43, ""crystal_system"": ""orthorhombic"", ""cif_tier"": ""no (up to very_loose)"", ""deprecated"": false}, {""mpid"": ""mp-765590"", ""score"": 60, ""reasons"": ""formula+sg_system,formula_only"", ""sg_relation"": ""same_system"", ""spg_symbol"": ""P2_12_12_1"", ""spg_number"": 19, ""crystal_system"": ""orthorhombic"", ""cif_tier"": ""no (up to very_loose)"", ""deprecated"": false}, {""mpid"": ""mp-765594"", ""score"": 60, ""reasons"": ""formula+sg_system,formula_only"", ""sg_relation"": ""same_system"", ""spg_symbol"": ""Pca2_1"", ""spg_number"": 29, ""crystal_system"": ""orthorhombic"", ""cif_tier"": ""no (up to very_loose)"", ""deprecated"": false}, {""mpid"": ""mp-765604"", ""score"": 60, ""reasons"": ""formula+sg_system,formula_only"", ""sg_relation"": ""same_system"", ""spg_symbol"": ""Pbca"", ""spg_number"": 61, ""crystal_system"": ""orthorhombic"", ""cif_tier"": ""no (up to very_loose)"", ""deprecated"": false}, {""mpid"": ""mp-765638"", ""score"": 60, ""reasons"": ""formula+sg_system,formula_only"", ""sg_relation"": ""same_system"", ""spg_symbol"": ""Pna2_1"", ""spg_number"": 33, ""crystal_system"": ""orthorhombic"", ""cif_tier"": ""no (up to very_loose)"", ""deprecated"": false}, {""mpid"": ""mp-772093"", ""score"": 60, ""reasons"": ""formula+sg_system,formula_only"", ""sg_relation"": ""same_system"", ""spg_symbol"": ""Imma"", ""spg_number"": 74, ""crystal_system"": ""orthorhombic"", ""cif_tier"": ""no (up to very_loose)"", ""deprecated"": false}, {""mpid"": ""mp-1661570"", ""score"": 60, ""reasons"": ""formula+sg_system,formula_only"", ""sg_relation"": ""same_system"", ""spg_symbol"": ""P2_12_12_1"", ""spg_number"": 19, ""crystal_system"": ""orthorhombic"", ""cif_tier"": ""no (up to very_loose)"", ""deprecated"": false}, {""mpid"": ""mp-26559"", ""score"": 40, ""reasons"": ""formula_only"", ""sg_relation"": ""mismatch"", ""spg_symbol"": ""Pc"", ""spg_number"": 7, ""crystal_system"": ""monoclinic"", ""cif_tier"": ""no (up to very_loose)"", ""deprecated"": false}, {""mpid"": ""mp-26611"", ""score"": 40, ""reasons"": ""formula_only"", ""sg_relation"": ""mismatch"", ""spg_symbol"": ""P31c"", ""spg_number"": 159, ""crystal_system"": ""trigonal"", ""cif_tier"": ""no (up to very_loose)"", ""deprecated"": false}, {""mpid"": ""mp-504184"", ""score"": 40, ""reasons"": ""formula_only"", ""sg_relation"": ""mismatch"", ""spg_symbol"": ""P2_1/c"", ""spg_number"": 14, ""crystal_system"": ""monoclinic"", ""cif_tier"": ""no (up to very_loose)"", ""deprecated"": false}, {""mpid"": ""mp-585319"", ""score"": 40, ""reasons"": ""formula_only"", ""sg_relation"": ""mismatch"", ""spg_symbol"": ""Cc"", ""spg_number"": 9, ""crystal_system"": ""monoclinic"", ""cif_tier"": ""no (up to very_loose)"", ""deprecated"": false}, {""mpid"": ""mp-585400"", ""score"": 40, ""reasons"": ""formula_only"", ""sg_relation"": ""mismatch"", ""spg_symbol"": ""R3"", ""spg_number"": 146, ""crystal_system"": ""trigonal"", ""cif_tier"": ""no (up to very_loose)"", ""deprecated"": false}, {""mpid"": ""mp-694615"", ""score"": 40, ""reasons"": ""formula_only"", ""sg_relation"": ""mismatch"", ""spg_symbol"": ""Cc"", ""spg_number"": 9, ""crystal_system"": ""monoclinic"", ""cif_tier"": ""no (up to very_loose)"", ""deprecated"": false}, {""mpid"": ""mp-704251"", ""score"": 40, ""reasons"": ""formula_only"", ""sg_relation"": ""mismatch"", ""spg_symbol"": ""P2_1/c"", ""spg_number"": 14, ""crystal_system"": ""monoclinic"", ""cif_tier"": ""no (up to very_loose)"", ""deprecated"": false}, {""mpid"": ""mp-753407"", ""score"": 40, ""reasons"": ""formula_only"", ""sg_relation"": ""mismatch"", ""spg_symbol"": ""C2"", ""spg_number"": 5, ""crystal_system"": ""monoclinic"", ""cif_tier"": ""no (up to very_loose)"", ""deprecated"": false}, {""mpid"": ""mp-754357"", ""score"": 40, ""reasons"": ""formula_only"", ""sg_relation"": ""mismatch"", ""spg_symbol"": ""I-4"", ""spg_number"": 82, ""crystal_system"": ""tetragonal"", ""cif_tier"": ""no (up to very_loose)"", ""deprecated"": false}, {""mpid"": ""mp-756958"", ""score"": 40, ""reasons"": ""formula_only"", ""sg_relation"": ""mismatch"", ""spg_symbol"": ""P1"", ""spg_number"": 1, ""crystal_system"": ""triclinic"", ""cif_tier"": ""no (up to very_loose)"", ""deprecated"": false}, {""mpid"": ""mp-757182"", ""score"": 40, ""reasons"": ""formula_only"", ""sg_relation"": ""mismatch"", ""spg_symbol"": ""C2/c"", ""spg_number"": 15, ""crystal_system"": ""monoclinic"", ""cif_tier"": ""no (up to very_loose)"", ""deprecated"": false}, {""mpid"": ""mp-757255"", ""score"": 40, ""reasons"": ""formula_only"", ""sg_relation"": ""mismatch"", ""spg_symbol"": ""P1"", ""spg_number"": 1, ""crystal_system"": ""triclinic"", ""cif_tier"": ""no (up to very_loose)"", ""deprecated"": false}, {""mpid"": ""mp-757455"", ""score"": 40, ""reasons"": ""formula_only"", ""sg_relation"": ""mismatch"", ""spg_symbol"": ""P1"", ""spg_number"": 1, ""crystal_system"": ""triclinic"", ""cif_tier"": ""no (up to very_loose)"", ""deprecated"": false}, {""mpid"": ""mp-757653"", ""score"": 40, ""reasons"": ""formula_only"", ""sg_relation"": ""mismatch"", ""spg_symbol"": ""P2_1/c"", ""spg_number"": 14, ""crystal_system"": ""monoclinic"", ""cif_tier"": ""no (up to very_loose)"", ""deprecated"": false}, {""mpid"": ""mp-757754"", ""score"": 40, ""reasons"": ""formula_only"", ""sg_relation"": ""mismatch"", ""spg_symbol"": ""P6_222"", ""spg_number"": 180, ""crystal_system"": ""hexagonal"", ""cif_tier"": ""no (up to very_loose)"", ""deprecated"": false}, {""mpid"": ""mp-758000"", ""score"": 40, ""reasons"": ""formula_only"", ""sg_relation"": ""mismatch"", ""spg_symbol"": ""P6_5"", ""spg_number"": 170, ""crystal_system"": ""hexagonal"", ""cif_tier"": ""no (up to very_loose)"", ""deprecated"": false}, {""mpid"": ""mp-758459"", ""score"": 40, ""reasons"": ""formula_only"", ""sg_relation"": ""mismatch"", ""spg_symbol"": ""Pc"", ""spg_number"": 7, ""crystal_system"": ""monoclinic"", ""cif_tier"": ""no (up to very_loose)"", ""deprecated"": false}, {""mpid"": ""mp-758598"", ""score"": 40, ""reasons"": ""formula_only"", ""sg_relation"": ""mismatch"", ""spg_symbol"": ""P6_1"", ""spg_number"": 169, ""crystal_system"": ""hexagonal"", ""cif_tier"": ""no (up to very_loose)"", ""deprecated"": false}, {""mpid"": ""mp-758909"", ""score"": 40, ""reasons"": ""formula_only"", ""sg_relation"": ""mismatch"", ""spg_symbol"": ""P-1"", ""spg_number"": 2, ""crystal_system"": ""triclinic"", ""cif_tier"": ""no (up to very_loose)"", ""deprecated"": false}, {""mpid"": ""mp-758921"", ""score"": 40, ""reasons"": ""formula_only"", ""sg_relation"": ""mismatch"", ""spg_symbol"": ""P-1"", ""spg_number"": 2, ""crystal_system"": ""triclinic"", ""cif_tier"": ""no (up to very_loose)"", ""deprecated"": false}, {""mpid"": ""mp-759092"", ""score"": 40, ""reasons"": ""formula_only"", ""sg_relation"": ""mismatch"", ""spg_symbol"": ""P2"", ""spg_number"": 3, ""crystal_system"": ""monoclinic"", ""cif_tier"": ""no (up to very_loose)"", ""deprecated"": false}, {""mpid"": ""mp-761486"", ""score"": 40, ""reasons"": ""formula_only"", ""sg_relation"": ""mismatch"", ""spg_symbol"": ""C2"", ""spg_number"": 5, ""crystal_system"": ""monoclinic"", ""cif_tier"": ""no (up to very_loose)"", ""deprecated"": false}, {""mpid"": ""mp-765588"", ""score"": 40, ""reasons"": ""formula_only"", ""sg_relation"": ""mismatch"", ""spg_symbol"": ""P2_13"", ""spg_number"": 198, ""crystal_system"": ""cubic"", ""cif_tier"": ""no (up to very_loose)"", ""deprecated"": false}, {""mpid"": ""mp-765591"", ""score"": 40, ""reasons"": ""formula_only"", ""sg_relation"": ""mismatch"", ""spg_symbol"": ""P2_1"", ""spg_number"": 4, ""crystal_system"": ""monoclinic"", ""cif_tier"": ""no (up to very_loose)"", ""deprecated"": false}, {""mpid"": ""mp-765593"", ""score"": 40, ""reasons"": ""formula_only"", ""sg_relation"": ""mismatch"", ""spg_symbol"": ""P4_322"", ""spg_number"": 95, ""crystal_system"": ""tetragonal"", ""cif_tier"": ""no (up to very_loose)"", ""deprecated"": false}, {""mpid"": ""mp-765605"", ""score"": 40, ""reasons"": ""formula_only"", ""sg_relation"": ""mismatch"", ""spg_symbol"": ""P1"", ""spg_number"": 1, ""crystal_system"": ""triclinic"", ""cif_tier"": ""no (up to very_loose)"", ""deprecated"": false}, {""mpid"": ""mp-765627"", ""score"": 40, ""reasons"": ""formula_only"", ""sg_relation"": ""mismatch"", ""spg_symbol"": ""Pc"", ""spg_number"": 7, ""crystal_system"": ""monoclinic"", ""cif_tier"": ""no (up to very_loose)"", ""deprecated"": false}, {""mpid"": ""mp-765634"", ""score"": 40, ""reasons"": ""formula_only"", ""sg_relation"": ""mismatch"", ""spg_symbol"": ""P2_1/c"", ""spg_number"": 14, ""crystal_system"": ""monoclinic"", ""cif_tier"": ""no (up to very_loose)"", ""deprecated"": false}, {""mpid"": ""mp-765635"", ""score"": 40, ""reasons"": ""formula_only"", ""sg_relation"": ""mismatch"", ""spg_symbol"": ""P2_1/c"", ""spg_number"": 14, ""crystal_system"": ""monoclinic"", ""cif_tier"": ""no (up to very_loose)"", ""deprecated"": false}, {""mpid"": ""mp-765641"", ""score"": 40, ""reasons"": ""formula_only"", ""sg_relation"": ""mismatch"", ""spg_symbol"": ""P2_1/c"", ""spg_number"": 14, ""crystal_system"": ""monoclinic"", ""cif_tier"": ""no (up to very_loose)"", ""deprecated"": false}, {""mpid"": ""mp-765651"", ""score"": 40, ""reasons"": ""formula_only"", ""sg_relation"": ""mismatch"", ""spg_symbol"": ""P31c"", ""spg_number"": 159, ""crystal_system"": ""trigonal"", ""cif_tier"": ""no (up to very_loose)"", ""deprecated"": false}, {""mpid"": ""mp-772069"", ""score"": 40, ""reasons"": ""formula_only"", ""sg_relation"": ""mismatch"", ""spg_symbol"": ""Cc"", ""spg_number"": 9, ""crystal_system"": ""monoclinic"", ""cif_tier"": ""no (up to very_loose)"", ""deprecated"": false}, {""mpid"": ""mp-772138"", ""score"": 40, ""reasons"": ""formula_only"", ""sg_relation"": ""mismatch"", ""spg_symbol"": ""P1"", ""spg_number"": 1, ""crystal_system"": ""triclinic"", ""cif_tier"": ""no (up to very_loose)"", ""deprecated"": false}, {""mpid"": ""mp-772146"", ""score"": 40, ""reasons"": ""formula_only"", ""sg_relation"": ""mismatch"", ""spg_symbol"": ""P6_422"", ""spg_number"": 181, ""crystal_system"": ""hexagonal"", ""cif_tier"": ""no (up to very_loose)"", ""deprecated"": false}, {""mpid"": ""mp-772210"", ""score"": 40, ""reasons"": ""formula_only"", ""sg_relation"": ""mismatch"", ""spg_symbol"": ""Cc"", ""spg_number"": 9, ""crystal_system"": ""monoclinic"", ""cif_tier"": ""no (up to very_loose)"", ""deprecated"": false}, {""mpid"": ""mp-772286"", ""score"": 40, ""reasons"": ""formula_only"", ""sg_relation"": ""mismatch"", ""spg_symbol"": ""P2_1/c"", ""spg_number"": 14, ""crystal_system"": ""monoclinic"", ""cif_tier"": ""no (up to very_loose)"", ""deprecated"": false}, {""mpid"": ""mp-772406"", ""score"": 40, ""reasons"": ""formula_only"", ""sg_relation"": ""mismatch"", ""spg_symbol"": ""P2_1/c"", ""spg_number"": 14, ""crystal_system"": ""monoclinic"", ""cif_tier"": ""no (up to very_loose)"", ""deprecated"": false}, {""mpid"": ""mp-772409"", ""score"": 40, ""reasons"": ""formula_only"", ""sg_relation"": ""mismatch"", ""spg_symbol"": ""P2_1/c"", ""spg_number"": 14, ""crystal_system"": ""monoclinic"", ""cif_tier"": ""no (up to very_loose)"", ""deprecated"": false}, {""mpid"": ""mp-772906"", ""score"": 40, ""reasons"": ""formula_only"", ""sg_relation"": ""mismatch"", ""spg_symbol"": ""P2_1/c"", ""spg_number"": 14, ""crystal_system"": ""monoclinic"", ""cif_tier"": ""no (up to very_loose)"", ""deprecated"": false}, {""mpid"": ""mp-774251"", ""score"": 40, ""reasons"": ""formula_only"", ""sg_relation"": ""mismatch"", ""spg_symbol"": ""P-1"", ""spg_number"": 2, ""crystal_system"": ""triclinic"", ""cif_tier"": ""no (up to very_loose)"", ""deprecated"": false}, {""mpid"": ""mp-797419"", ""score"": 40, ""reasons"": ""formula_only"", ""sg_relation"": ""mismatch"", ""spg_symbol"": ""P-1"", ""spg_number"": 2, ""crystal_system"": ""triclinic"", ""cif_tier"": ""no (up to very_loose)"", ""deprecated"": false}, {""mpid"": ""mp-1104261"", ""score"": 40, ""reasons"": ""formula_only"", ""sg_relation"": ""mismatch"", ""spg_symbol"": ""P-1"", ""spg_number"": 2, ""crystal_system"": ""triclinic"", ""cif_tier"": ""no (up to very_loose)"", ""deprecated"": false}, {""mpid"": ""mp-1176699"", ""score"": 40, ""reasons"": ""formula_only"", ""sg_relation"": ""mismatch"", ""spg_symbol"": ""P2_1"", ""spg_number"": 4, ""crystal_system"": ""monoclinic"", ""cif_tier"": ""no (up to very_loose)"", ""deprecated"": false}, {""mpid"": ""mp-1176703"", ""score"": 40, ""reasons"": ""formula_only"", ""sg_relation"": ""mismatch"", ""spg_symbol"": ""P2_1/c"", ""spg_number"": 14, ""crystal_system"": ""monoclinic"", ""cif_tier"": ""no (up to very_loose)"", ""deprecated"": false}, {""mpid"": ""mp-1301965"", ""score"": 40, ""reasons"": ""formula_only"", ""sg_relation"": ""mismatch"", ""spg_symbol"": ""Cc"", ""spg_number"": 9, ""crystal_system"": ""monoclinic"", ""cif_tier"": ""no (up to very_loose)"", ""deprecated"": false}, {""mpid"": ""mp-1372870"", ""score"": 40, ""reasons"": ""formula_only"", ""sg_relation"": ""mismatch"", ""spg_symbol"": ""P-1"", ""spg_number"": 2, ""crystal_system"": ""triclinic"", ""cif_tier"": ""no (up to very_loose)"", ""deprecated"": false}, {""mpid"": ""mp-1661648"", ""score"": 40, ""reasons"": ""formula_only"", ""sg_relation"": ""mismatch"", ""spg_symbol"": ""P1"", ""spg_number"": 1, ""crystal_system"": ""triclinic"", ""cif_tier"": ""no (up to very_loose)"", ""deprecated"": false}, {""mpid"": ""mp-1662030"", ""score"": 40, ""reasons"": ""formula_only"", ""sg_relation"": ""mismatch"", ""spg_symbol"": ""P-1"", ""spg_number"": 2, ""crystal_system"": ""triclinic"", ""cif_tier"": ""no (up to very_loose)"", ""deprecated"": false}]",
903,mp-9625,70,"formula+sg,formula_only",exact,Pnma,62,orthorhombic,no (up to very_loose),FALSE,"[{""mpid"": ""mp-9625"", ""score"": 70, ""reasons"": ""formula+sg,formula_only"", ""sg_relation"": ""exact"", ""spg_symbol"": ""Pnma"", ""spg_number"": 62, ""crystal_system"": ""orthorhombic"", ""cif_tier"": ""no (up to very_loose)"", ""deprecated"": false}]",
904,,,,,,,,,,[],
905,,,,,,,,,,[],
906,,,,,,,,,,[],
907,,,,,,,,,,[],
908,mp-9625,70,"formula+sg,formula_only",exact,Pnma,62,orthorhombic,no (up to very_loose),FALSE,"[{""mpid"": ""mp-9625"", ""score"": 70, ""reasons"": ""formula+sg,formula_only"", ""sg_relation"": ""exact"", ""spg_symbol"": ""Pnma"", ""spg_number"": 62, ""crystal_system"": ""orthorhombic"", ""cif_tier"": ""no (up to very_loose)"", ""deprecated"": false}]",
909,,,,,,,,,,[],
910,,,,,,,,,,[],
911,,,,,,,,,,[],
912,,,,,,,,,,[],
577,mp-11737,40,formula_only,mismatch,P-1,2,triclinic,no (up to very_loose),FALSE,"[{""mpid"": ""mp-11737"", ""score"": 40, ""reasons"": ""formula_only"", ""sg_relation"": ""mismatch"", ""spg_symbol"": ""P-1"", ""spg_number"": 2, ""crystal_system"": ""triclinic"", ""cif_tier"": ""no (up to very_loose)"", ""deprecated"": false}, {""mpid"": ""mp-35822"", ""score"": 40, ""reasons"": ""formula_only"", ""sg_relation"": ""mismatch"", ""spg_symbol"": ""P1"", ""spg_number"": 1, ""crystal_system"": ""triclinic"", ""cif_tier"": ""no (up to very_loose)"", ""deprecated"": false}, {""mpid"": ""mp-559848"", ""score"": 40, ""reasons"": ""formula_only"", ""sg_relation"": ""mismatch"", ""spg_symbol"": ""P2_1/m"", ""spg_number"": 11, ""crystal_system"": ""monoclinic"", ""cif_tier"": ""no (up to very_loose)"", ""deprecated"": false}, {""mpid"": ""mp-685863"", ""score"": 40, ""reasons"": ""formula_only"", ""sg_relation"": ""mismatch"", ""spg_symbol"": ""P1"", ""spg_number"": 1, ""crystal_system"": ""triclinic"", ""cif_tier"": ""no (up to very_loose)"", ""deprecated"": false}, {""mpid"": ""mp-1223129"", ""score"": 40, ""reasons"": ""formula_only"", ""sg_relation"": ""mismatch"", ""spg_symbol"": ""P2_1"", ""spg_number"": 4, ""crystal_system"": ""monoclinic"", ""cif_tier"": ""no (up to very_loose)"", ""deprecated"": false}]",
578,,,,,,,,,,[],
579,mp-11737,40,formula_only,mismatch,P-1,2,triclinic,no (up to very_loose),FALSE,"[{""mpid"": ""mp-11737"", ""score"": 40, ""reasons"": ""formula_only"", ""sg_relation"": ""mismatch"", ""spg_symbol"": ""P-1"", ""spg_number"": 2, ""crystal_system"": ""triclinic"", ""cif_tier"": ""no (up to very_loose)"", ""deprecated"": false}, {""mpid"": ""mp-35822"", ""score"": 40, ""reasons"": ""formula_only"", ""sg_relation"": ""mismatch"", ""spg_symbol"": ""P1"", ""spg_number"": 1, ""crystal_system"": ""triclinic"", ""cif_tier"": ""no (up to very_loose)"", ""deprecated"": false}, {""mpid"": ""mp-559848"", ""score"": 40, ""reasons"": ""formula_only"", ""sg_relation"": ""mismatch"", ""spg_symbol"": ""P2_1/m"", ""spg_number"": 11, ""crystal_system"": ""monoclinic"", ""cif_tier"": ""no (up to very_loose)"", ""deprecated"": false}, {""mpid"": ""mp-685863"", ""score"": 40, ""reasons"": ""formula_only"", ""sg_relation"": ""mismatch"", ""spg_symbol"": ""P1"", ""spg_number"": 1, ""crystal_system"": ""triclinic"", ""cif_tier"": ""no (up to very_loose)"", ""deprecated"": false}, {""mpid"": ""mp-1223129"", ""score"": 40, ""reasons"": ""formula_only"", ""sg_relation"": ""mismatch"", ""spg_symbol"": ""P2_1"", ""spg_number"": 4, ""crystal_system"": ""monoclinic"", ""cif_tier"": ""no (up to very_loose)"", ""deprecated"": false}]",
580,mp-11737,40,formula_only,mismatch,P-1,2,triclinic,no (up to very_loose),FALSE,"[{""mpid"": ""mp-11737"", ""score"": 40, ""reasons"": ""formula_only"", ""sg_relation"": ""mismatch"", ""spg_symbol"": ""P-1"", ""spg_number"": 2, ""crystal_system"": ""triclinic"", ""cif_tier"": ""no (up to very_loose)"", ""deprecated"": false}, {""mpid"": ""mp-35822"", ""score"": 40, ""reasons"": ""formula_only"", ""sg_relation"": ""mismatch"", ""spg_symbol"": ""P1"", ""spg_number"": 1, ""crystal_system"": ""triclinic"", ""cif_tier"": ""no (up to very_loose)"", ""deprecated"": false}, {""mpid"": ""mp-559848"", ""score"": 40, ""reasons"": ""formula_only"", ""sg_relation"": ""mismatch"", ""spg_symbol"": ""P2_1/m"", ""spg_number"": 11, ""crystal_system"": ""monoclinic"", ""cif_tier"": ""no (up to very_loose)"", ""deprecated"": false}, {""mpid"": ""mp-685863"", ""score"": 40, ""reasons"": ""formula_only"", ""sg_relation"": ""mismatch"", ""spg_symbol"": ""P1"", ""spg_number"": 1, ""crystal_system"": ""triclinic"", ""cif_tier"": ""no (up to very_loose)"", ""deprecated"": false}, {""mpid"": ""mp-1223129"", ""score"": 40, ""reasons"": ""formula_only"", ""sg_relation"": ""mismatch"", ""spg_symbol"": ""P2_1"", ""spg_number"": 4, ""crystal_system"": ""monoclinic"", ""cif_tier"": ""no (up to very_loose)"", ""deprecated"": false}]",
581,mp-11737,40,formula_only,mismatch,P-1,2,triclinic,no (up to very_loose),FALSE,"[{""mpid"": ""mp-11737"", ""score"": 40, ""reasons"": ""formula_only"", ""sg_relation"": ""mismatch"", ""spg_symbol"": ""P-1"", ""spg_number"": 2, ""crystal_system"": ""triclinic"", ""cif_tier"": ""no (up to very_loose)"", ""deprecated"": false}, {""mpid"": ""mp-35822"", ""score"": 40, ""reasons"": ""formula_only"", ""sg_relation"": ""mismatch"", ""spg_symbol"": ""P1"", ""spg_number"": 1, ""crystal_system"": ""triclinic"", ""cif_tier"": ""no (up to very_loose)"", ""deprecated"": false}, {""mpid"": ""mp-559848"", ""score"": 40, ""reasons"": ""formula_only"", ""sg_relation"": ""mismatch"", ""spg_symbol"": ""P2_1/m"", ""spg_number"": 11, ""crystal_system"": ""monoclinic"", ""cif_tier"": ""no (up to very_loose)"", ""deprecated"": false}, {""mpid"": ""mp-685863"", ""score"": 40, ""reasons"": ""formula_only"", ""sg_relation"": ""mismatch"", ""spg_symbol"": ""P1"", ""spg_number"": 1, ""crystal_system"": ""triclinic"", ""cif_tier"": ""no (up to very_loose)"", ""deprecated"": false}, {""mpid"": ""mp-1223129"", ""score"": 40, ""reasons"": ""formula_only"", ""sg_relation"": ""mismatch"", ""spg_symbol"": ""P2_1"", ""spg_number"": 4, ""crystal_system"": ""monoclinic"", ""cif_tier"": ""no (up to very_loose)"", ""deprecated"": false}]",
585,,,,,,,,,,[],""" "" is an invalid formula!"
587,mp-30209,40,formula_only,mismatch,Pnma,62,orthorhombic,no (up to very_loose),FALSE,"[{""mpid"": ""mp-30209"", ""score"": 40, ""reasons"": ""formula_only"", ""sg_relation"": ""mismatch"", ""spg_symbol"": ""Pnma"", ""spg_number"": 62, ""crystal_system"": ""orthorhombic"", ""cif_tier"": ""no (up to very_loose)"", ""deprecated"": false}, {""mpid"": ""mp-644223"", ""score"": 40, ""reasons"": ""formula_only"", ""sg_relation"": ""mismatch"", ""spg_symbol"": ""P6_3mc"", ""spg_number"": 186, ""crystal_system"": ""hexagonal"", ""cif_tier"": ""no (up to very_loose)"", ""deprecated"": false}, {""mpid"": ""mp-675926"", ""score"": 40, ""reasons"": ""formula_only"", ""sg_relation"": ""mismatch"", ""spg_symbol"": ""P1"", ""spg_number"": 1, ""crystal_system"": ""triclinic"", ""cif_tier"": ""no (up to very_loose)"", ""deprecated"": false}, {""mpid"": ""mp-1095543"", ""score"": 40, ""reasons"": ""formula_only"", ""sg_relation"": ""mismatch"", ""spg_symbol"": ""Ama2"", ""spg_number"": 40, ""crystal_system"": ""orthorhombic"", ""cif_tier"": ""no (up to very_loose)"", ""deprecated"": false}, {""mpid"": ""mp-1190655"", ""score"": 40, ""reasons"": ""formula_only"", ""sg_relation"": ""mismatch"", ""spg_symbol"": ""P2/c"", ""spg_number"": 13, ""crystal_system"": ""monoclinic"", ""cif_tier"": ""no (up to very_loose)"", ""deprecated"": false}, {""mpid"": ""mp-1192133"", ""score"": 40, ""reasons"": ""formula_only"", ""sg_relation"": ""mismatch"", ""spg_symbol"": ""Pnma"", ""spg_number"": 62, ""crystal_system"": ""orthorhombic"", ""cif_tier"": ""no (up to very_loose)"", ""deprecated"": false}, {""mpid"": ""mp-1222386"", ""score"": 40, ""reasons"": ""formula_only"", ""sg_relation"": ""mismatch"", ""spg_symbol"": ""F-43m"", ""spg_number"": 216, ""crystal_system"": ""cubic"", ""cif_tier"": ""no (up to very_loose)"", ""deprecated"": false}, {""mpid"": ""mp-1407206"", ""score"": 40, ""reasons"": ""formula_only"", ""sg_relation"": ""mismatch"", ""spg_symbol"": ""P-1"", ""spg_number"": 2, ""crystal_system"": ""triclinic"", ""cif_tier"": ""no (up to very_loose)"", ""deprecated"": false}, {""mpid"": ""mp-2659898"", ""score"": 40, ""reasons"": ""formula_only"", ""sg_relation"": ""mismatch"", ""spg_symbol"": ""P6_3mc"", ""spg_number"": 186, ""crystal_system"": ""hexagonal"", ""cif_tier"": ""no (up to very_loose)"", ""deprecated"": false}]",
588,mp-30209,40,formula_only,mismatch,Pnma,62,orthorhombic,no (up to very_loose),FALSE,"[{""mpid"": ""mp-30209"", ""score"": 40, ""reasons"": ""formula_only"", ""sg_relation"": ""mismatch"", ""spg_symbol"": ""Pnma"", ""spg_number"": 62, ""crystal_system"": ""orthorhombic"", ""cif_tier"": ""no (up to very_loose)"", ""deprecated"": false}, {""mpid"": ""mp-644223"", ""score"": 40, ""reasons"": ""formula_only"", ""sg_relation"": ""mismatch"", ""spg_symbol"": ""P6_3mc"", ""spg_number"": 186, ""crystal_system"": ""hexagonal"", ""cif_tier"": ""no (up to very_loose)"", ""deprecated"": false}, {""mpid"": ""mp-675926"", ""score"": 40, ""reasons"": ""formula_only"", ""sg_relation"": ""mismatch"", ""spg_symbol"": ""P1"", ""spg_number"": 1, ""crystal_system"": ""triclinic"", ""cif_tier"": ""no (up to very_loose)"", ""deprecated"": false}, {""mpid"": ""mp-1095543"", ""score"": 40, ""reasons"": ""formula_only"", ""sg_relation"": ""mismatch"", ""spg_symbol"": ""Ama2"", ""spg_number"": 40, ""crystal_system"": ""orthorhombic"", ""cif_tier"": ""no (up to very_loose)"", ""deprecated"": false}, {""mpid"": ""mp-1190655"", ""score"": 40, ""reasons"": ""formula_only"", ""sg_relation"": ""mismatch"", ""spg_symbol"": ""P2/c"", ""spg_number"": 13, ""crystal_system"": ""monoclinic"", ""cif_tier"": ""no (up to very_loose)"", ""deprecated"": false}, {""mpid"": ""mp-1192133"", ""score"": 40, ""reasons"": ""formula_only"", ""sg_relation"": ""mismatch"", ""spg_symbol"": ""Pnma"", ""spg_number"": 62, ""crystal_system"": ""orthorhombic"", ""cif_tier"": ""no (up to very_loose)"", ""deprecated"": false}, {""mpid"": ""mp-1222386"", ""score"": 40, ""reasons"": ""formula_only"", ""sg_relation"": ""mismatch"", ""spg_symbol"": ""F-43m"", ""spg_number"": 216, ""crystal_system"": ""cubic"", ""cif_tier"": ""no (up to very_loose)"", ""deprecated"": false}, {""mpid"": ""mp-1407206"", ""score"": 40, ""reasons"": ""formula_only"", ""sg_relation"": ""mismatch"", ""spg_symbol"": ""P-1"", ""spg_number"": 2, ""crystal_system"": ""triclinic"", ""cif_tier"": ""no (up to very_loose)"", ""deprecated"": false}, {""mpid"": ""mp-2659898"", ""score"": 40, ""reasons"": ""formula_only"", ""sg_relation"": ""mismatch"", ""spg_symbol"": ""P6_3mc"", ""spg_number"": 186, ""crystal_system"": ""hexagonal"", ""cif_tier"": ""no (up to very_loose)"", ""deprecated"": false}]",
632,,,,,,,,,,[],
633,,,,,,,,,,[],
634,,,,,,,,,,[],
635,,,,,,,,,,[],
636,,,,,,,,,,[],
701,,,,,,,,,,[],
706,mp-5832,40,formula_only,mismatch,Pbcn,60,orthorhombic,no (up to very_loose),FALSE,"[{""mpid"": ""mp-5832"", ""score"": 40, ""reasons"": ""formula_only"", ""sg_relation"": ""mismatch"", ""spg_symbol"": ""Pbcn"", ""spg_number"": 60, ""crystal_system"": ""orthorhombic"", ""cif_tier"": ""no (up to very_loose)"", ""deprecated"": false}, {""mpid"": ""mp-1202443"", ""score"": 40, ""reasons"": ""formula_only"", ""sg_relation"": ""mismatch"", ""spg_symbol"": ""Pca2_1"", ""spg_number"": 29, ""crystal_system"": ""orthorhombic"", ""cif_tier"": ""no (up to very_loose)"", ""deprecated"": false}]",
709,mp-985583,40,formula_only,mismatch,Pnma,62,orthorhombic,no (up to very_loose),FALSE,"[{""mpid"": ""mp-985583"", ""score"": 40, ""reasons"": ""formula_only"", ""sg_relation"": ""mismatch"", ""spg_symbol"": ""Pnma"", ""spg_number"": 62, ""crystal_system"": ""orthorhombic"", ""cif_tier"": ""no (up to very_loose)"", ""deprecated"": false}, {""mpid"": ""mp-1097036"", ""score"": 40, ""reasons"": ""formula_only"", ""sg_relation"": ""mismatch"", ""spg_symbol"": ""Pnma"", ""spg_number"": 62, ""crystal_system"": ""orthorhombic"", ""cif_tier"": ""no (up to very_loose)"", ""deprecated"": false}, {""mpid"": ""mp-2646995"", ""score"": 40, ""reasons"": ""formula_only"", ""sg_relation"": ""mismatch"", ""spg_symbol"": ""I-42m"", ""spg_number"": 121, ""crystal_system"": ""tetragonal"", ""cif_tier"": ""no (up to very_loose)"", ""deprecated"": false}]",
710,mp-736,40,formula_only,mismatch,P6_3/mmc,194,hexagonal,no (up to very_loose),FALSE,"[{""mpid"": ""mp-736"", ""score"": 40, ""reasons"": ""formula_only"", ""sg_relation"": ""mismatch"", ""spg_symbol"": ""P6_3/mmc"", ""spg_number"": 194, ""crystal_system"": ""hexagonal"", ""cif_tier"": ""no (up to very_loose)"", ""deprecated"": false}]",
718,mp-1201205,40,formula_only,mismatch,I2_13,199,cubic,no (up to very_loose),FALSE,"[{""mpid"": ""mp-1201205"", ""score"": 40, ""reasons"": ""formula_only"", ""sg_relation"": ""mismatch"", ""spg_symbol"": ""I2_13"", ""spg_number"": 199, ""crystal_system"": ""cubic"", ""cif_tier"": ""no (up to very_loose)"", ""deprecated"": false}]",
719,mp-30209,40,formula_only,mismatch,Pnma,62,orthorhombic,no (up to very_loose),FALSE,"[{""mpid"": ""mp-30209"", ""score"": 40, ""reasons"": ""formula_only"", ""sg_relation"": ""mismatch"", ""spg_symbol"": ""Pnma"", ""spg_number"": 62, ""crystal_system"": ""orthorhombic"", ""cif_tier"": ""no (up to very_loose)"", ""deprecated"": false}, {""mpid"": ""mp-644223"", ""score"": 40, ""reasons"": ""formula_only"", ""sg_relation"": ""mismatch"", ""spg_symbol"": ""P6_3mc"", ""spg_number"": 186, ""crystal_system"": ""hexagonal"", ""cif_tier"": ""no (up to very_loose)"", ""deprecated"": false}, {""mpid"": ""mp-675926"", ""score"": 40, ""reasons"": ""formula_only"", ""sg_relation"": ""mismatch"", ""spg_symbol"": ""P1"", ""spg_number"": 1, ""crystal_system"": ""triclinic"", ""cif_tier"": ""no (up to very_loose)"", ""deprecated"": false}, {""mpid"": ""mp-1095543"", ""score"": 40, ""reasons"": ""formula_only"", ""sg_relation"": ""mismatch"", ""spg_symbol"": ""Ama2"", ""spg_number"": 40, ""crystal_system"": ""orthorhombic"", ""cif_tier"": ""no (up to very_loose)"", ""deprecated"": false}, {""mpid"": ""mp-1190655"", ""score"": 40, ""reasons"": ""formula_only"", ""sg_relation"": ""mismatch"", ""spg_symbol"": ""P2/c"", ""spg_number"": 13, ""crystal_system"": ""monoclinic"", ""cif_tier"": ""no (up to very_loose)"", ""deprecated"": false}, {""mpid"": ""mp-1192133"", ""score"": 40, ""reasons"": ""formula_only"", ""sg_relation"": ""mismatch"", ""spg_symbol"": ""Pnma"", ""spg_number"": 62, ""crystal_system"": ""orthorhombic"", ""cif_tier"": ""no (up to very_loose)"", ""deprecated"": false}, {""mpid"": ""mp-1222386"", ""score"": 40, ""reasons"": ""formula_only"", ""sg_relation"": ""mismatch"", ""spg_symbol"": ""F-43m"", ""spg_number"": 216, ""crystal_system"": ""cubic"", ""cif_tier"": ""no (up to very_loose)"", ""deprecated"": false}, {""mpid"": ""mp-1407206"", ""score"": 40, ""reasons"": ""formula_only"", ""sg_relation"": ""mismatch"", ""spg_symbol"": ""P-1"", ""spg_number"": 2, ""crystal_system"": ""triclinic"", ""cif_tier"": ""no (up to very_loose)"", ""deprecated"": false}, {""mpid"": ""mp-2659898"", ""score"": 40, ""reasons"": ""formula_only"", ""sg_relation"": ""mismatch"", ""spg_symbol"": ""P6_3mc"", ""spg_number"": 186, ""crystal_system"": ""hexagonal"", ""cif_tier"": ""no (up to very_loose)"", ""deprecated"": false}]",
722,mp-34465,40,formula_only,mismatch,Imm2,44,orthorhombic,no (up to very_loose),FALSE,"[{""mpid"": ""mp-34465"", ""score"": 40, ""reasons"": ""formula_only"", ""sg_relation"": ""mismatch"", ""spg_symbol"": ""Imm2"", ""spg_number"": 44, ""crystal_system"": ""orthorhombic"", ""cif_tier"": ""no (up to very_loose)"", ""deprecated"": false}, {""mpid"": ""mp-35695"", ""score"": 40, ""reasons"": ""formula_only"", ""sg_relation"": ""mismatch"", ""spg_symbol"": ""R3m"", ""spg_number"": 160, ""crystal_system"": ""trigonal"", ""cif_tier"": ""no (up to very_loose)"", ""deprecated"": false}, {""mpid"": ""mp-699284"", ""score"": 40, ""reasons"": ""formula_only"", ""sg_relation"": ""mismatch"", ""spg_symbol"": ""Imma"", ""spg_number"": 74, ""crystal_system"": ""orthorhombic"", ""cif_tier"": ""no (up to very_loose)"", ""deprecated"": false}, {""mpid"": ""mp-1189725"", ""score"": 40, ""reasons"": ""formula_only"", ""sg_relation"": ""mismatch"", ""spg_symbol"": ""Pnma"", ""spg_number"": 62, ""crystal_system"": ""orthorhombic"", ""cif_tier"": ""no (up to very_loose)"", ""deprecated"": false}, {""mpid"": ""mp-1190219"", ""score"": 40, ""reasons"": ""formula_only"", ""sg_relation"": ""mismatch"", ""spg_symbol"": ""P4_2"", ""spg_number"": 77, ""crystal_system"": ""tetragonal"", ""cif_tier"": ""no (up to very_loose)"", ""deprecated"": false}, {""mpid"": ""mp-1223097"", ""score"": 40, ""reasons"": ""formula_only"", ""sg_relation"": ""mismatch"", ""spg_symbol"": ""Ima2"", ""spg_number"": 46, ""crystal_system"": ""orthorhombic"", ""cif_tier"": ""no (up to very_loose)"", ""deprecated"": false}]",
723,,,,,,,,,,[],
725,mp-2251,40,formula_only,mismatch,P6/mmm,191,hexagonal,no (up to very_loose),FALSE,"[{""mpid"": ""mp-2251"", ""score"": 40, ""reasons"": ""formula_only"", ""sg_relation"": ""mismatch"", ""spg_symbol"": ""P6/mmm"", ""spg_number"": 191, ""crystal_system"": ""hexagonal"", ""cif_tier"": ""no (up to very_loose)"", ""deprecated"": false}, {""mpid"": ""mp-2341"", ""score"": 40, ""reasons"": ""formula_only"", ""sg_relation"": ""mismatch"", ""spg_symbol"": ""P6_3/mmc"", ""spg_number"": 194, ""crystal_system"": ""hexagonal"", ""cif_tier"": ""no (up to very_loose)"", ""deprecated"": false}]",
727,mp-27653,40,formula_only,mismatch,P2_1/c,14,monoclinic,no (up to very_loose),FALSE,"[{""mpid"": ""mp-27653"", ""score"": 40, ""reasons"": ""formula_only"", ""sg_relation"": ""mismatch"", ""spg_symbol"": ""P2_1/c"", ""spg_number"": 14, ""crystal_system"": ""monoclinic"", ""cif_tier"": ""no (up to very_loose)"", ""deprecated"": false}, {""mpid"": ""mp-976291"", ""score"": 40, ""reasons"": ""formula_only"", ""sg_relation"": ""mismatch"", ""spg_symbol"": ""I4_1/a"", ""spg_number"": 88, ""crystal_system"": ""tetragonal"", ""cif_tier"": ""no (up to very_loose)"", ""deprecated"": false}, {""mpid"": ""mp-1180547"", ""score"": 40, ""reasons"": ""formula_only"", ""sg_relation"": ""mismatch"", ""spg_symbol"": ""C2/c"", ""spg_number"": 15, ""crystal_system"": ""monoclinic"", ""cif_tier"": ""no (up to very_loose)"", ""deprecated"": false}, {""mpid"": ""mp-1192061"", ""score"": 40, ""reasons"": ""formula_only"", ""sg_relation"": ""mismatch"", ""spg_symbol"": ""Pnma"", ""spg_number"": 62, ""crystal_system"": ""orthorhombic"", ""cif_tier"": ""no (up to very_loose)"", ""deprecated"": false}]",
730,mp-1222565,40,formula_only,mismatch,R3c,161,trigonal,no (up to very_loose),FALSE,"[{""mpid"": ""mp-1222565"", ""score"": 40, ""reasons"": ""formula_only"", ""sg_relation"": ""mismatch"", ""spg_symbol"": ""R3c"", ""spg_number"": 161, ""crystal_system"": ""trigonal"", ""cif_tier"": ""no (up to very_loose)"", ""deprecated"": false}]",
913,,,,,,,,,,[],
914,,,,,,,,,,[],
917,,,,,,,,,,[],
918,,,,,,,,,,[],
22,,,,,,,,,,[],
52,,,,,,,,,,[],
53,,,,,,,,,,[],
54,,,,,,,,,,[],
55,,,,,,,,,,[],
56,,,,,,,,,,[],
57,,,,,,,,,,[],
58,,,,,,,,,,[],
59,,,,,,,,,,[],
60,,,,,,,,,,[],
61,,,,,,,,,,[],
62,,,,,,,,,,[],
63,,,,,,,,,,[],
64,,,,,,,,,,[],
74,,,,,,,,,,[],
75,,,,,,,,,,[],
76,,,,,,,,,,[],
78,,,,,,,,,,[],
79,,,,,,,,,,[],
80,,,,,,,,,,[],
82,,,,,,,,,,[],
83,,,,,,,,,,[],
111,,,,,,,,,,[],
112,,,,,,,,,,[],
113,,,,,,,,,,[],
114,,,,,,,,,,[],
115,,,,,,,,,,[],
116,,,,,,,,,,[],
207,,,,,,,,,,[],
208,,,,,,,,,,[],
209,,,,,,,,,,[],
210,,,,,,,,,,[],
211,,,,,,,,,,[],
213,,,,,,,,,,[],
214,,,,,,,,,,[],
215,,,,,,,,,,[],
230,,,,,,,,,,[],
231,,,,,,,,,,[],
232,,,,,,,,,,[],
233,,,,,,,,,,[],
234,,,,,,,,,,[],
235,,,,,,,,,,[],
236,,,,,,,,,,[],
591,,,,,,,,,,[],
592,,,,,,,,,,[],
593,,,,,,,,,,[],
594,,,,,,,,,,[],
595,,,,,,,,,,[],
596,,,,,,,,,,[],
597,,,,,,,,,,[],
598,,,,,,,,,,[],
599,,,,,,,,,,[],
600,,,,,,,,,,[],
601,,,,,,,,,,[],
602,,,,,,,,,,[],
603,,,,,,,,,,[],
604,,,,,,,,,,[],
605,,,,,,,,,,[],
606,,,,,,,,,,[],
607,,,,,,,,,,[],
608,,,,,,,,,,[],
609,,,,,,,,,,[],
610,,,,,,,,,,[],
611,,,,,,,,,,[],
612,,,,,,,,,,[],
613,,,,,,,,,,[],
614,,,,,,,,,,[],
615,,,,,,,,,,[],
616,,,,,,,,,,[],
617,,,,,,,,,,[],
618,,,,,,,,,,[],
619,,,,,,,,,,[],
620,,,,,,,,,,[],
628,,,,,,,,,,[],
629,,,,,,,,,,[],
637,,,,,,,,,,[],
638,,,,,,,,,,[],
639,,,,,,,,,,[],
640,,,,,,,,,,[],
641,,,,,,,,,,[],
642,,,,,,,,,,[],
643,,,,,,,,,,[],
644,,,,,,,,,,[],
645,,,,,,,,,,[],
646,,,,,,,,,,[],
647,,,,,,,,,,[],
648,,,,,,,,,,[],
649,,,,,,,,,,[],
650,,,,,,,,,,[],
651,,,,,,,,,,[],
652,,,,,,,,,,[],
653,,,,,,,,,,[],
654,,,,,,,,,,[],
655,,,,,,,,,,[],
656,,,,,,,,,,[],
657,,,,,,,,,,[],
658,,,,,,,,,,[],
659,,,,,,,,,,[],
660,,,,,,,,,,[],
661,,,,,,,,,,[],
662,,,,,,,,,,[],
663,,,,,,,,,,[],
680,,,,,,,,,,[],
681,,,,,,,,,,[],
682,,,,,,,,,,[],
683,,,,,,,,,,[],
684,,,,,,,,,,[],
685,,,,,,,,,,[],
686,,,,,,,,,,[],
687,,,,,,,,,,[],
688,,,,,,,,,,[],
689,,,,,,,,,,[],
690,,,,,,,,,,[],
714,mp-1222315,60,"formula+sg_system,formula_only",same_system,Fm-3m,225,cubic,no (up to very_loose),FALSE,"[{""mpid"": ""mp-1222315"", ""score"": 60, ""reasons"": ""formula+sg_system,formula_only"", ""sg_relation"": ""same_system"", ""spg_symbol"": ""Fm-3m"", ""spg_number"": 225, ""crystal_system"": ""cubic"", ""cif_tier"": ""no (up to very_loose)"", ""deprecated"": false}, {""mpid"": ""mp-767402"", ""score"": 40, ""reasons"": ""formula_only"", ""sg_relation"": ""mismatch"", ""spg_symbol"": ""P2/c"", ""spg_number"": 13, ""crystal_system"": ""monoclinic"", ""cif_tier"": ""no (up to very_loose)"", ""deprecated"": false}]",
922,,,,,,,,,,[],
927,,,,,,,,,,[],
928,,,,,,,,,,[],
931,,,,,,,,,,[],
2021,,,,,,,,,,[],
525,mp-18147,60,"formula+sg_system,formula_only",same_system,R3,146,trigonal,no (up to very_loose),FALSE,"[{""mpid"": ""mp-18147"", ""score"": 60, ""reasons"": ""formula+sg_system,formula_only"", ""sg_relation"": ""same_system"", ""spg_symbol"": ""R3"", ""spg_number"": 146, ""crystal_system"": ""trigonal"", ""cif_tier"": ""no (up to very_loose)"", ""deprecated"": false}]",
526,,,,,,,,,,[],
527,mp-6241,40,formula_only,mismatch,P2_1/c,14,monoclinic,no (up to very_loose),FALSE,"[{""mpid"": ""mp-6241"", ""score"": 40, ""reasons"": ""formula_only"", ""sg_relation"": ""mismatch"", ""spg_symbol"": ""P2_1/c"", ""spg_number"": 14, ""crystal_system"": ""monoclinic"", ""cif_tier"": ""no (up to very_loose)"", ""deprecated"": false}, {""mpid"": ""mp-6745"", ""score"": 40, ""reasons"": ""formula_only"", ""sg_relation"": ""mismatch"", ""spg_symbol"": ""C2/c"", ""spg_number"": 15, ""crystal_system"": ""monoclinic"", ""cif_tier"": ""no (up to very_loose)"", ""deprecated"": false}]",
528,mp-18147,60,"formula+sg_system,formula_only",same_system,R3,146,trigonal,no (up to very_loose),FALSE,"[{""mpid"": ""mp-18147"", ""score"": 60, ""reasons"": ""formula+sg_system,formula_only"", ""sg_relation"": ""same_system"", ""spg_symbol"": ""R3"", ""spg_number"": 146, ""crystal_system"": ""trigonal"", ""cif_tier"": ""no (up to very_loose)"", ""deprecated"": false}]",
529,,,,,,,,,,[],
530,mp-6241,40,formula_only,mismatch,P2_1/c,14,monoclinic,no (up to very_loose),FALSE,"[{""mpid"": ""mp-6241"", ""score"": 40, ""reasons"": ""formula_only"", ""sg_relation"": ""mismatch"", ""spg_symbol"": ""P2_1/c"", ""spg_number"": 14, ""crystal_system"": ""monoclinic"", ""cif_tier"": ""no (up to very_loose)"", ""deprecated"": false}, {""mpid"": ""mp-6745"", ""score"": 40, ""reasons"": ""formula_only"", ""sg_relation"": ""mismatch"", ""spg_symbol"": ""C2/c"", ""spg_number"": 15, ""crystal_system"": ""monoclinic"", ""cif_tier"": ""no (up to very_loose)"", ""deprecated"": false}]",
531,mp-6241,40,formula_only,mismatch,P2_1/c,14,monoclinic,no (up to very_loose),FALSE,"[{""mpid"": ""mp-6241"", ""score"": 40, ""reasons"": ""formula_only"", ""sg_relation"": ""mismatch"", ""spg_symbol"": ""P2_1/c"", ""spg_number"": 14, ""crystal_system"": ""monoclinic"", ""cif_tier"": ""no (up to very_loose)"", ""deprecated"": false}, {""mpid"": ""mp-6745"", ""score"": 40, ""reasons"": ""formula_only"", ""sg_relation"": ""mismatch"", ""spg_symbol"": ""C2/c"", ""spg_number"": 15, ""crystal_system"": ""monoclinic"", ""cif_tier"": ""no (up to very_loose)"", ""deprecated"": false}]",
532,mp-18147,60,"formula+sg_system,formula_only",same_system,R3,146,trigonal,no (up to very_loose),FALSE,"[{""mpid"": ""mp-18147"", ""score"": 60, ""reasons"": ""formula+sg_system,formula_only"", ""sg_relation"": ""same_system"", ""spg_symbol"": ""R3"", ""spg_number"": 146, ""crystal_system"": ""trigonal"", ""cif_tier"": ""no (up to very_loose)"", ""deprecated"": false}]",
533,mp-18147,60,"formula+sg_system,formula_only",same_system,R3,146,trigonal,no (up to very_loose),FALSE,"[{""mpid"": ""mp-18147"", ""score"": 60, ""reasons"": ""formula+sg_system,formula_only"", ""sg_relation"": ""same_system"", ""spg_symbol"": ""R3"", ""spg_number"": 146, ""crystal_system"": ""trigonal"", ""cif_tier"": ""no (up to very_loose)"", ""deprecated"": false}]",
2014,mp-18147,60,"formula+sg_system,formula_only",same_system,R3,146,trigonal,no (up to very_loose),FALSE,"[{""mpid"": ""mp-18147"", ""score"": 60, ""reasons"": ""formula+sg_system,formula_only"", ""sg_relation"": ""same_system"", ""spg_symbol"": ""R3"", ""spg_number"": 146, ""crystal_system"": ""trigonal"", ""cif_tier"": ""no (up to very_loose)"", ""deprecated"": false}]",
2015,,,,,,,,,,[],
2016,mp-6241,40,formula_only,mismatch,P2_1/c,14,monoclinic,no (up to very_loose),FALSE,"[{""mpid"": ""mp-6241"", ""score"": 40, ""reasons"": ""formula_only"", ""sg_relation"": ""mismatch"", ""spg_symbol"": ""P2_1/c"", ""spg_number"": 14, ""crystal_system"": ""monoclinic"", ""cif_tier"": ""no (up to very_loose)"", ""deprecated"": false}, {""mpid"": ""mp-6745"", ""score"": 40, ""reasons"": ""formula_only"", ""sg_relation"": ""mismatch"", ""spg_symbol"": ""C2/c"", ""spg_number"": 15, ""crystal_system"": ""monoclinic"", ""cif_tier"": ""no (up to very_loose)"", ""deprecated"": false}]",
1,,,,,,,,,,[],
491,mp-2931,40,formula_only,mismatch,C2/c,15,monoclinic,no (up to very_loose),FALSE,"[{""mpid"": ""mp-2931"", ""score"": 40, ""reasons"": ""formula_only"", ""sg_relation"": ""mismatch"", ""spg_symbol"": ""C2/c"", ""spg_number"": 15, ""crystal_system"": ""monoclinic"", ""cif_tier"": ""no (up to very_loose)"", ""deprecated"": false}, {""mpid"": ""mp-36864"", ""score"": 40, ""reasons"": ""formula_only"", ""sg_relation"": ""mismatch"", ""spg_symbol"": ""C2/c"", ""spg_number"": 15, ""crystal_system"": ""monoclinic"", ""cif_tier"": ""no (up to very_loose)"", ""deprecated"": false}, {""mpid"": ""mp-676365"", ""score"": 40, ""reasons"": ""formula_only"", ""sg_relation"": ""mismatch"", ""spg_symbol"": ""C2/c"", ""spg_number"": 15, ""crystal_system"": ""monoclinic"", ""cif_tier"": ""no (up to very_loose)"", ""deprecated"": false}, {""mpid"": ""mp-729930"", ""score"": 40, ""reasons"": ""formula_only"", ""sg_relation"": ""mismatch"", ""spg_symbol"": ""P1"", ""spg_number"": 1, ""crystal_system"": ""triclinic"", ""cif_tier"": ""no (up to very_loose)"", ""deprecated"": false}, {""mpid"": ""mp-760017"", ""score"": 40, ""reasons"": ""formula_only"", ""sg_relation"": ""mismatch"", ""spg_symbol"": ""P-1"", ""spg_number"": 2, ""crystal_system"": ""triclinic"", ""cif_tier"": ""no (up to very_loose)"", ""deprecated"": false}, {""mpid"": ""mp-1222656"", ""score"": 40, ""reasons"": ""formula_only"", ""sg_relation"": ""mismatch"", ""spg_symbol"": ""Immm"", ""spg_number"": 71, ""crystal_system"": ""orthorhombic"", ""cif_tier"": ""no (up to very_loose)"", ""deprecated"": false}, {""mpid"": ""mp-1407905"", ""score"": 40, ""reasons"": ""formula_only"", ""sg_relation"": ""mismatch"", ""spg_symbol"": ""P-1"", ""spg_number"": 2, ""crystal_system"": ""triclinic"", ""cif_tier"": ""no (up to very_loose)"", ""deprecated"": false}]",
492,,,,,,,,,,[],
493,,,,,,,,,,[],
703,mp-27508,70,"formula+sg,formula_only",exact,Fm-3m,225,cubic,no (up to very_loose),FALSE,"[{""mpid"": ""mp-27508"", ""score"": 70, ""reasons"": ""formula+sg,formula_only"", ""sg_relation"": ""exact"", ""spg_symbol"": ""Fm-3m"", ""spg_number"": 225, ""crystal_system"": ""cubic"", ""cif_tier"": ""no (up to very_loose)"", ""deprecated"": false}, {""mpid"": ""mp-34326"", ""score"": 40, ""reasons"": ""formula_only"", ""sg_relation"": ""mismatch"", ""spg_symbol"": ""C2/m"", ""spg_number"": 12, ""crystal_system"": ""monoclinic"", ""cif_tier"": ""no (up to very_loose)"", ""deprecated"": false}, {""mpid"": ""mp-568365"", ""score"": 40, ""reasons"": ""formula_only"", ""sg_relation"": ""mismatch"", ""spg_symbol"": ""Ibca"", ""spg_number"": 73, ""crystal_system"": ""orthorhombic"", ""cif_tier"": ""no (up to very_loose)"", ""deprecated"": false}, {""mpid"": ""mp-569085"", ""score"": 40, ""reasons"": ""formula_only"", ""sg_relation"": ""mismatch"", ""spg_symbol"": ""P2_1/c"", ""spg_number"": 14, ""crystal_system"": ""monoclinic"", ""cif_tier"": ""no (up to very_loose)"", ""deprecated"": false}, {""mpid"": ""mp-676650"", ""score"": 40, ""reasons"": ""formula_only"", ""sg_relation"": ""mismatch"", ""spg_symbol"": ""Cm"", ""spg_number"": 8, ""crystal_system"": ""monoclinic"", ""cif_tier"": ""no (up to very_loose)"", ""deprecated"": false}]",
708,mp-22899,70,"formula+sg,formula_only",exact,Fm-3m,225,cubic,no (up to very_loose),FALSE,"[{""mpid"": ""mp-22899"", ""score"": 70, ""reasons"": ""formula+sg,formula_only"", ""sg_relation"": ""exact"", ""spg_symbol"": ""Fm-3m"", ""spg_number"": 225, ""crystal_system"": ""cubic"", ""cif_tier"": ""no (up to very_loose)"", ""deprecated"": false}, {""mpid"": ""mp-568273"", ""score"": 40, ""reasons"": ""formula_only"", ""sg_relation"": ""mismatch"", ""spg_symbol"": ""P6_3/mmc"", ""spg_number"": 194, ""crystal_system"": ""hexagonal"", ""cif_tier"": ""no (up to very_loose)"", ""deprecated"": false}, {""mpid"": ""mp-570935"", ""score"": 40, ""reasons"": ""formula_only"", ""sg_relation"": ""mismatch"", ""spg_symbol"": ""P6_3mc"", ""spg_number"": 186, ""crystal_system"": ""hexagonal"", ""cif_tier"": ""no (up to very_loose)"", ""deprecated"": false}]",
737,mp-28828,70,"formula+sg,formula_only",exact,Fm-3m,225,cubic,no (up to very_loose),FALSE,"[{""mpid"": ""mp-28828"", ""score"": 70, ""reasons"": ""formula+sg,formula_only"", ""sg_relation"": ""exact"", ""spg_symbol"": ""Fm-3m"", ""spg_number"": 225, ""crystal_system"": ""cubic"", ""cif_tier"": ""no (up to very_loose)"", ""deprecated"": false}]",
791,mp-1190364,40,formula_only,mismatch,C2/c,15,monoclinic,no (up to very_loose),FALSE,"[{""mpid"": ""mp-1190364"", ""score"": 40, ""reasons"": ""formula_only"", ""sg_relation"": ""mismatch"", ""spg_symbol"": ""C2/c"", ""spg_number"": 15, ""crystal_system"": ""monoclinic"", ""cif_tier"": ""no (up to very_loose)"", ""deprecated"": false}]",
837,mp-1222626,40,formula_only,mismatch,I-4m2,119,tetragonal,no (up to very_loose),FALSE,"[{""mpid"": ""mp-1222626"", ""score"": 40, ""reasons"": ""formula_only"", ""sg_relation"": ""mismatch"", ""spg_symbol"": ""I-4m2"", ""spg_number"": 119, ""crystal_system"": ""tetragonal"", ""cif_tier"": ""no (up to very_loose)"", ""deprecated"": false}]",
883,mp-1211124,70,"formula+sg,formula_only",exact,Fm-3m,225,cubic,no (up to very_loose),FALSE,"[{""mpid"": ""mp-1211124"", ""score"": 70, ""reasons"": ""formula+sg,formula_only"", ""sg_relation"": ""exact"", ""spg_symbol"": ""Fm-3m"", ""spg_number"": 225, ""crystal_system"": ""cubic"", ""cif_tier"": ""no (up to very_loose)"", ""deprecated"": false}]",
884,mp-505391,70,"formula+sg,formula_only",exact,Fm-3m,225,cubic,no (up to very_loose),FALSE,"[{""mpid"": ""mp-505391"", ""score"": 70, ""reasons"": ""formula+sg,formula_only"", ""sg_relation"": ""exact"", ""spg_symbol"": ""Fm-3m"", ""spg_number"": 225, ""crystal_system"": ""cubic"", ""cif_tier"": ""no (up to very_loose)"", ""deprecated"": false}]",
885,mp-505391,70,"formula+sg,formula_only",exact,Fm-3m,225,cubic,no (up to very_loose),FALSE,"[{""mpid"": ""mp-505391"", ""score"": 70, ""reasons"": ""formula+sg,formula_only"", ""sg_relation"": ""exact"", ""spg_symbol"": ""Fm-3m"", ""spg_number"": 225, ""crystal_system"": ""cubic"", ""cif_tier"": ""no (up to very_loose)"", ""deprecated"": false}]",
886,mp-1211124,70,"formula+sg,formula_only",exact,Fm-3m,225,cubic,no (up to very_loose),FALSE,"[{""mpid"": ""mp-1211124"", ""score"": 70, ""reasons"": ""formula+sg,formula_only"", ""sg_relation"": ""exact"", ""spg_symbol"": ""Fm-3m"", ""spg_number"": 225, ""crystal_system"": ""cubic"", ""cif_tier"": ""no (up to very_loose)"", ""deprecated"": false}]",
887,mp-28828,70,"formula+sg,formula_only",exact,Fm-3m,225,cubic,no (up to very_loose),FALSE,"[{""mpid"": ""mp-28828"", ""score"": 70, ""reasons"": ""formula+sg,formula_only"", ""sg_relation"": ""exact"", ""spg_symbol"": ""Fm-3m"", ""spg_number"": 225, ""crystal_system"": ""cubic"", ""cif_tier"": ""no (up to very_loose)"", ""deprecated"": false}]",
888,mp-28828,70,"formula+sg,formula_only",exact,Fm-3m,225,cubic,no (up to very_loose),FALSE,"[{""mpid"": ""mp-28828"", ""score"": 70, ""reasons"": ""formula+sg,formula_only"", ""sg_relation"": ""exact"", ""spg_symbol"": ""Fm-3m"", ""spg_number"": 225, ""crystal_system"": ""cubic"", ""cif_tier"": ""no (up to very_loose)"", ""deprecated"": false}]",
921,mp-1138,70,"formula+sg,formula_only",exact,Fm-3m,225,cubic,no (up to very_loose),FALSE,"[{""mpid"": ""mp-1138"", ""score"": 70, ""reasons"": ""formula+sg,formula_only"", ""sg_relation"": ""exact"", ""spg_symbol"": ""Fm-3m"", ""spg_number"": 225, ""crystal_system"": ""cubic"", ""cif_tier"": ""no (up to very_loose)"", ""deprecated"": false}, {""mpid"": ""mp-1009009"", ""score"": 60, ""reasons"": ""formula+sg_system,formula_only"", ""sg_relation"": ""same_system"", ""spg_symbol"": ""Pm-3m"", ""spg_number"": 221, ""crystal_system"": ""cubic"", ""cif_tier"": ""no (up to very_loose)"", ""deprecated"": false}, {""mpid"": ""mp-1185301"", ""score"": 40, ""reasons"": ""formula_only"", ""sg_relation"": ""mismatch"", ""spg_symbol"": ""P6_3mc"", ""spg_number"": 186, ""crystal_system"": ""hexagonal"", ""cif_tier"": ""no (up to very_loose)"", ""deprecated"": false}]",
922,mp-1138,70,"formula+sg,formula_only",exact,Fm-3m,225,cubic,no (up to very_loose),FALSE,"[{""mpid"": ""mp-1138"", ""score"": 70, ""reasons"": ""formula+sg,formula_only"", ""sg_relation"": ""exact"", ""spg_symbol"": ""Fm-3m"", ""spg_number"": 225, ""crystal_system"": ""cubic"", ""cif_tier"": ""no (up to very_loose)"", ""deprecated"": false}, {""mpid"": ""mp-1009009"", ""score"": 60, ""reasons"": ""formula+sg_system,formula_only"", ""sg_relation"": ""same_system"", ""spg_symbol"": ""Pm-3m"", ""spg_number"": 221, ""crystal_system"": ""cubic"", ""cif_tier"": ""no (up to very_loose)"", ""deprecated"": false}, {""mpid"": ""mp-1185301"", ""score"": 40, ""reasons"": ""formula_only"", ""sg_relation"": ""mismatch"", ""spg_symbol"": ""P6_3mc"", ""spg_number"": 186, ""crystal_system"": ""hexagonal"", ""cif_tier"": ""no (up to very_loose)"", ""deprecated"": false}]",
923,mp-1138,70,"formula+sg,formula_only",exact,Fm-3m,225,cubic,no (up to very_loose),FALSE,"[{""mpid"": ""mp-1138"", ""score"": 70, ""reasons"": ""formula+sg,formula_only"", ""sg_relation"": ""exact"", ""spg_symbol"": ""Fm-3m"", ""spg_number"": 225, ""crystal_system"": ""cubic"", ""cif_tier"": ""no (up to very_loose)"", ""deprecated"": false}, {""mpid"": ""mp-1009009"", ""score"": 60, ""reasons"": ""formula+sg_system,formula_only"", ""sg_relation"": ""same_system"", ""spg_symbol"": ""Pm-3m"", ""spg_number"": 221, ""crystal_system"": ""cubic"", ""cif_tier"": ""no (up to very_loose)"", ""deprecated"": false}, {""mpid"": ""mp-1185301"", ""score"": 40, ""reasons"": ""formula_only"", ""sg_relation"": ""mismatch"", ""spg_symbol"": ""P6_3mc"", ""spg_number"": 186, ""crystal_system"": ""hexagonal"", ""cif_tier"": ""no (up to very_loose)"", ""deprecated"": false}]",
924,mp-1138,70,"formula+sg,formula_only",exact,Fm-3m,225,cubic,no (up to very_loose),FALSE,"[{""mpid"": ""mp-1138"", ""score"": 70, ""reasons"": ""formula+sg,formula_only"", ""sg_relation"": ""exact"", ""spg_symbol"": ""Fm-3m"", ""spg_number"": 225, ""crystal_system"": ""cubic"", ""cif_tier"": ""no (up to very_loose)"", ""deprecated"": false}, {""mpid"": ""mp-1009009"", ""score"": 60, ""reasons"": ""formula+sg_system,formula_only"", ""sg_relation"": ""same_system"", ""spg_symbol"": ""Pm-3m"", ""spg_number"": 221, ""crystal_system"": ""cubic"", ""cif_tier"": ""no (up to very_loose)"", ""deprecated"": false}, {""mpid"": ""mp-1185301"", ""score"": 40, ""reasons"": ""formula_only"", ""sg_relation"": ""mismatch"", ""spg_symbol"": ""P6_3mc"", ""spg_number"": 186, ""crystal_system"": ""hexagonal"", ""cif_tier"": ""no (up to very_loose)"", ""deprecated"": false}]",
925,mp-1138,70,"formula+sg,formula_only",exact,Fm-3m,225,cubic,no (up to very_loose),FALSE,"[{""mpid"": ""mp-1138"", ""score"": 70, ""reasons"": ""formula+sg,formula_only"", ""sg_relation"": ""exact"", ""spg_symbol"": ""Fm-3m"", ""spg_number"": 225, ""crystal_system"": ""cubic"", ""cif_tier"": ""no (up to very_loose)"", ""deprecated"": false}, {""mpid"": ""mp-1009009"", ""score"": 60, ""reasons"": ""formula+sg_system,formula_only"", ""sg_relation"": ""same_system"", ""spg_symbol"": ""Pm-3m"", ""spg_number"": 221, ""crystal_system"": ""cubic"", ""cif_tier"": ""no (up to very_loose)"", ""deprecated"": false}, {""mpid"": ""mp-1185301"", ""score"": 40, ""reasons"": ""formula_only"", ""sg_relation"": ""mismatch"", ""spg_symbol"": ""P6_3mc"", ""spg_number"": 186, ""crystal_system"": ""hexagonal"", ""cif_tier"": ""no (up to very_loose)"", ""deprecated"": false}]",
926,mp-1138,70,"formula+sg,formula_only",exact,Fm-3m,225,cubic,no (up to very_loose),FALSE,"[{""mpid"": ""mp-1138"", ""score"": 70, ""reasons"": ""formula+sg,formula_only"", ""sg_relation"": ""exact"", ""spg_symbol"": ""Fm-3m"", ""spg_number"": 225, ""crystal_system"": ""cubic"", ""cif_tier"": ""no (up to very_loose)"", ""deprecated"": false}, {""mpid"": ""mp-1009009"", ""score"": 60, ""reasons"": ""formula+sg_system,formula_only"", ""sg_relation"": ""same_system"", ""spg_symbol"": ""Pm-3m"", ""spg_number"": 221, ""crystal_system"": ""cubic"", ""cif_tier"": ""no (up to very_loose)"", ""deprecated"": false}, {""mpid"": ""mp-1185301"", ""score"": 40, ""reasons"": ""formula_only"", ""sg_relation"": ""mismatch"", ""spg_symbol"": ""P6_3mc"", ""spg_number"": 186, ""crystal_system"": ""hexagonal"", ""cif_tier"": ""no (up to very_loose)"", ""deprecated"": false}]",
2010,,,,,,,,,,[],
2025,mp-28828,70,"formula+sg,formula_only",exact,Fm-3m,225,cubic,no (up to very_loose),FALSE,"[{""mpid"": ""mp-28828"", ""score"": 70, ""reasons"": ""formula+sg,formula_only"", ""sg_relation"": ""exact"", ""spg_symbol"": ""Fm-3m"", ""spg_number"": 225, ""crystal_system"": ""cubic"", ""cif_tier"": ""no (up to very_loose)"", ""deprecated"": false}]",
2029,mp-1211124,70,"formula+sg,formula_only",exact,Fm-3m,225,cubic,no (up to very_loose),FALSE,"[{""mpid"": ""mp-1211124"", ""score"": 70, ""reasons"": ""formula+sg,formula_only"", ""sg_relation"": ""exact"", ""spg_symbol"": ""Fm-3m"", ""spg_number"": 225, ""crystal_system"": ""cubic"", ""cif_tier"": ""no (up to very_loose)"", ""deprecated"": false}]",
2030,mp-505391,70,"formula+sg,formula_only",exact,Fm-3m,225,cubic,no (up to very_loose),FALSE,"[{""mpid"": ""mp-505391"", ""score"": 70, ""reasons"": ""formula+sg,formula_only"", ""sg_relation"": ""exact"", ""spg_symbol"": ""Fm-3m"", ""spg_number"": 225, ""crystal_system"": ""cubic"", ""cif_tier"": ""no (up to very_loose)"", ""deprecated"": false}]",
2031,mp-1138,70,"formula+sg,formula_only",exact,Fm-3m,225,cubic,no (up to very_loose),FALSE,"[{""mpid"": ""mp-1138"", ""score"": 70, ""reasons"": ""formula+sg,formula_only"", ""sg_relation"": ""exact"", ""spg_symbol"": ""Fm-3m"", ""spg_number"": 225, ""crystal_system"": ""cubic"", ""cif_tier"": ""no (up to very_loose)"", ""deprecated"": false}, {""mpid"": ""mp-1009009"", ""score"": 60, ""reasons"": ""formula+sg_system,formula_only"", ""sg_relation"": ""same_system"", ""spg_symbol"": ""Pm-3m"", ""spg_number"": 221, ""crystal_system"": ""cubic"", ""cif_tier"": ""no (up to very_loose)"", ""deprecated"": false}, {""mpid"": ""mp-1185301"", ""score"": 40, ""reasons"": ""formula_only"", ""sg_relation"": ""mismatch"", ""spg_symbol"": ""P6_3mc"", ""spg_number"": 186, ""crystal_system"": ""hexagonal"", ""cif_tier"": ""no (up to very_loose)"", ""deprecated"": false}]",
18,,,,,,,,,,[],
25,,,,,,,,,,[],
36,,,,,,,,,,[],
37,mp-696128,40,formula_only,mismatch,P4_2mc,105,tetragonal,no (up to very_loose),FALSE,"[{""mpid"": ""mp-696128"", ""score"": 40, ""reasons"": ""formula_only"", ""sg_relation"": ""mismatch"", ""spg_symbol"": ""P4_2mc"", ""spg_number"": 105, ""crystal_system"": ""tetragonal"", ""cif_tier"": ""no (up to very_loose)"", ""deprecated"": false}, {""mpid"": ""mp-696138"", ""score"": 40, ""reasons"": ""formula_only"", ""sg_relation"": ""mismatch"", ""spg_symbol"": ""P1"", ""spg_number"": 1, ""crystal_system"": ""triclinic"", ""cif_tier"": ""no (up to very_loose)"", ""deprecated"": false}]",
39,mp-641703,40,formula_only,mismatch,P-1,2,triclinic,no (up to very_loose),FALSE,"[{""mpid"": ""mp-641703"", ""score"": 40, ""reasons"": ""formula_only"", ""sg_relation"": ""mismatch"", ""spg_symbol"": ""P-1"", ""spg_number"": 2, ""crystal_system"": ""triclinic"", ""cif_tier"": ""no (up to very_loose)"", ""deprecated"": false}]",
44,,,,,,,,,,[],
243,,,,,,,,,,[],
244,,,,,,,,,,[],
245,,,,,,,,,,[],
246,,,,,,,,,,[],
265,,,,,,,,,,[],
266,,,,,,,,,,[],
267,,,,,,,,,,[],
300,,,,,,,,,,[],
488,,,,,,,,,,[],
673,mp-696123,40,formula_only,mismatch,P4_2mc,105,tetragonal,no (up to very_loose),FALSE,"[{""mpid"": ""mp-696123"", ""score"": 40, ""reasons"": ""formula_only"", ""sg_relation"": ""mismatch"", ""spg_symbol"": ""P4_2mc"", ""spg_number"": 105, ""crystal_system"": ""tetragonal"", ""cif_tier"": ""no (up to very_loose)"", ""deprecated"": false}, {""mpid"": ""mp-721236"", ""score"": 40, ""reasons"": ""formula_only"", ""sg_relation"": ""mismatch"", ""spg_symbol"": ""P1"", ""spg_number"": 1, ""crystal_system"": ""triclinic"", ""cif_tier"": ""no (up to very_loose)"", ""deprecated"": false}]",
675,mp-696128,40,formula_only,mismatch,P4_2mc,105,tetragonal,no (up to very_loose),FALSE,"[{""mpid"": ""mp-696128"", ""score"": 40, ""reasons"": ""formula_only"", ""sg_relation"": ""mismatch"", ""spg_symbol"": ""P4_2mc"", ""spg_number"": 105, ""crystal_system"": ""tetragonal"", ""cif_tier"": ""no (up to very_loose)"", ""deprecated"": false}, {""mpid"": ""mp-696138"", ""score"": 40, ""reasons"": ""formula_only"", ""sg_relation"": ""mismatch"", ""spg_symbol"": ""P1"", ""spg_number"": 1, ""crystal_system"": ""triclinic"", ""cif_tier"": ""no (up to very_loose)"", ""deprecated"": false}]",
699,,,,,,,,,,[],
717,mp-641703,40,formula_only,mismatch,P-1,2,triclinic,no (up to very_loose),FALSE,"[{""mpid"": ""mp-641703"", ""score"": 40, ""reasons"": ""formula_only"", ""sg_relation"": ""mismatch"", ""spg_symbol"": ""P-1"", ""spg_number"": 2, ""crystal_system"": ""triclinic"", ""cif_tier"": ""no (up to very_loose)"", ""deprecated"": false}]",
721,mp-696128,40,formula_only,mismatch,P4_2mc,105,tetragonal,no (up to very_loose),FALSE,"[{""mpid"": ""mp-696128"", ""score"": 40, ""reasons"": ""formula_only"", ""sg_relation"": ""mismatch"", ""spg_symbol"": ""P4_2mc"", ""spg_number"": 105, ""crystal_system"": ""tetragonal"", ""cif_tier"": ""no (up to very_loose)"", ""deprecated"": false}, {""mpid"": ""mp-696138"", ""score"": 40, ""reasons"": ""formula_only"", ""sg_relation"": ""mismatch"", ""spg_symbol"": ""P1"", ""spg_number"": 1, ""crystal_system"": ""triclinic"", ""cif_tier"": ""no (up to very_loose)"", ""deprecated"": false}]",
731,,,,,,,,,,[],
732,,,,,,,,,,[],
762,,,,,,,,,,[],
763,,,,,,,,,,[],
764,,,,,,,,,,[],
765,mp-1210789,60,"formula+sg_system,formula_only",same_system,Cmc2_1,36,orthorhombic,no (up to very_loose),FALSE,"[{""mpid"": ""mp-1210789"", ""score"": 60, ""reasons"": ""formula+sg_system,formula_only"", ""sg_relation"": ""same_system"", ""spg_symbol"": ""Cmc2_1"", ""spg_number"": 36, ""crystal_system"": ""orthorhombic"", ""cif_tier"": ""no (up to very_loose)"", ""deprecated"": false}]",
766,mp-985583,70,"formula+sg,formula_only",exact,Pnma,62,orthorhombic,no (up to very_loose),FALSE,"[{""mpid"": ""mp-985583"", ""score"": 70, ""reasons"": ""formula+sg,formula_only"", ""sg_relation"": ""exact"", ""spg_symbol"": ""Pnma"", ""spg_number"": 62, ""crystal_system"": ""orthorhombic"", ""cif_tier"": ""no (up to very_loose)"", ""deprecated"": false}, {""mpid"": ""mp-1097036"", ""score"": 70, ""reasons"": ""formula+sg,formula_only"", ""sg_relation"": ""exact"", ""spg_symbol"": ""Pnma"", ""spg_number"": 62, ""crystal_system"": ""orthorhombic"", ""cif_tier"": ""no (up to very_loose)"", ""deprecated"": false}, {""mpid"": ""mp-2646995"", ""score"": 40, ""reasons"": ""formula_only"", ""sg_relation"": ""mismatch"", ""spg_symbol"": ""I-42m"", ""spg_number"": 121, ""crystal_system"": ""tetragonal"", ""cif_tier"": ""no (up to very_loose)"", ""deprecated"": false}]",
772,,,,,,,,,,[],
778,mp-641703,40,formula_only,mismatch,P-1,2,triclinic,no (up to very_loose),FALSE,"[{""mpid"": ""mp-641703"", ""score"": 40, ""reasons"": ""formula_only"", ""sg_relation"": ""mismatch"", ""spg_symbol"": ""P-1"", ""spg_number"": 2, ""crystal_system"": ""triclinic"", ""cif_tier"": ""no (up to very_loose)"", ""deprecated"": false}]",
779,,,,,,,,,,[],
780,,,,,,,,,,[],
781,mp-30249,70,"formula+sg,formula_only",exact,Pnma,62,orthorhombic,no (up to very_loose),FALSE,"[{""mpid"": ""mp-30249"", ""score"": 70, ""reasons"": ""formula+sg,formula_only"", ""sg_relation"": ""exact"", ""spg_symbol"": ""Pnma"", ""spg_number"": 62, ""crystal_system"": ""orthorhombic"", ""cif_tier"": ""no (up to very_loose)"", ""deprecated"": false}, {""mpid"": ""mp-1222529"", ""score"": 60, ""reasons"": ""formula+sg_system,formula_only"", ""sg_relation"": ""same_system"", ""spg_symbol"": ""P2_12_12_1"", ""spg_number"": 19, ""crystal_system"": ""orthorhombic"", ""cif_tier"": ""no (up to very_loose)"", ""deprecated"": false}, {""mpid"": ""mp-1222582"", ""score"": 60, ""reasons"": ""formula+sg_system,formula_only"", ""sg_relation"": ""same_system"", ""spg_symbol"": ""Pna2_1"", ""spg_number"": 33, ""crystal_system"": ""orthorhombic"", ""cif_tier"": ""no (up to very_loose)"", ""deprecated"": false}]",
782,,,,,,,,,,[],
783,mp-38200,70,"formula+sg,formula_only",exact,Pnma,62,orthorhombic,no (up to very_loose),FALSE,"[{""mpid"": ""mp-38200"", ""score"": 70, ""reasons"": ""formula+sg,formula_only"", ""sg_relation"": ""exact"", ""spg_symbol"": ""Pnma"", ""spg_number"": 62, ""crystal_system"": ""orthorhombic"", ""cif_tier"": ""no (up to very_loose)"", ""deprecated"": false}, {""mpid"": ""mp-1222635"", ""score"": 40, ""reasons"": ""formula_only"", ""sg_relation"": ""mismatch"", ""spg_symbol"": ""P6_3cm"", ""spg_number"": 185, ""crystal_system"": ""hexagonal"", ""cif_tier"": ""no (up to very_loose)"", ""deprecated"": false}]",
789,mp-1195718,70,"formula+sg,formula_only",exact,Pnma,62,orthorhombic,no (up to very_loose),FALSE,"[{""mpid"": ""mp-1195718"", ""score"": 70, ""reasons"": ""formula+sg,formula_only"", ""sg_relation"": ""exact"", ""spg_symbol"": ""Pnma"", ""spg_number"": 62, ""crystal_system"": ""orthorhombic"", ""cif_tier"": ""no (up to very_loose)"", ""deprecated"": false}]",
792,mp-985583,70,"formula+sg,formula_only",exact,Pnma,62,orthorhombic,no (up to very_loose),FALSE,"[{""mpid"": ""mp-985583"", ""score"": 70, ""reasons"": ""formula+sg,formula_only"", ""sg_relation"": ""exact"", ""spg_symbol"": ""Pnma"", ""spg_number"": 62, ""crystal_system"": ""orthorhombic"", ""cif_tier"": ""no (up to very_loose)"", ""deprecated"": false}, {""mpid"": ""mp-1097036"", ""score"": 70, ""reasons"": ""formula+sg,formula_only"", ""sg_relation"": ""exact"", ""spg_symbol"": ""Pnma"", ""spg_number"": 62, ""crystal_system"": ""orthorhombic"", ""cif_tier"": ""no (up to very_loose)"", ""deprecated"": false}, {""mpid"": ""mp-2646995"", ""score"": 40, ""reasons"": ""formula_only"", ""sg_relation"": ""mismatch"", ""spg_symbol"": ""I-42m"", ""spg_number"": 121, ""crystal_system"": ""tetragonal"", ""cif_tier"": ""no (up to very_loose)"", ""deprecated"": false}]",
793,mp-696123,40,formula_only,mismatch,P4_2mc,105,tetragonal,no (up to very_loose),FALSE,"[{""mpid"": ""mp-696123"", ""score"": 40, ""reasons"": ""formula_only"", ""sg_relation"": ""mismatch"", ""spg_symbol"": ""P4_2mc"", ""spg_number"": 105, ""crystal_system"": ""tetragonal"", ""cif_tier"": ""no (up to very_loose)"", ""deprecated"": false}, {""mpid"": ""mp-721236"", ""score"": 40, ""reasons"": ""formula_only"", ""sg_relation"": ""mismatch"", ""spg_symbol"": ""P1"", ""spg_number"": 1, ""crystal_system"": ""triclinic"", ""cif_tier"": ""no (up to very_loose)"", ""deprecated"": false}]",
797,mp-696128,40,formula_only,mismatch,P4_2mc,105,tetragonal,no (up to very_loose),FALSE,"[{""mpid"": ""mp-696128"", ""score"": 40, ""reasons"": ""formula_only"", ""sg_relation"": ""mismatch"", ""spg_symbol"": ""P4_2mc"", ""spg_number"": 105, ""crystal_system"": ""tetragonal"", ""cif_tier"": ""no (up to very_loose)"", ""deprecated"": false}, {""mpid"": ""mp-696138"", ""score"": 40, ""reasons"": ""formula_only"", ""sg_relation"": ""mismatch"", ""spg_symbol"": ""P1"", ""spg_number"": 1, ""crystal_system"": ""triclinic"", ""cif_tier"": ""no (up to very_loose)"", ""deprecated"": false}]",
817,,,,,,,,,,[],
821,mp-696129,40,formula_only,mismatch,P4_2mc,105,tetragonal,no (up to very_loose),FALSE,"[{""mpid"": ""mp-696129"", ""score"": 40, ""reasons"": ""formula_only"", ""sg_relation"": ""mismatch"", ""spg_symbol"": ""P4_2mc"", ""spg_number"": 105, ""crystal_system"": ""tetragonal"", ""cif_tier"": ""no (up to very_loose)"", ""deprecated"": false}, {""mpid"": ""mp-720509"", ""score"": 40, ""reasons"": ""formula_only"", ""sg_relation"": ""mismatch"", ""spg_symbol"": ""P1"", ""spg_number"": 1, ""crystal_system"": ""triclinic"", ""cif_tier"": ""no (up to very_loose)"", ""deprecated"": false}]",
859,,,,,,,,,,[],
868,,,,,,,,,,[],
871,,,,,,,,,,[],
873,,,,,,,,,,[],
875,,,,,,,,,,[],
879,,,,,,,,,,[],
880,,,,,,,,,,[],
893,,,,,,,,,,[],
894,,,,,,,,,,[],
895,,,,,,,,,,[],
896,,,,,,,,,,[],
897,,,,,,,,,,[],
898,,,,,,,,,,[],
899,mp-30249,70,"formula+sg,formula_only",exact,Pnma,62,orthorhombic,no (up to very_loose),FALSE,"[{""mpid"": ""mp-30249"", ""score"": 70, ""reasons"": ""formula+sg,formula_only"", ""sg_relation"": ""exact"", ""spg_symbol"": ""Pnma"", ""spg_number"": 62, ""crystal_system"": ""orthorhombic"", ""cif_tier"": ""no (up to very_loose)"", ""deprecated"": false}, {""mpid"": ""mp-1222529"", ""score"": 60, ""reasons"": ""formula+sg_system,formula_only"", ""sg_relation"": ""same_system"", ""spg_symbol"": ""P2_12_12_1"", ""spg_number"": 19, ""crystal_system"": ""orthorhombic"", ""cif_tier"": ""no (up to very_loose)"", ""deprecated"": false}, {""mpid"": ""mp-1222582"", ""score"": 60, ""reasons"": ""formula+sg_system,formula_only"", ""sg_relation"": ""same_system"", ""spg_symbol"": ""Pna2_1"", ""spg_number"": 33, ""crystal_system"": ""orthorhombic"", ""cif_tier"": ""no (up to very_loose)"", ""deprecated"": false}]",
900,mp-1195718,70,"formula+sg,formula_only",exact,Pnma,62,orthorhombic,no (up to very_loose),FALSE,"[{""mpid"": ""mp-1195718"", ""score"": 70, ""reasons"": ""formula+sg,formula_only"", ""sg_relation"": ""exact"", ""spg_symbol"": ""Pnma"", ""spg_number"": 62, ""crystal_system"": ""orthorhombic"", ""cif_tier"": ""no (up to very_loose)"", ""deprecated"": false}]",
901,,,,,,,,,,[],
902,,,,,,,,,,[],
920,,,,,,,,,,[],
930,,,,,,,,,,[],
2026,,,,,,,,,,[],
2027,,,,,,,,,,[],
2028,,,,,,,,,,[],
15,,,,,,,,,,[],
16,,,,,,,,,,[],
507,,,,,,,,,,[],
508,,,,,,,,,,[],
509,,,,,,,,,,[],
510,,,,,,,,,,[],
511,,,,,,,,,,[],
512,,,,,,,,,,[],
513,,,,,,,,,,[],
515,,,,,,,,,,[],
516,,,,,,,,,,[],
517,,,,,,,,,,[],
518,,,,,,,,,,[],
2000,,,,,,,,,,[],
2011,,,,,,,,,,[],
2012,,,,,,,,,,[],
2013,,,,,,,,,,[],
