ID,best_mpid,best_score,best_reasons,best_sg_relation,best_spg_symbol,best_spg_number,best_crystal_system,best_cif_tier,best_deprecated,candidates,error
jqc,mp-38487,60.0,"formula+sg_system,formula_only",same_system,P1,1.0,triclinic,no (up to very_loose),False,"[{""mpid"": ""mp-38487"", ""score"": 60, ""reasons"": ""formula+sg_system,formula_only"", ""sg_relation"": ""same_system"", ""spg_symbol"": ""P1"", ""spg_number"": 1, ""crystal_system"": ""triclinic"", ""cif_tier"": ""no (up to very_loose)"", ""deprecated"": false}, {""mpid"": ""mp-754060"", ""score"": 40, ""reasons"": ""formula_only"", ""sg_relation"": ""mismatch"", ""spg_symbol"": ""R3"", ""spg_number"": 146, ""crystal_system"": ""trigonal"", ""cif_tier"": ""no (up to very_loose)"", ""deprecated"": false}]",
oi6,mp-37436,60.0,"formula+sg_system,formula_only",same_system,P1,1.0,triclinic,no (up to very_loose),False,"[{""mpid"": ""mp-37436"", ""score"": 60, ""reasons"": ""formula+sg_system,formula_only"", ""sg_relation"": ""same_system"", ""spg_symbol"": ""P1"", ""spg_number"": 1, ""crystal_system"": ""triclinic"", ""cif_tier"": ""no (up to very_loose)"", ""deprecated"": false}, {""mpid"": ""mp-27453"", ""score"": 40, ""reasons"": ""formula_only"", ""sg_relation"": ""mismatch"", ""spg_symbol"": ""R3"", ""spg_number"": 146, ""crystal_system"": ""trigonal"", ""cif_tier"": ""no (up to very_loose)"", ""deprecated"": false}]",
2t8,mp-25423,70.0,"formula+sg,formula_only",exact,P-1,2.0,triclinic,no (up to very_loose),False,"[{""mpid"": ""mp-25423"", ""score"": 70, ""reasons"": ""formula+sg,formula_only"", ""sg_relation"": ""exact"", ""spg_symbol"": ""P-1"", ""spg_number"": 2, ""crystal_system"": ""triclinic"", ""cif_tier"": ""no (up to very_loose)"", ""deprecated"": false}, {""mpid"": ""mp-776659"", ""score"": 60, ""reasons"": ""formula+sg_system,formula_only"", ""sg_relation"": ""same_system"", ""spg_symbol"": ""P1"", ""spg_number"": 1, ""crystal_system"": ""triclinic"", ""cif_tier"": ""no (up to very_loose)"", ""deprecated"": false}, {""mpid"": ""mp-1247560"", ""score"": 60, ""reasons"": ""formula+sg_system,formula_only"", ""sg_relation"": ""same_system"", ""spg_symbol"": ""P1"", ""spg_number"": 1, ""crystal_system"": ""triclinic"", ""cif_tier"": ""no (up to very_loose)"", ""deprecated"": false}]",
47i,mp-28450,90.0,"cif_match,formula+sg,formula_only",exact,P-1,2.0,triclinic,strict,False,"[{""mpid"": ""mp-28450"", ""score"": 90, ""reasons"": ""cif_match,formula+sg,formula_only"", ""sg_relation"": ""exact"", ""spg_symbol"": ""P-1"", ""spg_number"": 2, ""crystal_system"": ""triclinic"", ""cif_tier"": ""strict"", ""deprecated"": false}, {""mpid"": ""mp-1020666"", ""score"": 70, ""reasons"": ""formula+sg,formula_only"", ""sg_relation"": ""exact"", ""spg_symbol"": ""P-1"", ""spg_number"": 2, ""crystal_system"": ""triclinic"", ""cif_tier"": ""no (up to very_loose)"", ""deprecated"": false}, {""mpid"": ""mp-554577"", ""score"": 40, ""reasons"": ""formula_only"", ""sg_relation"": ""mismatch"", ""spg_symbol"": ""P2_1/c"", ""spg_number"": 14, ""crystal_system"": ""monoclinic"", ""cif_tier"": ""no (up to very_loose)"", ""deprecated"": false}, {""mpid"": ""mp-1020027"", ""score"": 40, ""reasons"": ""formula_only"", ""sg_relation"": ""mismatch"", ""spg_symbol"": ""P2_1/c"", ""spg_number"": 14, ""crystal_system"": ""monoclinic"", ""cif_tier"": ""no (up to very_loose)"", ""deprecated"": false}]",
clt,mp-1191302,90.0,"cif_match,formula+sg,formula_only",exact,P-1,2.0,triclinic,strict,False,"[{""mpid"": ""mp-1191302"", ""score"": 90, ""reasons"": ""cif_match,formula+sg,formula_only"", ""sg_relation"": ""exact"", ""spg_symbol"": ""P-1"", ""spg_number"": 2, ""crystal_system"": ""triclinic"", ""cif_tier"": ""strict"", ""deprecated"": false}, {""mpid"": ""mp-1198701"", ""score"": 70, ""reasons"": ""formula+sg,formula_only"", ""sg_relation"": ""exact"", ""spg_symbol"": ""P-1"", ""spg_number"": 2, ""crystal_system"": ""triclinic"", ""cif_tier"": ""no (up to very_loose)"", ""deprecated"": false}, {""mpid"": ""mp-556002"", ""score"": 60, ""reasons"": ""formula+sg_system,formula_only"", ""sg_relation"": ""same_system"", ""spg_symbol"": ""P1"", ""spg_number"": 1, ""crystal_system"": ""triclinic"", ""cif_tier"": ""no (up to very_loose)"", ""deprecated"": false}]",
ix1,,,,,,,,,,[],
bq9,mp-28510,90.0,"cif_match,formula+sg,formula_only",exact,P-1,2.0,triclinic,strict,False,"[{""mpid"": ""mp-28510"", ""score"": 90, ""reasons"": ""cif_match,formula+sg,formula_only"", ""sg_relation"": ""exact"", ""spg_symbol"": ""P-1"", ""spg_number"": 2, ""crystal_system"": ""triclinic"", ""cif_tier"": ""strict"", ""deprecated"": false}, {""mpid"": ""mp-753795"", ""score"": 40, ""reasons"": ""formula_only"", ""sg_relation"": ""mismatch"", ""spg_symbol"": ""P2_13"", ""spg_number"": 198, ""crystal_system"": ""cubic"", ""cif_tier"": ""no (up to very_loose)"", ""deprecated"": false}, {""mpid"": ""mp-756633"", ""score"": 40, ""reasons"": ""formula_only"", ""sg_relation"": ""mismatch"", ""spg_symbol"": ""I-43m"", ""spg_number"": 217, ""crystal_system"": ""cubic"", ""cif_tier"": ""no (up to very_loose)"", ""deprecated"": false}, {""mpid"": ""mp-778604"", ""score"": 40, ""reasons"": ""formula_only"", ""sg_relation"": ""mismatch"", ""spg_symbol"": ""I4_1"", ""spg_number"": 80, ""crystal_system"": ""tetragonal"", ""cif_tier"": ""no (up to very_loose)"", ""deprecated"": false}]",
skm,mp-29365,90.0,"cif_match,formula+sg,formula_only",exact,Cm,8.0,monoclinic,strict,False,"[{""mpid"": ""mp-29365"", ""score"": 90, ""reasons"": ""cif_match,formula+sg,formula_only"", ""sg_relation"": ""exact"", ""spg_symbol"": ""Cm"", ""spg_number"": 8, ""crystal_system"": ""monoclinic"", ""cif_tier"": ""strict"", ""deprecated"": false}, {""mpid"": ""mp-2045219"", ""score"": 90, ""reasons"": ""cif_match,formula+sg,formula_only"", ""sg_relation"": ""exact"", ""spg_symbol"": ""Cm"", ""spg_number"": 8, ""crystal_system"": ""monoclinic"", ""cif_tier"": ""strict"", ""deprecated"": false}]",
pwr,,,,,,,,,,[],
b4c,,,,,,,,,,[],
7se,,,,,,,,,,[],
5e2,,,,,,,,,,[],
dj2,,,,,,,,,,[],
10u,,,,,,,,,,[],
y2l,,,,,,,,,,[],
gl0,,,,,,,,,,[],
wmr,,,,,,,,,,[],
xxq,,,,,,,,,,[],
h8o,,,,,,,,,,[],
pe2,,,,,,,,,,[],
opo,,,,,,,,,,[],
lkm,mp-27968,90.0,"cif_match,formula+sg,formula_only",exact,P2_1/c,14.0,monoclinic,strict,False,"[{""mpid"": ""mp-27968"", ""score"": 90, ""reasons"": ""cif_match,formula+sg,formula_only"", ""sg_relation"": ""exact"", ""spg_symbol"": ""P2_1/c"", ""spg_number"": 14, ""crystal_system"": ""monoclinic"", ""cif_tier"": ""strict"", ""deprecated"": false}]",
bv2,mp-7020,90.0,"cif_match,formula+sg,formula_only",exact,P2_1/c,14.0,monoclinic,strict,False,"[{""mpid"": ""mp-7020"", ""score"": 90, ""reasons"": ""cif_match,formula+sg,formula_only"", ""sg_relation"": ""exact"", ""spg_symbol"": ""P2_1/c"", ""spg_number"": 14, ""crystal_system"": ""monoclinic"", ""cif_tier"": ""strict"", ""deprecated"": false}]",
be9,mp-28326,90.0,"cif_match,formula+sg,formula_only",exact,P2_1/c,14.0,monoclinic,strict,False,"[{""mpid"": ""mp-28326"", ""score"": 90, ""reasons"": ""cif_match,formula+sg,formula_only"", ""sg_relation"": ""exact"", ""spg_symbol"": ""P2_1/c"", ""spg_number"": 14, ""crystal_system"": ""monoclinic"", ""cif_tier"": ""strict"", ""deprecated"": false}]",
n27,mp-3635,90.0,"cif_match,formula+sg,formula_only",exact,P2_1/c,14.0,monoclinic,strict,False,"[{""mpid"": ""mp-3635"", ""score"": 90, ""reasons"": ""cif_match,formula+sg,formula_only"", ""sg_relation"": ""exact"", ""spg_symbol"": ""P2_1/c"", ""spg_number"": 14, ""crystal_system"": ""monoclinic"", ""cif_tier"": ""strict"", ""deprecated"": false}, {""mpid"": ""mp-14232"", ""score"": 40, ""reasons"": ""formula_only"", ""sg_relation"": ""mismatch"", ""spg_symbol"": ""I-42d"", ""spg_number"": 122, ""crystal_system"": ""tetragonal"", ""cif_tier"": ""no (up to very_loose)"", ""deprecated"": false}]",
goi,,,,,,,,,,[],
lrh,,,,,,,,,,[],
1xt,mp-1198780,90.0,"cif_match,formula+sg,formula_only",exact,P2_1/c,14.0,monoclinic,strict,False,"[{""mpid"": ""mp-1198780"", ""score"": 90, ""reasons"": ""cif_match,formula+sg,formula_only"", ""sg_relation"": ""exact"", ""spg_symbol"": ""P2_1/c"", ""spg_number"": 14, ""crystal_system"": ""monoclinic"", ""cif_tier"": ""strict"", ""deprecated"": false}, {""mpid"": ""mp-755703"", ""score"": 60, ""reasons"": ""formula+sg_system,formula_only"", ""sg_relation"": ""same_system"", ""spg_symbol"": ""C2/c"", ""spg_number"": 15, ""crystal_system"": ""monoclinic"", ""cif_tier"": ""no (up to very_loose)"", ""deprecated"": false}]",
kbo,,,,,,,,,,[],
5zv,mp-557756,90.0,"cif_match,formula+sg,formula_only",exact,P2_1/c,14.0,monoclinic,strict,False,"[{""mpid"": ""mp-557756"", ""score"": 90, ""reasons"": ""cif_match,formula+sg,formula_only"", ""sg_relation"": ""exact"", ""spg_symbol"": ""P2_1/c"", ""spg_number"": 14, ""crystal_system"": ""monoclinic"", ""cif_tier"": ""strict"", ""deprecated"": false}, {""mpid"": ""mp-1200615"", ""score"": 90, ""reasons"": ""cif_match,formula+sg_system,formula_only"", ""sg_relation"": ""same_system"", ""spg_symbol"": ""P2_1"", ""spg_number"": 4, ""crystal_system"": ""monoclinic"", ""cif_tier"": ""strict"", ""deprecated"": false}]",
5bz,mp-5001,90.0,"cif_match,formula+sg,formula_only",exact,P2_1/c,14.0,monoclinic,strict,False,"[{""mpid"": ""mp-5001"", ""score"": 90, ""reasons"": ""cif_match,formula+sg,formula_only"", ""sg_relation"": ""exact"", ""spg_symbol"": ""P2_1/c"", ""spg_number"": 14, ""crystal_system"": ""monoclinic"", ""cif_tier"": ""strict"", ""deprecated"": false}, {""mpid"": ""mp-5914"", ""score"": 40, ""reasons"": ""formula_only"", ""sg_relation"": ""mismatch"", ""spg_symbol"": ""I4_1/amd"", ""spg_number"": 141, ""crystal_system"": ""tetragonal"", ""cif_tier"": ""no (up to very_loose)"", ""deprecated"": false}, {""mpid"": ""mp-8926"", ""score"": 40, ""reasons"": ""formula_only"", ""sg_relation"": ""mismatch"", ""spg_symbol"": ""P4_2/mnm"", ""spg_number"": 136, ""crystal_system"": ""tetragonal"", ""cif_tier"": ""no (up to very_loose)"", ""deprecated"": false}]",
883,mp-27653,90.0,"cif_match,formula+sg,formula_only",exact,P2_1/c,14.0,monoclinic,strict,False,"[{""mpid"": ""mp-27653"", ""score"": 90, ""reasons"": ""cif_match,formula+sg,formula_only"", ""sg_relation"": ""exact"", ""spg_symbol"": ""P2_1/c"", ""spg_number"": 14, ""crystal_system"": ""monoclinic"", ""cif_tier"": ""strict"", ""deprecated"": false}, {""mpid"": ""mp-1180547"", ""score"": 60, ""reasons"": ""formula+sg_system,formula_only"", ""sg_relation"": ""same_system"", ""spg_symbol"": ""C2/c"", ""spg_number"": 15, ""crystal_system"": ""monoclinic"", ""cif_tier"": ""no (up to very_loose)"", ""deprecated"": false}, {""mpid"": ""mp-976291"", ""score"": 40, ""reasons"": ""formula_only"", ""sg_relation"": ""mismatch"", ""spg_symbol"": ""I4_1/a"", ""spg_number"": 88, ""crystal_system"": ""tetragonal"", ""cif_tier"": ""no (up to very_loose)"", ""deprecated"": false}, {""mpid"": ""mp-1192061"", ""score"": 40, ""reasons"": ""formula_only"", ""sg_relation"": ""mismatch"", ""spg_symbol"": ""Pnma"", ""spg_number"": 62, ""crystal_system"": ""orthorhombic"", ""cif_tier"": ""no (up to very_loose)"", ""deprecated"": false}]",
uu4,mp-19373,90.0,"cif_match,formula+sg,formula_only",exact,C2/c,15.0,monoclinic,strict,False,"[{""mpid"": ""mp-19373"", ""score"": 90, ""reasons"": ""cif_match,formula+sg,formula_only"", ""sg_relation"": ""exact"", ""spg_symbol"": ""C2/c"", ""spg_number"": 15, ""crystal_system"": ""monoclinic"", ""cif_tier"": ""strict"", ""deprecated"": false}, {""mpid"": ""mp-19440"", ""score"": 70, ""reasons"": ""formula+sg,formula_only"", ""sg_relation"": ""exact"", ""spg_symbol"": ""C2/c"", ""spg_number"": 15, ""crystal_system"": ""monoclinic"", ""cif_tier"": ""no (up to very_loose)"", ""deprecated"": false}, {""mpid"": ""mp-723831"", ""score"": 60, ""reasons"": ""formula+sg_system,formula_only"", ""sg_relation"": ""same_system"", ""spg_symbol"": ""Cc"", ""spg_number"": 9, ""crystal_system"": ""monoclinic"", ""cif_tier"": ""no (up to very_loose)"", ""deprecated"": false}, {""mpid"": ""mp-754098"", ""score"": 60, ""reasons"": ""formula+sg_system,formula_only"", ""sg_relation"": ""same_system"", ""spg_symbol"": ""C2/m"", ""spg_number"": 12, ""crystal_system"": ""monoclinic"", ""cif_tier"": ""no (up to very_loose)"", ""deprecated"": false}, {""mpid"": ""mp-763200"", ""score"": 60, ""reasons"": ""formula+sg_system,formula_only"", ""sg_relation"": ""same_system"", ""spg_symbol"": ""C2"", ""spg_number"": 5, ""crystal_system"": ""monoclinic"", ""cif_tier"": ""no (up to very_loose)"", ""deprecated"": false}, {""mpid"": ""mp-1176521"", ""score"": 60, ""reasons"": ""formula+sg_system,formula_only"", ""sg_relation"": ""same_system"", ""spg_symbol"": ""C2/m"", ""spg_number"": 12, ""crystal_system"": ""monoclinic"", ""cif_tier"": ""no (up to very_loose)"", ""deprecated"": false}]",
tws,mp-5418,90.0,"cif_match,formula+sg,formula_only",exact,C2/c,15.0,monoclinic,strict,False,"[{""mpid"": ""mp-5418"", ""score"": 90, ""reasons"": ""cif_match,formula+sg,formula_only"", ""sg_relation"": ""exact"", ""spg_symbol"": ""C2/c"", ""spg_number"": 15, ""crystal_system"": ""monoclinic"", ""cif_tier"": ""strict"", ""deprecated"": false}]",
l9v,mp-15254,90.0,"cif_match,formula+sg,formula_only",exact,C2/c,15.0,monoclinic,strict,False,"[{""mpid"": ""mp-15254"", ""score"": 90, ""reasons"": ""cif_match,formula+sg,formula_only"", ""sg_relation"": ""exact"", ""spg_symbol"": ""C2/c"", ""spg_number"": 15, ""crystal_system"": ""monoclinic"", ""cif_tier"": ""strict"", ""deprecated"": false}, {""mpid"": ""mp-556020"", ""score"": 40, ""reasons"": ""formula_only"", ""sg_relation"": ""mismatch"", ""spg_symbol"": ""Pna2_1"", ""spg_number"": 33, ""crystal_system"": ""orthorhombic"", ""cif_tier"": ""no (up to very_loose)"", ""deprecated"": false}, {""mpid"": ""mp-1111291"", ""score"": 40, ""reasons"": ""formula_only"", ""sg_relation"": ""mismatch"", ""spg_symbol"": ""Fm-3m"", ""spg_number"": 225, ""crystal_system"": ""cubic"", ""cif_tier"": ""no (up to very_loose)"", ""deprecated"": false}]",
t0h,mp-4156,90.0,"cif_match,formula+sg,formula_only",exact,C2/c,15.0,monoclinic,strict,False,"[{""mpid"": ""mp-4156"", ""score"": 90, ""reasons"": ""cif_match,formula+sg,formula_only"", ""sg_relation"": ""exact"", ""spg_symbol"": ""C2/c"", ""spg_number"": 15, ""crystal_system"": ""monoclinic"", ""cif_tier"": ""strict"", ""deprecated"": false}]",
4kt,mp-29582,85.0,"cif_match,formula+sg,formula_only",exact,C2/c,15.0,monoclinic,medium,False,"[{""mpid"": ""mp-29582"", ""score"": 85, ""reasons"": ""cif_match,formula+sg,formula_only"", ""sg_relation"": ""exact"", ""spg_symbol"": ""C2/c"", ""spg_number"": 15, ""crystal_system"": ""monoclinic"", ""cif_tier"": ""medium"", ""deprecated"": false}, {""mpid"": ""mp-567474"", ""score"": 60, ""reasons"": ""formula+sg_system,formula_only"", ""sg_relation"": ""same_system"", ""spg_symbol"": ""C2/m"", ""spg_number"": 12, ""crystal_system"": ""monoclinic"", ""cif_tier"": ""no (up to very_loose)"", ""deprecated"": false}, {""mpid"": ""mp-685992"", ""score"": 40, ""reasons"": ""formula_only"", ""sg_relation"": ""mismatch"", ""spg_symbol"": ""P1"", ""spg_number"": 1, ""crystal_system"": ""triclinic"", ""cif_tier"": ""no (up to very_loose)"", ""deprecated"": false}]",
xas,mp-1190364,90.0,"cif_match,formula+sg,formula_only",exact,C2/c,15.0,monoclinic,strict,False,"[{""mpid"": ""mp-1190364"", ""score"": 90, ""reasons"": ""cif_match,formula+sg,formula_only"", ""sg_relation"": ""exact"", ""spg_symbol"": ""C2/c"", ""spg_number"": 15, ""crystal_system"": ""monoclinic"", ""cif_tier"": ""strict"", ""deprecated"": false}]",
kfp,mp-6175,90.0,"cif_match,formula+sg,formula_only",exact,C2/c,15.0,monoclinic,strict,False,"[{""mpid"": ""mp-6175"", ""score"": 90, ""reasons"": ""cif_match,formula+sg,formula_only"", ""sg_relation"": ""exact"", ""spg_symbol"": ""C2/c"", ""spg_number"": 15, ""crystal_system"": ""monoclinic"", ""cif_tier"": ""strict"", ""deprecated"": false}]",
qy4,mp-554395,90.0,"cif_match,formula+sg,formula_only",exact,C2/c,15.0,monoclinic,strict,False,"[{""mpid"": ""mp-554395"", ""score"": 90, ""reasons"": ""cif_match,formula+sg,formula_only"", ""sg_relation"": ""exact"", ""spg_symbol"": ""C2/c"", ""spg_number"": 15, ""crystal_system"": ""monoclinic"", ""cif_tier"": ""strict"", ""deprecated"": false}]",
00x,mp-6248,90.0,"cif_match,formula+sg,formula_only",exact,C2/c,15.0,monoclinic,strict,False,"[{""mpid"": ""mp-6248"", ""score"": 90, ""reasons"": ""cif_match,formula+sg,formula_only"", ""sg_relation"": ""exact"", ""spg_symbol"": ""C2/c"", ""spg_number"": 15, ""crystal_system"": ""monoclinic"", ""cif_tier"": ""strict"", ""deprecated"": false}]",
9wf,,,,,,,,,,[],
dmq,,,,,,,,,,[],
uox,,,,,,,,,,[],
joc,mp-985583,60.0,"formula+sg_system,formula_only",same_system,Pnma,62.0,orthorhombic,no (up to very_loose),False,"[{""mpid"": ""mp-985583"", ""score"": 60, ""reasons"": ""formula+sg_system,formula_only"", ""sg_relation"": ""same_system"", ""spg_symbol"": ""Pnma"", ""spg_number"": 62, ""crystal_system"": ""orthorhombic"", ""cif_tier"": ""no (up to very_loose)"", ""deprecated"": false}, {""mpid"": ""mp-1097036"", ""score"": 60, ""reasons"": ""formula+sg_system,formula_only"", ""sg_relation"": ""same_system"", ""spg_symbol"": ""Pnma"", ""spg_number"": 62, ""crystal_system"": ""orthorhombic"", ""cif_tier"": ""no (up to very_loose)"", ""deprecated"": false}, {""mpid"": ""mp-2646995"", ""score"": 40, ""reasons"": ""formula_only"", ""sg_relation"": ""mismatch"", ""spg_symbol"": ""I-42m"", ""spg_number"": 121, ""crystal_system"": ""tetragonal"", ""cif_tier"": ""no (up to very_loose)"", ""deprecated"": false}]",
mq1,mp-756316,90.0,"cif_match,formula+sg,formula_only",exact,Pmn2_1,31.0,orthorhombic,strict,False,"[{""mpid"": ""mp-756316"", ""score"": 90, ""reasons"": ""cif_match,formula+sg,formula_only"", ""sg_relation"": ""exact"", ""spg_symbol"": ""Pmn2_1"", ""spg_number"": 31, ""crystal_system"": ""orthorhombic"", ""cif_tier"": ""strict"", ""deprecated"": false}, {""mpid"": ""mp-768208"", ""score"": 60, ""reasons"": ""formula+sg_system,formula_only"", ""sg_relation"": ""same_system"", ""spg_symbol"": ""Pnma"", ""spg_number"": 62, ""crystal_system"": ""orthorhombic"", ""cif_tier"": ""no (up to very_loose)"", ""deprecated"": false}, {""mpid"": ""mp-752426"", ""score"": 40, ""reasons"": ""formula_only"", ""sg_relation"": ""mismatch"", ""spg_symbol"": ""P2/c"", ""spg_number"": 13, ""crystal_system"": ""monoclinic"", ""cif_tier"": ""no (up to very_loose)"", ""deprecated"": false}, {""mpid"": ""mp-760415"", ""score"": 40, ""reasons"": ""formula_only"", ""sg_relation"": ""mismatch"", ""spg_symbol"": ""I-42m"", ""spg_number"": 121, ""crystal_system"": ""tetragonal"", ""cif_tier"": ""no (up to very_loose)"", ""deprecated"": false}, {""mpid"": ""mp-768269"", ""score"": 40, ""reasons"": ""formula_only"", ""sg_relation"": ""mismatch"", ""spg_symbol"": ""Cc"", ""spg_number"": 9, ""crystal_system"": ""monoclinic"", ""cif_tier"": ""no (up to very_loose)"", ""deprecated"": false}, {""mpid"": ""mp-850275"", ""score"": 40, ""reasons"": ""formula_only"", ""sg_relation"": ""mismatch"", ""spg_symbol"": ""P-43m"", ""spg_number"": 215, ""crystal_system"": ""cubic"", ""cif_tier"": ""no (up to very_loose)"", ""deprecated"": false}]",
ssv,,,,,,,,,,[],
h6c,mp-19219,90.0,"cif_match,formula+sg,formula_only",exact,Pmn2_1,31.0,orthorhombic,strict,False,"[{""mpid"": ""mp-19219"", ""score"": 90, ""reasons"": ""cif_match,formula+sg,formula_only"", ""sg_relation"": ""exact"", ""spg_symbol"": ""Pmn2_1"", ""spg_number"": 31, ""crystal_system"": ""orthorhombic"", ""cif_tier"": ""strict"", ""deprecated"": false}, {""mpid"": ""mp-581162"", ""score"": 60, ""reasons"": ""formula+sg_system,formula_only"", ""sg_relation"": ""same_system"", ""spg_symbol"": ""Pnma"", ""spg_number"": 62, ""crystal_system"": ""orthorhombic"", ""cif_tier"": ""no (up to very_loose)"", ""deprecated"": false}]",
bsa,mp-5854,90.0,"cif_match,formula+sg,formula_only",exact,Pna2_1,33.0,orthorhombic,strict,False,"[{""mpid"": ""mp-5854"", ""score"": 90, ""reasons"": ""cif_match,formula+sg,formula_only"", ""sg_relation"": ""exact"", ""spg_symbol"": ""Pna2_1"", ""spg_number"": 33, ""crystal_system"": ""orthorhombic"", ""cif_tier"": ""strict"", ""deprecated"": false}, {""mpid"": ""mp-8002"", ""score"": 40, ""reasons"": ""formula_only"", ""sg_relation"": ""mismatch"", ""spg_symbol"": ""R-3m"", ""spg_number"": 166, ""crystal_system"": ""trigonal"", ""cif_tier"": ""no (up to very_loose)"", ""deprecated"": false}, {""mpid"": ""mp-1222306"", ""score"": 40, ""reasons"": ""formula_only"", ""sg_relation"": ""mismatch"", ""spg_symbol"": ""P4/mmm"", ""spg_number"": 123, ""crystal_system"": ""tetragonal"", ""cif_tier"": ""no (up to very_loose)"", ""deprecated"": false}]",
mde,mp-558105,90.0,"cif_match,formula+sg,formula_only",exact,Pna2_1,33.0,orthorhombic,strict,False,"[{""mpid"": ""mp-558105"", ""score"": 90, ""reasons"": ""cif_match,formula+sg,formula_only"", ""sg_relation"": ""exact"", ""spg_symbol"": ""Pna2_1"", ""spg_number"": 33, ""crystal_system"": ""orthorhombic"", ""cif_tier"": ""strict"", ""deprecated"": false}]",
1e9,mp-1194339,90.0,"cif_match,formula+sg,formula_only",exact,Pna2_1,33.0,orthorhombic,strict,False,"[{""mpid"": ""mp-1194339"", ""score"": 90, ""reasons"": ""cif_match,formula+sg,formula_only"", ""sg_relation"": ""exact"", ""spg_symbol"": ""Pna2_1"", ""spg_number"": 33, ""crystal_system"": ""orthorhombic"", ""cif_tier"": ""strict"", ""deprecated"": false}, {""mpid"": ""mp-755463"", ""score"": 40, ""reasons"": ""formula_only"", ""sg_relation"": ""mismatch"", ""spg_symbol"": ""R-3"", ""spg_number"": 148, ""crystal_system"": ""trigonal"", ""cif_tier"": ""no (up to very_loose)"", ""deprecated"": false}, {""mpid"": ""mp-768194"", ""score"": 40, ""reasons"": ""formula_only"", ""sg_relation"": ""mismatch"", ""spg_symbol"": ""P2_1/c"", ""spg_number"": 14, ""crystal_system"": ""monoclinic"", ""cif_tier"": ""no (up to very_loose)"", ""deprecated"": false}, {""mpid"": ""mp-768199"", ""score"": 40, ""reasons"": ""formula_only"", ""sg_relation"": ""mismatch"", ""spg_symbol"": ""P2_13"", ""spg_number"": 198, ""crystal_system"": ""cubic"", ""cif_tier"": ""no (up to very_loose)"", ""deprecated"": false}, {""mpid"": ""mp-775804"", ""score"": 40, ""reasons"": ""formula_only"", ""sg_relation"": ""mismatch"", ""spg_symbol"": ""P2_1/c"", ""spg_number"": 14, ""crystal_system"": ""monoclinic"", ""cif_tier"": ""no (up to very_loose)"", ""deprecated"": false}, {""mpid"": ""mp-775806"", ""score"": 40, ""reasons"": ""formula_only"", ""sg_relation"": ""mismatch"", ""spg_symbol"": ""P2_1/c"", ""spg_number"": 14, ""crystal_system"": ""monoclinic"", ""cif_tier"": ""no (up to very_loose)"", ""deprecated"": false}, {""mpid"": ""mp-1177520"", ""score"": 40, ""reasons"": ""formula_only"", ""sg_relation"": ""mismatch"", ""spg_symbol"": ""R3m"", ""spg_number"": 160, ""crystal_system"": ""trigonal"", ""cif_tier"": ""no (up to very_loose)"", ""deprecated"": false}]",
an2,,,,,,,,,,[],
tka,mp-5853,90.0,"cif_match,formula+sg,formula_only",exact,Cmc2_1,36.0,orthorhombic,strict,False,"[{""mpid"": ""mp-5853"", ""score"": 90, ""reasons"": ""cif_match,formula+sg,formula_only"", ""sg_relation"": ""exact"", ""spg_symbol"": ""Cmc2_1"", ""spg_number"": 36, ""crystal_system"": ""orthorhombic"", ""cif_tier"": ""strict"", ""deprecated"": false}]",
cdk,mp-1020019,90.0,"cif_match,formula+sg,formula_only",exact,Cmc2_1,36.0,orthorhombic,strict,False,"[{""mpid"": ""mp-1020019"", ""score"": 90, ""reasons"": ""cif_match,formula+sg,formula_only"", ""sg_relation"": ""exact"", ""spg_symbol"": ""Cmc2_1"", ""spg_number"": 36, ""crystal_system"": ""orthorhombic"", ""cif_tier"": ""strict"", ""deprecated"": false}]",
fwz,mp-1210789,75.0,"cif_match,formula+sg,formula_only",exact,Cmc2_1,36.0,orthorhombic,very_loose,False,"[{""mpid"": ""mp-1210789"", ""score"": 75, ""reasons"": ""cif_match,formula+sg,formula_only"", ""sg_relation"": ""exact"", ""spg_symbol"": ""Cmc2_1"", ""spg_number"": 36, ""crystal_system"": ""orthorhombic"", ""cif_tier"": ""very_loose"", ""deprecated"": false}]",
hln,,,,,,,,,,[],
cy2,,,,,,,,,,[],
5tl,,,,,,,,,,[],
u2y,,,,,,,,,,[],
kxh,,,,,,,,,,[],
3we,,,,,,,,,,[],
5z0,mp-15960,90.0,"cif_match,formula+sg,formula_only",exact,Pbca,61.0,orthorhombic,strict,False,"[{""mpid"": ""mp-15960"", ""score"": 90, ""reasons"": ""cif_match,formula+sg,formula_only"", ""sg_relation"": ""exact"", ""spg_symbol"": ""Pbca"", ""spg_number"": 61, ""crystal_system"": ""orthorhombic"", ""cif_tier"": ""strict"", ""deprecated"": false}, {""mpid"": ""mp-7535"", ""score"": 60, ""reasons"": ""formula+sg_system,formula_only"", ""sg_relation"": ""same_system"", ""spg_symbol"": ""Pmmn"", ""spg_number"": 59, ""crystal_system"": ""orthorhombic"", ""cif_tier"": ""no (up to very_loose)"", ""deprecated"": false}]",
472,mp-1223420,60.0,"formula+sg_system,formula_only",same_system,Pmn2_1,31.0,orthorhombic,no (up to very_loose),False,"[{""mpid"": ""mp-1223420"", ""score"": 60, ""reasons"": ""formula+sg_system,formula_only"", ""sg_relation"": ""same_system"", ""spg_symbol"": ""Pmn2_1"", ""spg_number"": 31, ""crystal_system"": ""orthorhombic"", ""cif_tier"": ""no (up to very_loose)"", ""deprecated"": false}]",
9zk,mp-4657,90.0,"cif_match,formula+sg,formula_only",exact,Pbca,61.0,orthorhombic,strict,False,"[{""mpid"": ""mp-4657"", ""score"": 90, ""reasons"": ""cif_match,formula+sg,formula_only"", ""sg_relation"": ""exact"", ""spg_symbol"": ""Pbca"", ""spg_number"": 61, ""crystal_system"": ""orthorhombic"", ""cif_tier"": ""strict"", ""deprecated"": false}, {""mpid"": ""mp-774753"", ""score"": 70, ""reasons"": ""formula+sg,formula_only"", ""sg_relation"": ""exact"", ""spg_symbol"": ""Pbca"", ""spg_number"": 61, ""crystal_system"": ""orthorhombic"", ""cif_tier"": ""no (up to very_loose)"", ""deprecated"": false}, {""mpid"": ""mp-37207"", ""score"": 40, ""reasons"": ""formula_only"", ""sg_relation"": ""mismatch"", ""spg_symbol"": ""P4_22_12"", ""spg_number"": 94, ""crystal_system"": ""tetragonal"", ""cif_tier"": ""no (up to very_loose)"", ""deprecated"": false}]",
dnt,mp-1223017,60.0,"formula+sg_system,formula_only",same_system,Pna2_1,33.0,orthorhombic,no (up to very_loose),False,"[{""mpid"": ""mp-1223017"", ""score"": 60, ""reasons"": ""formula+sg_system,formula_only"", ""sg_relation"": ""same_system"", ""spg_symbol"": ""Pna2_1"", ""spg_number"": 33, ""crystal_system"": ""orthorhombic"", ""cif_tier"": ""no (up to very_loose)"", ""deprecated"": false}, {""mpid"": ""mp-705887"", ""score"": 40, ""reasons"": ""formula_only"", ""sg_relation"": ""mismatch"", ""spg_symbol"": ""P2_1/c"", ""spg_number"": 14, ""crystal_system"": ""monoclinic"", ""cif_tier"": ""no (up to very_loose)"", ""deprecated"": false}]",
g5g,,,,,,,,,,[],
hpu,,,,,,,,,,[],
c6h,mp-1222972,60.0,"formula+sg_system,formula_only",same_system,Pna2_1,33.0,orthorhombic,no (up to very_loose),False,"[{""mpid"": ""mp-1222972"", ""score"": 60, ""reasons"": ""formula+sg_system,formula_only"", ""sg_relation"": ""same_system"", ""spg_symbol"": ""Pna2_1"", ""spg_number"": 33, ""crystal_system"": ""orthorhombic"", ""cif_tier"": ""no (up to very_loose)"", ""deprecated"": false}, {""mpid"": ""mp-694934"", ""score"": 40, ""reasons"": ""formula_only"", ""sg_relation"": ""mismatch"", ""spg_symbol"": ""P2_1/c"", ""spg_number"": 14, ""crystal_system"": ""monoclinic"", ""cif_tier"": ""no (up to very_loose)"", ""deprecated"": false}]",
vzu,mp-766132,60.0,"formula+sg_system,formula_only",same_system,Pna2_1,33.0,orthorhombic,no (up to very_loose),False,"[{""mpid"": ""mp-766132"", ""score"": 60, ""reasons"": ""formula+sg_system,formula_only"", ""sg_relation"": ""same_system"", ""spg_symbol"": ""Pna2_1"", ""spg_number"": 33, ""crystal_system"": ""orthorhombic"", ""cif_tier"": ""no (up to very_loose)"", ""deprecated"": false}, {""mpid"": ""mp-706279"", ""score"": 40, ""reasons"": ""formula_only"", ""sg_relation"": ""mismatch"", ""spg_symbol"": ""P2_1/c"", ""spg_number"": 14, ""crystal_system"": ""monoclinic"", ""cif_tier"": ""no (up to very_loose)"", ""deprecated"": false}]",
a3e,,,,,,,,,,[],
ubi,,,,,,,,,,[],
9z8,,,,,,,,,,[],
nhq,mp-985583,70.0,"formula+sg,formula_only",exact,Pnma,62.0,orthorhombic,no (up to very_loose),False,"[{""mpid"": ""mp-985583"", ""score"": 70, ""reasons"": ""formula+sg,formula_only"", ""sg_relation"": ""exact"", ""spg_symbol"": ""Pnma"", ""spg_number"": 62, ""crystal_system"": ""orthorhombic"", ""cif_tier"": ""no (up to very_loose)"", ""deprecated"": false}, {""mpid"": ""mp-1097036"", ""score"": 70, ""reasons"": ""formula+sg,formula_only"", ""sg_relation"": ""exact"", ""spg_symbol"": ""Pnma"", ""spg_number"": 62, ""crystal_system"": ""orthorhombic"", ""cif_tier"": ""no (up to very_loose)"", ""deprecated"": false}, {""mpid"": ""mp-2646995"", ""score"": 40, ""reasons"": ""formula_only"", ""sg_relation"": ""mismatch"", ""spg_symbol"": ""I-42m"", ""spg_number"": 121, ""crystal_system"": ""tetragonal"", ""cif_tier"": ""no (up to very_loose)"", ""deprecated"": false}]",
w7d,mp-2878,90.0,"cif_match,formula+sg,formula_only",exact,Pnma,62.0,orthorhombic,strict,False,"[{""mpid"": ""mp-2878"", ""score"": 90, ""reasons"": ""cif_match,formula+sg,formula_only"", ""sg_relation"": ""exact"", ""spg_symbol"": ""Pnma"", ""spg_number"": 62, ""crystal_system"": ""orthorhombic"", ""cif_tier"": ""strict"", ""deprecated"": false}, {""mpid"": ""mp-13725"", ""score"": 60, ""reasons"": ""formula+sg_system,formula_only"", ""sg_relation"": ""same_system"", ""spg_symbol"": ""Pmn2_1"", ""spg_number"": 31, ""crystal_system"": ""orthorhombic"", ""cif_tier"": ""no (up to very_loose)"", ""deprecated"": false}]",
fj5,,,,,,,,,,[],
gxz,mp-557756,40.0,formula_only,mismatch,P2_1/c,14.0,monoclinic,no (up to very_loose),False,"[{""mpid"": ""mp-557756"", ""score"": 40, ""reasons"": ""formula_only"", ""sg_relation"": ""mismatch"", ""spg_symbol"": ""P2_1/c"", ""spg_number"": 14, ""crystal_system"": ""monoclinic"", ""cif_tier"": ""no (up to very_loose)"", ""deprecated"": false}, {""mpid"": ""mp-1200615"", ""score"": 40, ""reasons"": ""formula_only"", ""sg_relation"": ""mismatch"", ""spg_symbol"": ""P2_1"", ""spg_number"": 4, ""crystal_system"": ""monoclinic"", ""cif_tier"": ""no (up to very_loose)"", ""deprecated"": false}]",
tbu,,,,,,,,,,[],
uxo,,,,,,,,,,[],
e6b,mp-30249,70.0,"formula+sg,formula_only",exact,Pnma,62.0,orthorhombic,no (up to very_loose),False,"[{""mpid"": ""mp-30249"", ""score"": 70, ""reasons"": ""formula+sg,formula_only"", ""sg_relation"": ""exact"", ""spg_symbol"": ""Pnma"", ""spg_number"": 62, ""crystal_system"": ""orthorhombic"", ""cif_tier"": ""no (up to very_loose)"", ""deprecated"": false}, {""mpid"": ""mp-1222529"", ""score"": 60, ""reasons"": ""formula+sg_system,formula_only"", ""sg_relation"": ""same_system"", ""spg_symbol"": ""P2_12_12_1"", ""spg_number"": 19, ""crystal_system"": ""orthorhombic"", ""cif_tier"": ""no (up to very_loose)"", ""deprecated"": false}, {""mpid"": ""mp-1222582"", ""score"": 60, ""reasons"": ""formula+sg_system,formula_only"", ""sg_relation"": ""same_system"", ""spg_symbol"": ""Pna2_1"", ""spg_number"": 33, ""crystal_system"": ""orthorhombic"", ""cif_tier"": ""no (up to very_loose)"", ""deprecated"": false}]",
pbz,,,,,,,,,,[],
7ek,,,,,,,,,,[],
86k,,,,,,,,,,[],
kmv,mp-1195718,70.0,"formula+sg,formula_only",exact,Pnma,62.0,orthorhombic,no (up to very_loose),False,"[{""mpid"": ""mp-1195718"", ""score"": 70, ""reasons"": ""formula+sg,formula_only"", ""sg_relation"": ""exact"", ""spg_symbol"": ""Pnma"", ""spg_number"": 62, ""crystal_system"": ""orthorhombic"", ""cif_tier"": ""no (up to very_loose)"", ""deprecated"": false}]",
n7a,,,,,,,,,,[],
i6k,,,,,,,,,,[],
x94,,,,,,,,,,[],
e6e,,,,,,,,,,[],
ylh,,,,,,,,,,[],
eij,,,,,,,,,,[],
ldd,,,,,,,,,,[],
efb,,,,,,,,,,[],
lcm,,,,,,,,,,[],
mgs,,,,,,,,,,[],
31s,,,,,,,,,,[],
dku,,,,,,,,,,[],
ndx,,,,,,,,,,[],
m0j,,,,,,,,,,[],
9lo,mp-2878,90.0,"cif_match,formula+sg,formula_only",exact,Pnma,62.0,orthorhombic,strict,False,"[{""mpid"": ""mp-2878"", ""score"": 90, ""reasons"": ""cif_match,formula+sg,formula_only"", ""sg_relation"": ""exact"", ""spg_symbol"": ""Pnma"", ""spg_number"": 62, ""crystal_system"": ""orthorhombic"", ""cif_tier"": ""strict"", ""deprecated"": false}, {""mpid"": ""mp-13725"", ""score"": 60, ""reasons"": ""formula+sg_system,formula_only"", ""sg_relation"": ""same_system"", ""spg_symbol"": ""Pmn2_1"", ""spg_number"": 31, ""crystal_system"": ""orthorhombic"", ""cif_tier"": ""no (up to very_loose)"", ""deprecated"": false}]",
dth,mp-4558,90.0,"cif_match,formula+sg,formula_only",exact,Cmcm,63.0,orthorhombic,strict,False,"[{""mpid"": ""mp-4558"", ""score"": 90, ""reasons"": ""cif_match,formula+sg,formula_only"", ""sg_relation"": ""exact"", ""spg_symbol"": ""Cmcm"", ""spg_number"": 63, ""crystal_system"": ""orthorhombic"", ""cif_tier"": ""strict"", ""deprecated"": false}]",
45e,mp-29009,70.0,"formula+sg,formula_only",exact,Cmmm,65.0,orthorhombic,no (up to very_loose),False,"[{""mpid"": ""mp-29009"", ""score"": 70, ""reasons"": ""formula+sg,formula_only"", ""sg_relation"": ""exact"", ""spg_symbol"": ""Cmmm"", ""spg_number"": 65, ""crystal_system"": ""orthorhombic"", ""cif_tier"": ""no (up to very_loose)"", ""deprecated"": false}, {""mpid"": ""mp-1222739"", ""score"": 60, ""reasons"": ""formula+sg_system,formula_only"", ""sg_relation"": ""same_system"", ""spg_symbol"": ""Imma"", ""spg_number"": 74, ""crystal_system"": ""orthorhombic"", ""cif_tier"": ""no (up to very_loose)"", ""deprecated"": false}, {""mpid"": ""mp-675946"", ""score"": 40, ""reasons"": ""formula_only"", ""sg_relation"": ""mismatch"", ""spg_symbol"": ""P4_322"", ""spg_number"": 95, ""crystal_system"": ""tetragonal"", ""cif_tier"": ""no (up to very_loose)"", ""deprecated"": false}]",
x2i,mp-28253,85.0,"cif_match,formula+sg,formula_only",exact,Ibam,72.0,orthorhombic,medium,False,"[{""mpid"": ""mp-28253"", ""score"": 85, ""reasons"": ""cif_match,formula+sg,formula_only"", ""sg_relation"": ""exact"", ""spg_symbol"": ""Ibam"", ""spg_number"": 72, ""crystal_system"": ""orthorhombic"", ""cif_tier"": ""medium"", ""deprecated"": false}, {""mpid"": ""mp-1205315"", ""score"": 85, ""reasons"": ""cif_match,formula_only"", ""sg_relation"": ""mismatch"", ""spg_symbol"": ""P4/nmm"", ""spg_number"": 129, ""crystal_system"": ""tetragonal"", ""cif_tier"": ""medium"", ""deprecated"": false}, {""mpid"": ""mp-1540429"", ""score"": 85, ""reasons"": ""cif_match,formula_only"", ""sg_relation"": ""mismatch"", ""spg_symbol"": ""C2/c"", ""spg_number"": 15, ""crystal_system"": ""monoclinic"", ""cif_tier"": ""medium"", ""deprecated"": false}]",
xz4,,,,,,,,,,[],
hja,,,,,,,,,,[],
3nb,,,,,,,,,,[],
qa9,mp-8926,90.0,"cif_match,formula+sg,formula_only",exact,P4_2/mnm,136.0,tetragonal,strict,False,"[{""mpid"": ""mp-8926"", ""score"": 90, ""reasons"": ""cif_match,formula+sg,formula_only"", ""sg_relation"": ""exact"", ""spg_symbol"": ""P4_2/mnm"", ""spg_number"": 136, ""crystal_system"": ""tetragonal"", ""cif_tier"": ""strict"", ""deprecated"": false}, {""mpid"": ""mp-5914"", ""score"": 60, ""reasons"": ""formula+sg_system,formula_only"", ""sg_relation"": ""same_system"", ""spg_symbol"": ""I4_1/amd"", ""spg_number"": 141, ""crystal_system"": ""tetragonal"", ""cif_tier"": ""no (up to very_loose)"", ""deprecated"": false}, {""mpid"": ""mp-5001"", ""score"": 40, ""reasons"": ""formula_only"", ""sg_relation"": ""mismatch"", ""spg_symbol"": ""P2_1/c"", ""spg_number"": 14, ""crystal_system"": ""monoclinic"", ""cif_tier"": ""no (up to very_loose)"", ""deprecated"": false}]",
ihb,,,,,,,,,,[],
3k7,,,,,,,,,,[],
1sz,,,,,,,,,,[],
yh8,,,,,,,,,,[],
coh,,,,,,,,,,[],
1pw,,,,,,,,,,[],
bw3,,,,,,,,,,[],
my5,,,,,,,,,,[],
hta,,,,,,,,,,[],
s3h,,,,,,,,,,[],
nua,mp-6521,90.0,"cif_match,formula+sg,formula_only",exact,P4/nmm,129.0,tetragonal,strict,False,"[{""mpid"": ""mp-6521"", ""score"": 90, ""reasons"": ""cif_match,formula+sg,formula_only"", ""sg_relation"": ""exact"", ""spg_symbol"": ""P4/nmm"", ""spg_number"": 129, ""crystal_system"": ""tetragonal"", ""cif_tier"": ""strict"", ""deprecated"": false}]",
3rx,mp-10520,90.0,"cif_match,formula+sg,formula_only",exact,P4/nmm,129.0,tetragonal,strict,False,"[{""mpid"": ""mp-10520"", ""score"": 90, ""reasons"": ""cif_match,formula+sg,formula_only"", ""sg_relation"": ""exact"", ""spg_symbol"": ""P4/nmm"", ""spg_number"": 129, ""crystal_system"": ""tetragonal"", ""cif_tier"": ""strict"", ""deprecated"": false}]",
7e5,,,,,,,,,,[],
sib,,,,,,,,,,[],
r99,,,,,,,,,,[],
lol,,,,,,,,,,[],
d7f,mp-557738,90.0,"cif_match,formula+sg,formula_only",exact,P4_2/mnm,136.0,tetragonal,strict,False,"[{""mpid"": ""mp-557738"", ""score"": 90, ""reasons"": ""cif_match,formula+sg,formula_only"", ""sg_relation"": ""exact"", ""spg_symbol"": ""P4_2/mnm"", ""spg_number"": 136, ""crystal_system"": ""tetragonal"", ""cif_tier"": ""strict"", ""deprecated"": false}, {""mpid"": ""mp-769004"", ""score"": 40, ""reasons"": ""formula_only"", ""sg_relation"": ""mismatch"", ""spg_symbol"": ""I-43m"", ""spg_number"": 217, ""crystal_system"": ""cubic"", ""cif_tier"": ""no (up to very_loose)"", ""deprecated"": false}, {""mpid"": ""mp-774702"", ""score"": 40, ""reasons"": ""formula_only"", ""sg_relation"": ""mismatch"", ""spg_symbol"": ""P2/c"", ""spg_number"": 13, ""crystal_system"": ""monoclinic"", ""cif_tier"": ""no (up to very_loose)"", ""deprecated"": false}]",
52b,mp-696128,55.0,formula_only,same_system,P4_2mc,105.0,tetragonal,no (up to very_loose),False,"[{""mpid"": ""mp-696128"", ""score"": 55, ""reasons"": ""formula_only"", ""sg_relation"": ""same_system"", ""spg_symbol"": ""P4_2mc"", ""spg_number"": 105, ""crystal_system"": ""tetragonal"", ""cif_tier"": ""no (up to very_loose)"", ""deprecated"": false}, {""mpid"": ""mp-696138"", ""score"": 40, ""reasons"": ""formula_only"", ""sg_relation"": ""mismatch"", ""spg_symbol"": ""P1"", ""spg_number"": 1, ""crystal_system"": ""triclinic"", ""cif_tier"": ""no (up to very_loose)"", ""deprecated"": false}]",
8po,,,,,,,,,,[],
ya8,,,,,,,,,,[],
j8q,mp-696128,60.0,"formula+sg_system,formula_only",same_system,P4_2mc,105.0,tetragonal,no (up to very_loose),False,"[{""mpid"": ""mp-696128"", ""score"": 60, ""reasons"": ""formula+sg_system,formula_only"", ""sg_relation"": ""same_system"", ""spg_symbol"": ""P4_2mc"", ""spg_number"": 105, ""crystal_system"": ""tetragonal"", ""cif_tier"": ""no (up to very_loose)"", ""deprecated"": false}, {""mpid"": ""mp-696138"", ""score"": 40, ""reasons"": ""formula_only"", ""sg_relation"": ""mismatch"", ""spg_symbol"": ""P1"", ""spg_number"": 1, ""crystal_system"": ""triclinic"", ""cif_tier"": ""no (up to very_loose)"", ""deprecated"": false}]",
824,,,,,,,,,,[],
mqo,,,,,,,,,,[],
izs,,,,,,,,,,[],
8nc,,,,,,,,,,[],
3sx,,,,,,,,,,[],
xga,,,,,,,,,,[],
xn9,,,,,,,,,,[],
sg4,,,,,,,,,,[],
ns3,,,,,,,,,,[],
g8j,,,,,,,,,,[],
bim,,,,,,,,,,[],
02p,mp-696129,60.0,"formula+sg_system,formula_only",same_system,P4_2mc,105.0,tetragonal,no (up to very_loose),False,"[{""mpid"": ""mp-696129"", ""score"": 60, ""reasons"": ""formula+sg_system,formula_only"", ""sg_relation"": ""same_system"", ""spg_symbol"": ""P4_2mc"", ""spg_number"": 105, ""crystal_system"": ""tetragonal"", ""cif_tier"": ""no (up to very_loose)"", ""deprecated"": false}, {""mpid"": ""mp-720509"", ""score"": 40, ""reasons"": ""formula_only"", ""sg_relation"": ""mismatch"", ""spg_symbol"": ""P1"", ""spg_number"": 1, ""crystal_system"": ""triclinic"", ""cif_tier"": ""no (up to very_loose)"", ""deprecated"": false}]",
9lx,mp-696123,60.0,"formula+sg_system,formula_only",same_system,P4_2mc,105.0,tetragonal,no (up to very_loose),False,"[{""mpid"": ""mp-696123"", ""score"": 60, ""reasons"": ""formula+sg_system,formula_only"", ""sg_relation"": ""same_system"", ""spg_symbol"": ""P4_2mc"", ""spg_number"": 105, ""crystal_system"": ""tetragonal"", ""cif_tier"": ""no (up to very_loose)"", ""deprecated"": false}, {""mpid"": ""mp-721236"", ""score"": 40, ""reasons"": ""formula_only"", ""sg_relation"": ""mismatch"", ""spg_symbol"": ""P1"", ""spg_number"": 1, ""crystal_system"": ""triclinic"", ""cif_tier"": ""no (up to very_loose)"", ""deprecated"": false}]",
mtn,mp-696128,60.0,"formula+sg_system,formula_only",same_system,P4_2mc,105.0,tetragonal,no (up to very_loose),False,"[{""mpid"": ""mp-696128"", ""score"": 60, ""reasons"": ""formula+sg_system,formula_only"", ""sg_relation"": ""same_system"", ""spg_symbol"": ""P4_2mc"", ""spg_number"": 105, ""crystal_system"": ""tetragonal"", ""cif_tier"": ""no (up to very_loose)"", ""deprecated"": false}, {""mpid"": ""mp-696138"", ""score"": 40, ""reasons"": ""formula_only"", ""sg_relation"": ""mismatch"", ""spg_symbol"": ""P1"", ""spg_number"": 1, ""crystal_system"": ""triclinic"", ""cif_tier"": ""no (up to very_loose)"", ""deprecated"": false}]",
9rc,,,,,,,,,,[],
13q,mp-696123,60.0,"formula+sg_system,formula_only",same_system,P4_2mc,105.0,tetragonal,no (up to very_loose),False,"[{""mpid"": ""mp-696123"", ""score"": 60, ""reasons"": ""formula+sg_system,formula_only"", ""sg_relation"": ""same_system"", ""spg_symbol"": ""P4_2mc"", ""spg_number"": 105, ""crystal_system"": ""tetragonal"", ""cif_tier"": ""no (up to very_loose)"", ""deprecated"": false}, {""mpid"": ""mp-721236"", ""score"": 40, ""reasons"": ""formula_only"", ""sg_relation"": ""mismatch"", ""spg_symbol"": ""P1"", ""spg_number"": 1, ""crystal_system"": ""triclinic"", ""cif_tier"": ""no (up to very_loose)"", ""deprecated"": false}]",
ik8,,,,,,,,,,[],
nip,,,,,,,,,,[],
1hh,mp-696128,60.0,"formula+sg_system,formula_only",same_system,P4_2mc,105.0,tetragonal,no (up to very_loose),False,"[{""mpid"": ""mp-696128"", ""score"": 60, ""reasons"": ""formula+sg_system,formula_only"", ""sg_relation"": ""same_system"", ""spg_symbol"": ""P4_2mc"", ""spg_number"": 105, ""crystal_system"": ""tetragonal"", ""cif_tier"": ""no (up to very_loose)"", ""deprecated"": false}, {""mpid"": ""mp-696138"", ""score"": 40, ""reasons"": ""formula_only"", ""sg_relation"": ""mismatch"", ""spg_symbol"": ""P1"", ""spg_number"": 1, ""crystal_system"": ""triclinic"", ""cif_tier"": ""no (up to very_loose)"", ""deprecated"": false}]",
8ub,,,,,,,,,,[],
7tu,,,,,,,,,,[],
ui6,,,,,,,,,,[],
nkr,mp-696128,60.0,"formula+sg_system,formula_only",same_system,P4_2mc,105.0,tetragonal,no (up to very_loose),False,"[{""mpid"": ""mp-696128"", ""score"": 60, ""reasons"": ""formula+sg_system,formula_only"", ""sg_relation"": ""same_system"", ""spg_symbol"": ""P4_2mc"", ""spg_number"": 105, ""crystal_system"": ""tetragonal"", ""cif_tier"": ""no (up to very_loose)"", ""deprecated"": false}, {""mpid"": ""mp-696138"", ""score"": 40, ""reasons"": ""formula_only"", ""sg_relation"": ""mismatch"", ""spg_symbol"": ""P1"", ""spg_number"": 1, ""crystal_system"": ""triclinic"", ""cif_tier"": ""no (up to very_loose)"", ""deprecated"": false}]",
906,,,,,,,,,,[],
fnu,,,,,,,,,,[],
pfi,,,,,,,,,,[],
f0h,,,,,,,,,,[],
7iw,,,,,,,,,,[],
ikh,,,,,,,,,,[],
hd3,,,,,,,,,,[],
ete,,,,,,,,,,[],
k4x,,,,,,,,,,[],
ia5,mp-861268,60.0,"formula+sg_system,formula_only",same_system,I-4m2,119.0,tetragonal,no (up to very_loose),False,"[{""mpid"": ""mp-861268"", ""score"": 60, ""reasons"": ""formula+sg_system,formula_only"", ""sg_relation"": ""same_system"", ""spg_symbol"": ""I-4m2"", ""spg_number"": 119, ""crystal_system"": ""tetragonal"", ""cif_tier"": ""no (up to very_loose)"", ""deprecated"": false}]",
sg0,mp-5840,90.0,"cif_match,formula+sg,formula_only",exact,I4_1/amd,141.0,tetragonal,strict,False,"[{""mpid"": ""mp-5840"", ""score"": 90, ""reasons"": ""cif_match,formula+sg,formula_only"", ""sg_relation"": ""exact"", ""spg_symbol"": ""I4_1/amd"", ""spg_number"": 141, ""crystal_system"": ""tetragonal"", ""cif_tier"": ""strict"", ""deprecated"": false}]",
97b,,,,,,,,,,[],
wyu,mp-942733,90.0,"cif_match,formula+sg,formula_only",exact,I4_1/acd,142.0,tetragonal,strict,False,"[{""mpid"": ""mp-942733"", ""score"": 90, ""reasons"": ""cif_match,formula+sg,formula_only"", ""sg_relation"": ""exact"", ""spg_symbol"": ""I4_1/acd"", ""spg_number"": 142, ""crystal_system"": ""tetragonal"", ""cif_tier"": ""strict"", ""deprecated"": false}]",
019,mp-18640,70.0,"formula+sg,formula_only",exact,R-3c,167.0,trigonal,no (up to very_loose),False,"[{""mpid"": ""mp-18640"", ""score"": 70, ""reasons"": ""formula+sg,formula_only"", ""sg_relation"": ""exact"", ""spg_symbol"": ""R-3c"", ""spg_number"": 167, ""crystal_system"": ""trigonal"", ""cif_tier"": ""no (up to very_loose)"", ""deprecated"": false}, {""mpid"": ""mp-25840"", ""score"": 40, ""reasons"": ""formula_only"", ""sg_relation"": ""mismatch"", ""spg_symbol"": ""P2_1/c"", ""spg_number"": 14, ""crystal_system"": ""monoclinic"", ""cif_tier"": ""no (up to very_loose)"", ""deprecated"": false}, {""mpid"": ""mp-26884"", ""score"": 40, ""reasons"": ""formula_only"", ""sg_relation"": ""mismatch"", ""spg_symbol"": ""P-1"", ""spg_number"": 2, ""crystal_system"": ""triclinic"", ""cif_tier"": ""no (up to very_loose)"", ""deprecated"": false}, {""mpid"": ""mp-725054"", ""score"": 40, ""reasons"": ""formula_only"", ""sg_relation"": ""mismatch"", ""spg_symbol"": ""P-1"", ""spg_number"": 2, ""crystal_system"": ""triclinic"", ""cif_tier"": ""no (up to very_loose)"", ""deprecated"": false}, {""mpid"": ""mp-759377"", ""score"": 40, ""reasons"": ""formula_only"", ""sg_relation"": ""mismatch"", ""spg_symbol"": ""P2_1/c"", ""spg_number"": 14, ""crystal_system"": ""monoclinic"", ""cif_tier"": ""no (up to very_loose)"", ""deprecated"": false}, {""mpid"": ""mp-759793"", ""score"": 40, ""reasons"": ""formula_only"", ""sg_relation"": ""mismatch"", ""spg_symbol"": ""Pna2_1"", ""spg_number"": 33, ""crystal_system"": ""orthorhombic"", ""cif_tier"": ""no (up to very_loose)"", ""deprecated"": false}, {""mpid"": ""mp-762322"", ""score"": 40, ""reasons"": ""formula_only"", ""sg_relation"": ""mismatch"", ""spg_symbol"": ""C2"", ""spg_number"": 5, ""crystal_system"": ""monoclinic"", ""cif_tier"": ""no (up to very_loose)"", ""deprecated"": false}, {""mpid"": ""mp-772524"", ""score"": 40, ""reasons"": ""formula_only"", ""sg_relation"": ""mismatch"", ""spg_symbol"": ""P1"", ""spg_number"": 1, ""crystal_system"": ""triclinic"", ""cif_tier"": ""no (up to very_loose)"", ""deprecated"": false}, {""mpid"": ""mp-773017"", ""score"": 40, ""reasons"": ""formula_only"", ""sg_relation"": ""mismatch"", ""spg_symbol"": ""Pca2_1"", ""spg_number"": 29, ""crystal_system"": ""orthorhombic"", ""cif_tier"": ""no (up to very_loose)"", ""deprecated"": false}, {""mpid"": ""mp-773843"", ""score"": 40, ""reasons"": ""formula_only"", ""sg_relation"": ""mismatch"", ""spg_symbol"": ""P2_12_12"", ""spg_number"": 18, ""crystal_system"": ""orthorhombic"", ""cif_tier"": ""no (up to very_loose)"", ""deprecated"": false}, {""mpid"": ""mp-774539"", ""score"": 40, ""reasons"": ""formula_only"", ""sg_relation"": ""mismatch"", ""spg_symbol"": ""P1"", ""spg_number"": 1, ""crystal_system"": ""triclinic"", ""cif_tier"": ""no (up to very_loose)"", ""deprecated"": false}, {""mpid"": ""mp-774579"", ""score"": 40, ""reasons"": ""formula_only"", ""sg_relation"": ""mismatch"", ""spg_symbol"": ""P-1"", ""spg_number"": 2, ""crystal_system"": ""triclinic"", ""cif_tier"": ""no (up to very_loose)"", ""deprecated"": false}, {""mpid"": ""mp-776502"", ""score"": 40, ""reasons"": ""formula_only"", ""sg_relation"": ""mismatch"", ""spg_symbol"": ""P1"", ""spg_number"": 1, ""crystal_system"": ""triclinic"", ""cif_tier"": ""no (up to very_loose)"", ""deprecated"": false}, {""mpid"": ""mp-787252"", ""score"": 40, ""reasons"": ""formula_only"", ""sg_relation"": ""mismatch"", ""spg_symbol"": ""P-1"", ""spg_number"": 2, ""crystal_system"": ""triclinic"", ""cif_tier"": ""no (up to very_loose)"", ""deprecated"": false}]",
yqu,,,,,,,,,,[],
95j,mp-31096,90.0,"cif_match,formula+sg,formula_only",exact,R-3,148.0,trigonal,strict,False,"[{""mpid"": ""mp-31096"", ""score"": 90, ""reasons"": ""cif_match,formula+sg,formula_only"", ""sg_relation"": ""exact"", ""spg_symbol"": ""R-3"", ""spg_number"": 148, ""crystal_system"": ""trigonal"", ""cif_tier"": ""strict"", ""deprecated"": false}]",
0iv,mp-1222635,90.0,"cif_match,formula_only",mismatch,P6_3cm,185.0,hexagonal,strict,False,"[{""mpid"": ""mp-1222635"", ""score"": 90, ""reasons"": ""cif_match,formula_only"", ""sg_relation"": ""mismatch"", ""spg_symbol"": ""P6_3cm"", ""spg_number"": 185, ""crystal_system"": ""hexagonal"", ""cif_tier"": ""strict"", ""deprecated"": false}, {""mpid"": ""mp-38200"", ""score"": 40, ""reasons"": ""formula_only"", ""sg_relation"": ""mismatch"", ""spg_symbol"": ""Pnma"", ""spg_number"": 62, ""crystal_system"": ""orthorhombic"", ""cif_tier"": ""no (up to very_loose)"", ""deprecated"": false}]",
2ro,mp-38200,40.0,formula_only,mismatch,Pnma,62.0,orthorhombic,no (up to very_loose),False,"[{""mpid"": ""mp-38200"", ""score"": 40, ""reasons"": ""formula_only"", ""sg_relation"": ""mismatch"", ""spg_symbol"": ""Pnma"", ""spg_number"": 62, ""crystal_system"": ""orthorhombic"", ""cif_tier"": ""no (up to very_loose)"", ""deprecated"": false}, {""mpid"": ""mp-1222635"", ""score"": 40, ""reasons"": ""formula_only"", ""sg_relation"": ""mismatch"", ""spg_symbol"": ""P6_3cm"", ""spg_number"": 185, ""crystal_system"": ""hexagonal"", ""cif_tier"": ""no (up to very_loose)"", ""deprecated"": false}]",
deu,,,,,,,,,,[],
usu,,,,,,,,,,[],
ur9,mp-541661,90.0,"cif_match,formula+sg,formula_only",exact,R-3c,167.0,trigonal,strict,False,"[{""mpid"": ""mp-541661"", ""score"": 90, ""reasons"": ""cif_match,formula+sg,formula_only"", ""sg_relation"": ""exact"", ""spg_symbol"": ""R-3c"", ""spg_number"": 167, ""crystal_system"": ""trigonal"", ""cif_tier"": ""strict"", ""deprecated"": false}, {""mpid"": ""mp-10499"", ""score"": 40, ""reasons"": ""formula_only"", ""sg_relation"": ""mismatch"", ""spg_symbol"": ""P2_1/c"", ""spg_number"": 14, ""crystal_system"": ""monoclinic"", ""cif_tier"": ""no (up to very_loose)"", ""deprecated"": false}, {""mpid"": ""mp-681439"", ""score"": 40, ""reasons"": ""formula_only"", ""sg_relation"": ""mismatch"", ""spg_symbol"": ""C2"", ""spg_number"": 5, ""crystal_system"": ""monoclinic"", ""cif_tier"": ""no (up to very_loose)"", ""deprecated"": false}, {""mpid"": ""mp-759280"", ""score"": 40, ""reasons"": ""formula_only"", ""sg_relation"": ""mismatch"", ""spg_symbol"": ""P-1"", ""spg_number"": 2, ""crystal_system"": ""triclinic"", ""cif_tier"": ""no (up to very_loose)"", ""deprecated"": false}, {""mpid"": ""mp-773068"", ""score"": 40, ""reasons"": ""formula_only"", ""sg_relation"": ""mismatch"", ""spg_symbol"": ""Cc"", ""spg_number"": 9, ""crystal_system"": ""monoclinic"", ""cif_tier"": ""no (up to very_loose)"", ""deprecated"": false}, {""mpid"": ""mp-773074"", ""score"": 40, ""reasons"": ""formula_only"", ""sg_relation"": ""mismatch"", ""spg_symbol"": ""P1"", ""spg_number"": 1, ""crystal_system"": ""triclinic"", ""cif_tier"": ""no (up to very_loose)"", ""deprecated"": false}, {""mpid"": ""mp-1246721"", ""score"": 40, ""reasons"": ""formula_only"", ""sg_relation"": ""mismatch"", ""spg_symbol"": ""P-1"", ""spg_number"": 2, ""crystal_system"": ""triclinic"", ""cif_tier"": ""no (up to very_loose)"", ""deprecated"": false}]",
0o6,,,,,,,,,,[],
a3l,,,,,,,,,,[],
4ba,mp-541272,90.0,"cif_match,formula+sg,formula_only",exact,R-3c,167.0,trigonal,strict,False,"[{""mpid"": ""mp-541272"", ""score"": 90, ""reasons"": ""cif_match,formula+sg,formula_only"", ""sg_relation"": ""exact"", ""spg_symbol"": ""R-3c"", ""spg_number"": 167, ""crystal_system"": ""trigonal"", ""cif_tier"": ""strict"", ""deprecated"": false}, {""mpid"": ""mp-1021510"", ""score"": 90, ""reasons"": ""cif_match,formula+sg_system,formula_only"", ""sg_relation"": ""same_system"", ""spg_symbol"": ""R-3"", ""spg_number"": 148, ""crystal_system"": ""trigonal"", ""cif_tier"": ""strict"", ""deprecated"": false}]",
qea,mp-18640,70.0,"formula+sg,formula_only",exact,R-3c,167.0,trigonal,no (up to very_loose),False,"[{""mpid"": ""mp-18640"", ""score"": 70, ""reasons"": ""formula+sg,formula_only"", ""sg_relation"": ""exact"", ""spg_symbol"": ""R-3c"", ""spg_number"": 167, ""crystal_system"": ""trigonal"", ""cif_tier"": ""no (up to very_loose)"", ""deprecated"": false}, {""mpid"": ""mp-25840"", ""score"": 40, ""reasons"": ""formula_only"", ""sg_relation"": ""mismatch"", ""spg_symbol"": ""P2_1/c"", ""spg_number"": 14, ""crystal_system"": ""monoclinic"", ""cif_tier"": ""no (up to very_loose)"", ""deprecated"": false}, {""mpid"": ""mp-26884"", ""score"": 40, ""reasons"": ""formula_only"", ""sg_relation"": ""mismatch"", ""spg_symbol"": ""P-1"", ""spg_number"": 2, ""crystal_system"": ""triclinic"", ""cif_tier"": ""no (up to very_loose)"", ""deprecated"": false}, {""mpid"": ""mp-725054"", ""score"": 40, ""reasons"": ""formula_only"", ""sg_relation"": ""mismatch"", ""spg_symbol"": ""P-1"", ""spg_number"": 2, ""crystal_system"": ""triclinic"", ""cif_tier"": ""no (up to very_loose)"", ""deprecated"": false}, {""mpid"": ""mp-759377"", ""score"": 40, ""reasons"": ""formula_only"", ""sg_relation"": ""mismatch"", ""spg_symbol"": ""P2_1/c"", ""spg_number"": 14, ""crystal_system"": ""monoclinic"", ""cif_tier"": ""no (up to very_loose)"", ""deprecated"": false}, {""mpid"": ""mp-759793"", ""score"": 40, ""reasons"": ""formula_only"", ""sg_relation"": ""mismatch"", ""spg_symbol"": ""Pna2_1"", ""spg_number"": 33, ""crystal_system"": ""orthorhombic"", ""cif_tier"": ""no (up to very_loose)"", ""deprecated"": false}, {""mpid"": ""mp-762322"", ""score"": 40, ""reasons"": ""formula_only"", ""sg_relation"": ""mismatch"", ""spg_symbol"": ""C2"", ""spg_number"": 5, ""crystal_system"": ""monoclinic"", ""cif_tier"": ""no (up to very_loose)"", ""deprecated"": false}, {""mpid"": ""mp-772524"", ""score"": 40, ""reasons"": ""formula_only"", ""sg_relation"": ""mismatch"", ""spg_symbol"": ""P1"", ""spg_number"": 1, ""crystal_system"": ""triclinic"", ""cif_tier"": ""no (up to very_loose)"", ""deprecated"": false}, {""mpid"": ""mp-773017"", ""score"": 40, ""reasons"": ""formula_only"", ""sg_relation"": ""mismatch"", ""spg_symbol"": ""Pca2_1"", ""spg_number"": 29, ""crystal_system"": ""orthorhombic"", ""cif_tier"": ""no (up to very_loose)"", ""deprecated"": false}, {""mpid"": ""mp-773843"", ""score"": 40, ""reasons"": ""formula_only"", ""sg_relation"": ""mismatch"", ""spg_symbol"": ""P2_12_12"", ""spg_number"": 18, ""crystal_system"": ""orthorhombic"", ""cif_tier"": ""no (up to very_loose)"", ""deprecated"": false}, {""mpid"": ""mp-774539"", ""score"": 40, ""reasons"": ""formula_only"", ""sg_relation"": ""mismatch"", ""spg_symbol"": ""P1"", ""spg_number"": 1, ""crystal_system"": ""triclinic"", ""cif_tier"": ""no (up to very_loose)"", ""deprecated"": false}, {""mpid"": ""mp-774579"", ""score"": 40, ""reasons"": ""formula_only"", ""sg_relation"": ""mismatch"", ""spg_symbol"": ""P-1"", ""spg_number"": 2, ""crystal_system"": ""triclinic"", ""cif_tier"": ""no (up to very_loose)"", ""deprecated"": false}, {""mpid"": ""mp-776502"", ""score"": 40, ""reasons"": ""formula_only"", ""sg_relation"": ""mismatch"", ""spg_symbol"": ""P1"", ""spg_number"": 1, ""crystal_system"": ""triclinic"", ""cif_tier"": ""no (up to very_loose)"", ""deprecated"": false}, {""mpid"": ""mp-787252"", ""score"": 40, ""reasons"": ""formula_only"", ""sg_relation"": ""mismatch"", ""spg_symbol"": ""P-1"", ""spg_number"": 2, ""crystal_system"": ""triclinic"", ""cif_tier"": ""no (up to very_loose)"", ""deprecated"": false}]",
ldx,mp-541272,90.0,"cif_match,formula+sg,formula_only",exact,R-3c,167.0,trigonal,strict,False,"[{""mpid"": ""mp-541272"", ""score"": 90, ""reasons"": ""cif_match,formula+sg,formula_only"", ""sg_relation"": ""exact"", ""spg_symbol"": ""R-3c"", ""spg_number"": 167, ""crystal_system"": ""trigonal"", ""cif_tier"": ""strict"", ""deprecated"": false}, {""mpid"": ""mp-1021510"", ""score"": 90, ""reasons"": ""cif_match,formula+sg_system,formula_only"", ""sg_relation"": ""same_system"", ""spg_symbol"": ""R-3"", ""spg_number"": 148, ""crystal_system"": ""trigonal"", ""cif_tier"": ""strict"", ""deprecated"": false}]",
0fh,,,,,,,,,,[],
gw2,,,,,,,,,,[],
1xf,,,,,,,,,,[],
tjh,,,,,,,,,,[],
8fn,,,,,,,,,,[],
mdj,,,,,,,,,,[],
t1l,,,,,,,,,,[],
my9,,,,,,,,,,[],
9s4,,,,,,,,,,[],
iqt,,,,,,,,,,[],
xa0,,,,,,,,,,[],
f4x,,,,,,,,,,[],
txm,,,,,,,,,,[],
v1t,,,,,,,,,,[],
d6b,,,,,,,,,,[],
x9a,,,,,,,,,,[],
3ta,,,,,,,,,,[],
gjy,,,,,,,,,,[],
lz8,,,,,,,,,,[],
6st,,,,,,,,,,[],
t9r,,,,,,,,,,[],
xr7,,,,,,,,,,[],
pg8,,,,,,,,,,[],
1wm,,,,,,,,,,[],
do2,,,,,,,,,,[],
uaj,,,,,,,,,,[],
5u3,,,,,,,,,,[],
2eq,,,,,,,,,,[],
yn6,,,,,,,,,,[],
8jy,,,,,,,,,,[],
p4l,,,,,,,,,,[],
qkr,,,,,,,,,,[],
e0z,,,,,,,,,,[],
vus,,,,,,,,,,[],
h7r,,,,,,,,,,[],
9ky,,,,,,,,,,[],
4ea,,,,,,,,,,[],
z7n,,,,,,,,,,[],
7kf,,,,,,,,,,[],
i8k,,,,,,,,,,[],
hzf,,,,,,,,,,[],
x61,,,,,,,,,,[],
czo,,,,,,,,,,[],
o8s,,,,,,,,,,[],
lap,,,,,,,,,,[],
yp3,mp-18640,70.0,"formula+sg,formula_only",exact,R-3c,167.0,trigonal,no (up to very_loose),False,"[{""mpid"": ""mp-18640"", ""score"": 70, ""reasons"": ""formula+sg,formula_only"", ""sg_relation"": ""exact"", ""spg_symbol"": ""R-3c"", ""spg_number"": 167, ""crystal_system"": ""trigonal"", ""cif_tier"": ""no (up to very_loose)"", ""deprecated"": false}, {""mpid"": ""mp-25840"", ""score"": 40, ""reasons"": ""formula_only"", ""sg_relation"": ""mismatch"", ""spg_symbol"": ""P2_1/c"", ""spg_number"": 14, ""crystal_system"": ""monoclinic"", ""cif_tier"": ""no (up to very_loose)"", ""deprecated"": false}, {""mpid"": ""mp-26884"", ""score"": 40, ""reasons"": ""formula_only"", ""sg_relation"": ""mismatch"", ""spg_symbol"": ""P-1"", ""spg_number"": 2, ""crystal_system"": ""triclinic"", ""cif_tier"": ""no (up to very_loose)"", ""deprecated"": false}, {""mpid"": ""mp-725054"", ""score"": 40, ""reasons"": ""formula_only"", ""sg_relation"": ""mismatch"", ""spg_symbol"": ""P-1"", ""spg_number"": 2, ""crystal_system"": ""triclinic"", ""cif_tier"": ""no (up to very_loose)"", ""deprecated"": false}, {""mpid"": ""mp-759377"", ""score"": 40, ""reasons"": ""formula_only"", ""sg_relation"": ""mismatch"", ""spg_symbol"": ""P2_1/c"", ""spg_number"": 14, ""crystal_system"": ""monoclinic"", ""cif_tier"": ""no (up to very_loose)"", ""deprecated"": false}, {""mpid"": ""mp-759793"", ""score"": 40, ""reasons"": ""formula_only"", ""sg_relation"": ""mismatch"", ""spg_symbol"": ""Pna2_1"", ""spg_number"": 33, ""crystal_system"": ""orthorhombic"", ""cif_tier"": ""no (up to very_loose)"", ""deprecated"": false}, {""mpid"": ""mp-762322"", ""score"": 40, ""reasons"": ""formula_only"", ""sg_relation"": ""mismatch"", ""spg_symbol"": ""C2"", ""spg_number"": 5, ""crystal_system"": ""monoclinic"", ""cif_tier"": ""no (up to very_loose)"", ""deprecated"": false}, {""mpid"": ""mp-772524"", ""score"": 40, ""reasons"": ""formula_only"", ""sg_relation"": ""mismatch"", ""spg_symbol"": ""P1"", ""spg_number"": 1, ""crystal_system"": ""triclinic"", ""cif_tier"": ""no (up to very_loose)"", ""deprecated"": false}, {""mpid"": ""mp-773017"", ""score"": 40, ""reasons"": ""formula_only"", ""sg_relation"": ""mismatch"", ""spg_symbol"": ""Pca2_1"", ""spg_number"": 29, ""crystal_system"": ""orthorhombic"", ""cif_tier"": ""no (up to very_loose)"", ""deprecated"": false}, {""mpid"": ""mp-773843"", ""score"": 40, ""reasons"": ""formula_only"", ""sg_relation"": ""mismatch"", ""spg_symbol"": ""P2_12_12"", ""spg_number"": 18, ""crystal_system"": ""orthorhombic"", ""cif_tier"": ""no (up to very_loose)"", ""deprecated"": false}, {""mpid"": ""mp-774539"", ""score"": 40, ""reasons"": ""formula_only"", ""sg_relation"": ""mismatch"", ""spg_symbol"": ""P1"", ""spg_number"": 1, ""crystal_system"": ""triclinic"", ""cif_tier"": ""no (up to very_loose)"", ""deprecated"": false}, {""mpid"": ""mp-774579"", ""score"": 40, ""reasons"": ""formula_only"", ""sg_relation"": ""mismatch"", ""spg_symbol"": ""P-1"", ""spg_number"": 2, ""crystal_system"": ""triclinic"", ""cif_tier"": ""no (up to very_loose)"", ""deprecated"": false}, {""mpid"": ""mp-776502"", ""score"": 40, ""reasons"": ""formula_only"", ""sg_relation"": ""mismatch"", ""spg_symbol"": ""P1"", ""spg_number"": 1, ""crystal_system"": ""triclinic"", ""cif_tier"": ""no (up to very_loose)"", ""deprecated"": false}, {""mpid"": ""mp-787252"", ""score"": 40, ""reasons"": ""formula_only"", ""sg_relation"": ""mismatch"", ""spg_symbol"": ""P-1"", ""spg_number"": 2, ""crystal_system"": ""triclinic"", ""cif_tier"": ""no (up to very_loose)"", ""deprecated"": false}]",
tzl,,,,,,,,,,[],
hyj,,,,,,,,,,[],
mg4,,,,,,,,,,[],
50s,,,,,,,,,,[],
d4q,,,,,,,,,,[],
6he,,,,,,,,,,[],
pwy,,,,,,,,,,[],
y9l,,,,,,,,,,[],
rc1,,,,,,,,,,[],
lzt,,,,,,,,,,[],
kbp,,,,,,,,,,[],
b9u,,,,,,,,,,[],
3uq,,,,,,,,,,[],
1dm,,,,,,,,,,[],
rg6,,,,,,,,,,[],
ed4,,,,,,,,,,[],
vg0,,,,,,,,,,[],
z9y,,,,,,,,,,[],
w3n,,,,,,,,,,[],
ym6,,,,,,,,,,[],
nng,,,,,,,,,,[],
qno,mp-18640,70.0,"formula+sg,formula_only",exact,R-3c,167.0,trigonal,no (up to very_loose),False,"[{""mpid"": ""mp-18640"", ""score"": 70, ""reasons"": ""formula+sg,formula_only"", ""sg_relation"": ""exact"", ""spg_symbol"": ""R-3c"", ""spg_number"": 167, ""crystal_system"": ""trigonal"", ""cif_tier"": ""no (up to very_loose)"", ""deprecated"": false}, {""mpid"": ""mp-25840"", ""score"": 40, ""reasons"": ""formula_only"", ""sg_relation"": ""mismatch"", ""spg_symbol"": ""P2_1/c"", ""spg_number"": 14, ""crystal_system"": ""monoclinic"", ""cif_tier"": ""no (up to very_loose)"", ""deprecated"": false}, {""mpid"": ""mp-26884"", ""score"": 40, ""reasons"": ""formula_only"", ""sg_relation"": ""mismatch"", ""spg_symbol"": ""P-1"", ""spg_number"": 2, ""crystal_system"": ""triclinic"", ""cif_tier"": ""no (up to very_loose)"", ""deprecated"": false}, {""mpid"": ""mp-725054"", ""score"": 40, ""reasons"": ""formula_only"", ""sg_relation"": ""mismatch"", ""spg_symbol"": ""P-1"", ""spg_number"": 2, ""crystal_system"": ""triclinic"", ""cif_tier"": ""no (up to very_loose)"", ""deprecated"": false}, {""mpid"": ""mp-759377"", ""score"": 40, ""reasons"": ""formula_only"", ""sg_relation"": ""mismatch"", ""spg_symbol"": ""P2_1/c"", ""spg_number"": 14, ""crystal_system"": ""monoclinic"", ""cif_tier"": ""no (up to very_loose)"", ""deprecated"": false}, {""mpid"": ""mp-759793"", ""score"": 40, ""reasons"": ""formula_only"", ""sg_relation"": ""mismatch"", ""spg_symbol"": ""Pna2_1"", ""spg_number"": 33, ""crystal_system"": ""orthorhombic"", ""cif_tier"": ""no (up to very_loose)"", ""deprecated"": false}, {""mpid"": ""mp-762322"", ""score"": 40, ""reasons"": ""formula_only"", ""sg_relation"": ""mismatch"", ""spg_symbol"": ""C2"", ""spg_number"": 5, ""crystal_system"": ""monoclinic"", ""cif_tier"": ""no (up to very_loose)"", ""deprecated"": false}, {""mpid"": ""mp-772524"", ""score"": 40, ""reasons"": ""formula_only"", ""sg_relation"": ""mismatch"", ""spg_symbol"": ""P1"", ""spg_number"": 1, ""crystal_system"": ""triclinic"", ""cif_tier"": ""no (up to very_loose)"", ""deprecated"": false}, {""mpid"": ""mp-773017"", ""score"": 40, ""reasons"": ""formula_only"", ""sg_relation"": ""mismatch"", ""spg_symbol"": ""Pca2_1"", ""spg_number"": 29, ""crystal_system"": ""orthorhombic"", ""cif_tier"": ""no (up to very_loose)"", ""deprecated"": false}, {""mpid"": ""mp-773843"", ""score"": 40, ""reasons"": ""formula_only"", ""sg_relation"": ""mismatch"", ""spg_symbol"": ""P2_12_12"", ""spg_number"": 18, ""crystal_system"": ""orthorhombic"", ""cif_tier"": ""no (up to very_loose)"", ""deprecated"": false}, {""mpid"": ""mp-774539"", ""score"": 40, ""reasons"": ""formula_only"", ""sg_relation"": ""mismatch"", ""spg_symbol"": ""P1"", ""spg_number"": 1, ""crystal_system"": ""triclinic"", ""cif_tier"": ""no (up to very_loose)"", ""deprecated"": false}, {""mpid"": ""mp-774579"", ""score"": 40, ""reasons"": ""formula_only"", ""sg_relation"": ""mismatch"", ""spg_symbol"": ""P-1"", ""spg_number"": 2, ""crystal_system"": ""triclinic"", ""cif_tier"": ""no (up to very_loose)"", ""deprecated"": false}, {""mpid"": ""mp-776502"", ""score"": 40, ""reasons"": ""formula_only"", ""sg_relation"": ""mismatch"", ""spg_symbol"": ""P1"", ""spg_number"": 1, ""crystal_system"": ""triclinic"", ""cif_tier"": ""no (up to very_loose)"", ""deprecated"": false}, {""mpid"": ""mp-787252"", ""score"": 40, ""reasons"": ""formula_only"", ""sg_relation"": ""mismatch"", ""spg_symbol"": ""P-1"", ""spg_number"": 2, ""crystal_system"": ""triclinic"", ""cif_tier"": ""no (up to very_loose)"", ""deprecated"": false}]",
oxc,,,,,,,,,,[],
dq4,,,,,,,,,,[],
0fa,,,,,,,,,,[],
rr5,mp-18640,90.0,"cif_match,formula+sg,formula_only",exact,R-3c,167.0,trigonal,strict,False,"[{""mpid"": ""mp-18640"", ""score"": 90, ""reasons"": ""cif_match,formula+sg,formula_only"", ""sg_relation"": ""exact"", ""spg_symbol"": ""R-3c"", ""spg_number"": 167, ""crystal_system"": ""trigonal"", ""cif_tier"": ""strict"", ""deprecated"": false}, {""mpid"": ""mp-25840"", ""score"": 40, ""reasons"": ""formula_only"", ""sg_relation"": ""mismatch"", ""spg_symbol"": ""P2_1/c"", ""spg_number"": 14, ""crystal_system"": ""monoclinic"", ""cif_tier"": ""no (up to very_loose)"", ""deprecated"": false}, {""mpid"": ""mp-26884"", ""score"": 40, ""reasons"": ""formula_only"", ""sg_relation"": ""mismatch"", ""spg_symbol"": ""P-1"", ""spg_number"": 2, ""crystal_system"": ""triclinic"", ""cif_tier"": ""no (up to very_loose)"", ""deprecated"": false}, {""mpid"": ""mp-725054"", ""score"": 40, ""reasons"": ""formula_only"", ""sg_relation"": ""mismatch"", ""spg_symbol"": ""P-1"", ""spg_number"": 2, ""crystal_system"": ""triclinic"", ""cif_tier"": ""no (up to very_loose)"", ""deprecated"": false}, {""mpid"": ""mp-759377"", ""score"": 40, ""reasons"": ""formula_only"", ""sg_relation"": ""mismatch"", ""spg_symbol"": ""P2_1/c"", ""spg_number"": 14, ""crystal_system"": ""monoclinic"", ""cif_tier"": ""no (up to very_loose)"", ""deprecated"": false}, {""mpid"": ""mp-759793"", ""score"": 40, ""reasons"": ""formula_only"", ""sg_relation"": ""mismatch"", ""spg_symbol"": ""Pna2_1"", ""spg_number"": 33, ""crystal_system"": ""orthorhombic"", ""cif_tier"": ""no (up to very_loose)"", ""deprecated"": false}, {""mpid"": ""mp-762322"", ""score"": 40, ""reasons"": ""formula_only"", ""sg_relation"": ""mismatch"", ""spg_symbol"": ""C2"", ""spg_number"": 5, ""crystal_system"": ""monoclinic"", ""cif_tier"": ""no (up to very_loose)"", ""deprecated"": false}, {""mpid"": ""mp-772524"", ""score"": 40, ""reasons"": ""formula_only"", ""sg_relation"": ""mismatch"", ""spg_symbol"": ""P1"", ""spg_number"": 1, ""crystal_system"": ""triclinic"", ""cif_tier"": ""no (up to very_loose)"", ""deprecated"": false}, {""mpid"": ""mp-773017"", ""score"": 40, ""reasons"": ""formula_only"", ""sg_relation"": ""mismatch"", ""spg_symbol"": ""Pca2_1"", ""spg_number"": 29, ""crystal_system"": ""orthorhombic"", ""cif_tier"": ""no (up to very_loose)"", ""deprecated"": false}, {""mpid"": ""mp-773843"", ""score"": 40, ""reasons"": ""formula_only"", ""sg_relation"": ""mismatch"", ""spg_symbol"": ""P2_12_12"", ""spg_number"": 18, ""crystal_system"": ""orthorhombic"", ""cif_tier"": ""no (up to very_loose)"", ""deprecated"": false}, {""mpid"": ""mp-774539"", ""score"": 40, ""reasons"": ""formula_only"", ""sg_relation"": ""mismatch"", ""spg_symbol"": ""P1"", ""spg_number"": 1, ""crystal_system"": ""triclinic"", ""cif_tier"": ""no (up to very_loose)"", ""deprecated"": false}, {""mpid"": ""mp-774579"", ""score"": 40, ""reasons"": ""formula_only"", ""sg_relation"": ""mismatch"", ""spg_symbol"": ""P-1"", ""spg_number"": 2, ""crystal_system"": ""triclinic"", ""cif_tier"": ""no (up to very_loose)"", ""deprecated"": false}, {""mpid"": ""mp-776502"", ""score"": 40, ""reasons"": ""formula_only"", ""sg_relation"": ""mismatch"", ""spg_symbol"": ""P1"", ""spg_number"": 1, ""crystal_system"": ""triclinic"", ""cif_tier"": ""no (up to very_loose)"", ""deprecated"": false}, {""mpid"": ""mp-787252"", ""score"": 40, ""reasons"": ""formula_only"", ""sg_relation"": ""mismatch"", ""spg_symbol"": ""P-1"", ""spg_number"": 2, ""crystal_system"": ""triclinic"", ""cif_tier"": ""no (up to very_loose)"", ""deprecated"": false}]",
6j9,,,,,,,,,,[],
0x9,,,,,,,,,,[],
iwe,,,,,,,,,,[],
ib2,,,,,,,,,,[],
ppz,,,,,,,,,,[],
ci1,,,,,,,,,,[],
08e,,,,,,,,,,[],
xkh,,,,,,,,,,[],
wng,,,,,,,,,,[],
ncr,,,,,,,,,,[],
dx2,,,,,,,,,,[],
6xc,,,,,,,,,,[],
21m,,,,,,,,,,[],
4k1,,,,,,,,,,[],
gzp,,,,,,,,,,[],
lh8,,,,,,,,,,[],
ew5,,,,,,,,,,[],
9l3,,,,,,,,,,[],
jdk,,,,,,,,,,[],
h8a,,,,,,,,,,[],
jq7,,,,,,,,,,[],
ylt,,,,,,,,,,[],
gnq,,,,,,,,,,[],
sso,,,,,,,,,,[],
lpx,,,,,,,,,,[],
f7p,,,,,,,,,,[],
l8t,,,,,,,,,,[],
3tt,,,,,,,,,,[],
za6,,,,,,,,,,[],
ag1,,,,,,,,,,[],
u5t,,,,,,,,,,[],
0y6,,,,,,,,,,[],
yq2,,,,,,,,,,[],
kab,,,,,,,,,,[],
tp2,,,,,,,,,,[],
nf0,,,,,,,,,,[],
fkt,,,,,,,,,,[],
ctg,,,,,,,,,,[],
4t5,,,,,,,,,,[],
smk,,,,,,,,,,[],
vtr,,,,,,,,,,[],
dc8,mp-1203004,90.0,"cif_match,formula+sg,formula_only",exact,P6_3,173.0,hexagonal,strict,False,"[{""mpid"": ""mp-1203004"", ""score"": 90, ""reasons"": ""cif_match,formula+sg,formula_only"", ""sg_relation"": ""exact"", ""spg_symbol"": ""P6_3"", ""spg_number"": 173, ""crystal_system"": ""hexagonal"", ""cif_tier"": ""strict"", ""deprecated"": false}]",
hai,,,,,,,,,,[],
tvf,mp-1223173,40.0,formula_only,mismatch,Cmc2_1,36.0,orthorhombic,no (up to very_loose),False,"[{""mpid"": ""mp-1223173"", ""score"": 40, ""reasons"": ""formula_only"", ""sg_relation"": ""mismatch"", ""spg_symbol"": ""Cmc2_1"", ""spg_number"": 36, ""crystal_system"": ""orthorhombic"", ""cif_tier"": ""no (up to very_loose)"", ""deprecated"": false}]",
u8r,,,,,,,,,,[],
gvd,mp-2251,90.0,"cif_match,formula+sg,formula_only",exact,P6/mmm,191.0,hexagonal,strict,False,"[{""mpid"": ""mp-2251"", ""score"": 90, ""reasons"": ""cif_match,formula+sg,formula_only"", ""sg_relation"": ""exact"", ""spg_symbol"": ""P6/mmm"", ""spg_number"": 191, ""crystal_system"": ""hexagonal"", ""cif_tier"": ""strict"", ""deprecated"": false}, {""mpid"": ""mp-2341"", ""score"": 60, ""reasons"": ""formula+sg_system,formula_only"", ""sg_relation"": ""same_system"", ""spg_symbol"": ""P6_3/mmc"", ""spg_number"": 194, ""crystal_system"": ""hexagonal"", ""cif_tier"": ""no (up to very_loose)"", ""deprecated"": false}]",
uex,mp-16283,70.0,"formula+sg,formula_only",exact,P6/mcc,192.0,hexagonal,no (up to very_loose),False,"[{""mpid"": ""mp-16283"", ""score"": 70, ""reasons"": ""formula+sg,formula_only"", ""sg_relation"": ""exact"", ""spg_symbol"": ""P6/mcc"", ""spg_number"": 192, ""crystal_system"": ""hexagonal"", ""cif_tier"": ""no (up to very_loose)"", ""deprecated"": false}]",
11b,mp-736,90.0,"cif_match,formula+sg,formula_only",exact,P6_3/mmc,194.0,hexagonal,strict,False,"[{""mpid"": ""mp-736"", ""score"": 90, ""reasons"": ""cif_match,formula+sg,formula_only"", ""sg_relation"": ""exact"", ""spg_symbol"": ""P6_3/mmc"", ""spg_number"": 194, ""crystal_system"": ""hexagonal"", ""cif_tier"": ""strict"", ""deprecated"": false}]",
fft,mp-2341,90.0,"cif_match,formula+sg,formula_only",exact,P6_3/mmc,194.0,hexagonal,strict,False,"[{""mpid"": ""mp-2341"", ""score"": 90, ""reasons"": ""cif_match,formula+sg,formula_only"", ""sg_relation"": ""exact"", ""spg_symbol"": ""P6_3/mmc"", ""spg_number"": 194, ""crystal_system"": ""hexagonal"", ""cif_tier"": ""strict"", ""deprecated"": false}, {""mpid"": ""mp-2251"", ""score"": 60, ""reasons"": ""formula+sg_system,formula_only"", ""sg_relation"": ""same_system"", ""spg_symbol"": ""P6/mmm"", ""spg_number"": 191, ""crystal_system"": ""hexagonal"", ""cif_tier"": ""no (up to very_loose)"", ""deprecated"": false}]",
lf5,,,,,,,,,,[],
68u,mp-554747,60.0,"formula+sg_system,formula_only",same_system,Ia-3d,230.0,cubic,no (up to very_loose),False,"[{""mpid"": ""mp-554747"", ""score"": 60, ""reasons"": ""formula+sg_system,formula_only"", ""sg_relation"": ""same_system"", ""spg_symbol"": ""Ia-3d"", ""spg_number"": 230, ""crystal_system"": ""cubic"", ""cif_tier"": ""no (up to very_loose)"", ""deprecated"": false}, {""mpid"": ""mp-761986"", ""score"": 40, ""reasons"": ""formula_only"", ""sg_relation"": ""mismatch"", ""spg_symbol"": ""P1"", ""spg_number"": 1, ""crystal_system"": ""triclinic"", ""cif_tier"": ""no (up to very_loose)"", ""deprecated"": false}, {""mpid"": ""mp-774437"", ""score"": 40, ""reasons"": ""formula_only"", ""sg_relation"": ""mismatch"", ""spg_symbol"": ""P1"", ""spg_number"": 1, ""crystal_system"": ""triclinic"", ""cif_tier"": ""no (up to very_loose)"", ""deprecated"": false}, {""mpid"": ""mp-774721"", ""score"": 40, ""reasons"": ""formula_only"", ""sg_relation"": ""mismatch"", ""spg_symbol"": ""Cc"", ""spg_number"": 9, ""crystal_system"": ""monoclinic"", ""cif_tier"": ""no (up to very_loose)"", ""deprecated"": false}, {""mpid"": ""mp-779434"", ""score"": 40, ""reasons"": ""formula_only"", ""sg_relation"": ""mismatch"", ""spg_symbol"": ""P1"", ""spg_number"": 1, ""crystal_system"": ""triclinic"", ""cif_tier"": ""no (up to very_loose)"", ""deprecated"": false}]",
gyw,,,,,,,,,,[],
0v9,,,,,,,,,,[],
qtc,,,,,,,,,,[],
vy5,,,,,,,,,,[],
rwr,,,,,,,,,,[],
pql,,,,,,,,,,[],
dl7,mp-774752,60.0,"formula+sg_system,formula_only",same_system,P2_13,198.0,cubic,no (up to very_loose),False,"[{""mpid"": ""mp-774752"", ""score"": 60, ""reasons"": ""formula+sg_system,formula_only"", ""sg_relation"": ""same_system"", ""spg_symbol"": ""P2_13"", ""spg_number"": 198, ""crystal_system"": ""cubic"", ""cif_tier"": ""no (up to very_loose)"", ""deprecated"": false}, {""mpid"": ""mp-1222649"", ""score"": 40, ""reasons"": ""formula_only"", ""sg_relation"": ""mismatch"", ""spg_symbol"": ""R3m"", ""spg_number"": 160, ""crystal_system"": ""trigonal"", ""cif_tier"": ""no (up to very_loose)"", ""deprecated"": false}]",
i12,mp-1177906,70.0,"formula+sg,formula_only",exact,P4_332,212.0,cubic,no (up to very_loose),False,"[{""mpid"": ""mp-1177906"", ""score"": 70, ""reasons"": ""formula+sg,formula_only"", ""sg_relation"": ""exact"", ""spg_symbol"": ""P4_332"", ""spg_number"": 212, ""crystal_system"": ""cubic"", ""cif_tier"": ""no (up to very_loose)"", ""deprecated"": false}, {""mpid"": ""mp-768110"", ""score"": 60, ""reasons"": ""formula+sg_system,formula_only"", ""sg_relation"": ""same_system"", ""spg_symbol"": ""P2_13"", ""spg_number"": 198, ""crystal_system"": ""cubic"", ""cif_tier"": ""no (up to very_loose)"", ""deprecated"": false}, {""mpid"": ""mp-754780"", ""score"": 40, ""reasons"": ""formula_only"", ""sg_relation"": ""mismatch"", ""spg_symbol"": ""R-3m"", ""spg_number"": 166, ""crystal_system"": ""trigonal"", ""cif_tier"": ""no (up to very_loose)"", ""deprecated"": false}, {""mpid"": ""mp-761669"", ""score"": 40, ""reasons"": ""formula_only"", ""sg_relation"": ""mismatch"", ""spg_symbol"": ""R3m"", ""spg_number"": 160, ""crystal_system"": ""trigonal"", ""cif_tier"": ""no (up to very_loose)"", ""deprecated"": false}, {""mpid"": ""mp-775110"", ""score"": 40, ""reasons"": ""formula_only"", ""sg_relation"": ""mismatch"", ""spg_symbol"": ""Cm"", ""spg_number"": 8, ""crystal_system"": ""monoclinic"", ""cif_tier"": ""no (up to very_loose)"", ""deprecated"": false}, {""mpid"": ""mp-1662153"", ""score"": 40, ""reasons"": ""formula_only"", ""sg_relation"": ""mismatch"", ""spg_symbol"": ""P1"", ""spg_number"": 1, ""crystal_system"": ""triclinic"", ""cif_tier"": ""no (up to very_loose)"", ""deprecated"": false}, {""mpid"": ""mp-1664613"", ""score"": 40, ""reasons"": ""formula_only"", ""sg_relation"": ""mismatch"", ""spg_symbol"": ""P1"", ""spg_number"": 1, ""crystal_system"": ""triclinic"", ""cif_tier"": ""no (up to very_loose)"", ""deprecated"": false}]",
aui,mp-769597,60.0,"formula+sg_system,formula_only",same_system,P2_13,198.0,cubic,no (up to very_loose),False,"[{""mpid"": ""mp-769597"", ""score"": 60, ""reasons"": ""formula+sg_system,formula_only"", ""sg_relation"": ""same_system"", ""spg_symbol"": ""P2_13"", ""spg_number"": 198, ""crystal_system"": ""cubic"", ""cif_tier"": ""no (up to very_loose)"", ""deprecated"": false}]",
mfs,,,,,,,,,,[],
jl4,,,,,,,,,,[],
jkq,,,,,,,,,,[],
yav,mp-36330,40.0,formula_only,mismatch,Imma,74.0,orthorhombic,no (up to very_loose),False,"[{""mpid"": ""mp-36330"", ""score"": 40, ""reasons"": ""formula_only"", ""sg_relation"": ""mismatch"", ""spg_symbol"": ""Imma"", ""spg_number"": 74, ""crystal_system"": ""orthorhombic"", ""cif_tier"": ""no (up to very_loose)"", ""deprecated"": false}]",
9yt,,,,,,,,,,[],
122,mp-985592,70.0,"formula+sg,formula_only",exact,F-43m,216.0,cubic,no (up to very_loose),False,"[{""mpid"": ""mp-985592"", ""score"": 70, ""reasons"": ""formula+sg,formula_only"", ""sg_relation"": ""exact"", ""spg_symbol"": ""F-43m"", ""spg_number"": 216, ""crystal_system"": ""cubic"", ""cif_tier"": ""no (up to very_loose)"", ""deprecated"": false}]",
ij5,,,,,,,,,,[],
6jf,mp-985591,70.0,"formula+sg,formula_only",exact,F-43m,216.0,cubic,no (up to very_loose),False,"[{""mpid"": ""mp-985591"", ""score"": 70, ""reasons"": ""formula+sg,formula_only"", ""sg_relation"": ""exact"", ""spg_symbol"": ""F-43m"", ""spg_number"": 216, ""crystal_system"": ""cubic"", ""cif_tier"": ""no (up to very_loose)"", ""deprecated"": false}]",
ymc,,,,,,,,,,[],
ywe,mp-985582,70.0,"formula+sg,formula_only",exact,F-43m,216.0,cubic,no (up to very_loose),False,"[{""mpid"": ""mp-985582"", ""score"": 70, ""reasons"": ""formula+sg,formula_only"", ""sg_relation"": ""exact"", ""spg_symbol"": ""F-43m"", ""spg_number"": 216, ""crystal_system"": ""cubic"", ""cif_tier"": ""no (up to very_loose)"", ""deprecated"": false}, {""mpid"": ""mp-950995"", ""score"": 40, ""reasons"": ""formula_only"", ""sg_relation"": ""mismatch"", ""spg_symbol"": ""Cc"", ""spg_number"": 9, ""crystal_system"": ""monoclinic"", ""cif_tier"": ""no (up to very_loose)"", ""deprecated"": false}]",
kgl,,,,,,,,,,[],
vqj,,,,,,,,,,[],
h82,,,,,,,,,,[],
9zr,mp-985591,70.0,"formula+sg,formula_only",exact,F-43m,216.0,cubic,no (up to very_loose),False,"[{""mpid"": ""mp-985591"", ""score"": 70, ""reasons"": ""formula+sg,formula_only"", ""sg_relation"": ""exact"", ""spg_symbol"": ""F-43m"", ""spg_number"": 216, ""crystal_system"": ""cubic"", ""cif_tier"": ""no (up to very_loose)"", ""deprecated"": false}]",
a8v,,,,,,,,,,[],
09w,,,,,,,,,,[],
x2v,,,,,,,,,,[],
bnh,,,,,,,,,,[],
x9d,,,,,,,,,,[],
ish,,,,,,,,,,[],
iiy,,,,,,,,,,[],
3zo,,,,,,,,,,[],
vj7,,,,,,,,,,[],
wsd,,,,,,,,,,[],
10s,,,,,,,,,,[],
fkj,,,,,,,,,,[],
tt3,mp-985592,70.0,"formula+sg,formula_only",exact,F-43m,216.0,cubic,no (up to very_loose),False,"[{""mpid"": ""mp-985592"", ""score"": 70, ""reasons"": ""formula+sg,formula_only"", ""sg_relation"": ""exact"", ""spg_symbol"": ""F-43m"", ""spg_number"": 216, ""crystal_system"": ""cubic"", ""cif_tier"": ""no (up to very_loose)"", ""deprecated"": false}]",
nig,mp-985591,70.0,"formula+sg,formula_only",exact,F-43m,216.0,cubic,no (up to very_loose),False,"[{""mpid"": ""mp-985591"", ""score"": 70, ""reasons"": ""formula+sg,formula_only"", ""sg_relation"": ""exact"", ""spg_symbol"": ""F-43m"", ""spg_number"": 216, ""crystal_system"": ""cubic"", ""cif_tier"": ""no (up to very_loose)"", ""deprecated"": false}]",
z16,,,,,,,,,,[],
hbz,,,,,,,,,,[],
uut,,,,,,,,,,[],
cju,,,,,,,,,,[],
d9l,,,,,,,,,,[],
96f,,,,,,,,,,[],
1kq,,,,,,,,,,[],
c6e,,,,,,,,,,[],
t2c,,,,,,,,,,[],
dlj,,,,,,,,,,[],
w87,mp-985591,70.0,"formula+sg,formula_only",exact,F-43m,216.0,cubic,no (up to very_loose),False,"[{""mpid"": ""mp-985591"", ""score"": 70, ""reasons"": ""formula+sg,formula_only"", ""sg_relation"": ""exact"", ""spg_symbol"": ""F-43m"", ""spg_number"": 216, ""crystal_system"": ""cubic"", ""cif_tier"": ""no (up to very_loose)"", ""deprecated"": false}]",
97p,mp-985592,70.0,"formula+sg,formula_only",exact,F-43m,216.0,cubic,no (up to very_loose),False,"[{""mpid"": ""mp-985592"", ""score"": 70, ""reasons"": ""formula+sg,formula_only"", ""sg_relation"": ""exact"", ""spg_symbol"": ""F-43m"", ""spg_number"": 216, ""crystal_system"": ""cubic"", ""cif_tier"": ""no (up to very_loose)"", ""deprecated"": false}]",
p9u,mp-985582,70.0,"formula+sg,formula_only",exact,F-43m,216.0,cubic,no (up to very_loose),False,"[{""mpid"": ""mp-985582"", ""score"": 70, ""reasons"": ""formula+sg,formula_only"", ""sg_relation"": ""exact"", ""spg_symbol"": ""F-43m"", ""spg_number"": 216, ""crystal_system"": ""cubic"", ""cif_tier"": ""no (up to very_loose)"", ""deprecated"": false}, {""mpid"": ""mp-950995"", ""score"": 40, ""reasons"": ""formula_only"", ""sg_relation"": ""mismatch"", ""spg_symbol"": ""Cc"", ""spg_number"": 9, ""crystal_system"": ""monoclinic"", ""cif_tier"": ""no (up to very_loose)"", ""deprecated"": false}]",
5wz,mp-985582,70.0,"formula+sg,formula_only",exact,F-43m,216.0,cubic,no (up to very_loose),False,"[{""mpid"": ""mp-985582"", ""score"": 70, ""reasons"": ""formula+sg,formula_only"", ""sg_relation"": ""exact"", ""spg_symbol"": ""F-43m"", ""spg_number"": 216, ""crystal_system"": ""cubic"", ""cif_tier"": ""no (up to very_loose)"", ""deprecated"": false}, {""mpid"": ""mp-950995"", ""score"": 40, ""reasons"": ""formula_only"", ""sg_relation"": ""mismatch"", ""spg_symbol"": ""Cc"", ""spg_number"": 9, ""crystal_system"": ""monoclinic"", ""cif_tier"": ""no (up to very_loose)"", ""deprecated"": false}]",
5gj,,,,,,,,,,[],
t17,,,,,,,,,,[],
kf7,,,,,,,,,,[],
utv,,,,,,,,,,[],
q9f,,,,,,,,,,[],
5qw,,,,,,,,,,[],
znj,,,,,,,,,,[],
pa1,,,,,,,,,,[],
lxk,,,,,,,,,,[],
1m8,,,,,,,,,,[],
ga9,,,,,,,,,,[],
240,,,,,,,,,,[],
6l9,mp-1222565,40.0,formula_only,mismatch,R3c,161.0,trigonal,no (up to very_loose),False,"[{""mpid"": ""mp-1222565"", ""score"": 40, ""reasons"": ""formula_only"", ""sg_relation"": ""mismatch"", ""spg_symbol"": ""R3c"", ""spg_number"": 161, ""crystal_system"": ""trigonal"", ""cif_tier"": ""no (up to very_loose)"", ""deprecated"": false}]",
gas,,,,,,,,,,[],
f5n,,,,,,,,,,[],
hx7,,,,,,,,,,[],
oi4,,,,,,,,,,[],
sv7,,,,,,,,,,[],
qbb,mp-28593,90.0,"cif_match,formula+sg,formula_only",exact,Pm-3m,221.0,cubic,strict,False,"[{""mpid"": ""mp-28593"", ""score"": 90, ""reasons"": ""cif_match,formula+sg,formula_only"", ""sg_relation"": ""exact"", ""spg_symbol"": ""Pm-3m"", ""spg_number"": 221, ""crystal_system"": ""cubic"", ""cif_tier"": ""strict"", ""deprecated"": false}]",
w1l,,,,,,,,,,[],
jce,,,,,,,,,,[],
9ph,,,,,,,,,,[],
kkn,mp-27508,70.0,"formula+sg,formula_only",exact,Fm-3m,225.0,cubic,no (up to very_loose),False,"[{""mpid"": ""mp-27508"", ""score"": 70, ""reasons"": ""formula+sg,formula_only"", ""sg_relation"": ""exact"", ""spg_symbol"": ""Fm-3m"", ""spg_number"": 225, ""crystal_system"": ""cubic"", ""cif_tier"": ""no (up to very_loose)"", ""deprecated"": false}, {""mpid"": ""mp-34326"", ""score"": 40, ""reasons"": ""formula_only"", ""sg_relation"": ""mismatch"", ""spg_symbol"": ""C2/m"", ""spg_number"": 12, ""crystal_system"": ""monoclinic"", ""cif_tier"": ""no (up to very_loose)"", ""deprecated"": false}, {""mpid"": ""mp-568365"", ""score"": 40, ""reasons"": ""formula_only"", ""sg_relation"": ""mismatch"", ""spg_symbol"": ""Ibca"", ""spg_number"": 73, ""crystal_system"": ""orthorhombic"", ""cif_tier"": ""no (up to very_loose)"", ""deprecated"": false}, {""mpid"": ""mp-569085"", ""score"": 40, ""reasons"": ""formula_only"", ""sg_relation"": ""mismatch"", ""spg_symbol"": ""P2_1/c"", ""spg_number"": 14, ""crystal_system"": ""monoclinic"", ""cif_tier"": ""no (up to very_loose)"", ""deprecated"": false}, {""mpid"": ""mp-676650"", ""score"": 40, ""reasons"": ""formula_only"", ""sg_relation"": ""mismatch"", ""spg_symbol"": ""Cm"", ""spg_number"": 8, ""crystal_system"": ""monoclinic"", ""cif_tier"": ""no (up to very_loose)"", ""deprecated"": false}]",
m0v,,,,,,,,,,[],
6du,,,,,,,,,,[],
u0c,,,,,,,,,,[],
xub,,,,,,,,,,[],
bjw,mp-34148,40.0,formula_only,mismatch,Imma,74.0,orthorhombic,no (up to very_loose),False,"[{""mpid"": ""mp-34148"", ""score"": 40, ""reasons"": ""formula_only"", ""sg_relation"": ""mismatch"", ""spg_symbol"": ""Imma"", ""spg_number"": 74, ""crystal_system"": ""orthorhombic"", ""cif_tier"": ""no (up to very_loose)"", ""deprecated"": false}]",
dvn,mp-38684,40.0,formula_only,mismatch,Imma,74.0,orthorhombic,no (up to very_loose),False,"[{""mpid"": ""mp-38684"", ""score"": 40, ""reasons"": ""formula_only"", ""sg_relation"": ""mismatch"", ""spg_symbol"": ""Imma"", ""spg_number"": 74, ""crystal_system"": ""orthorhombic"", ""cif_tier"": ""no (up to very_loose)"", ""deprecated"": false}, {""mpid"": ""mp-3346454"", ""score"": 40, ""reasons"": ""formula_only"", ""sg_relation"": ""mismatch"", ""spg_symbol"": ""P2_1/c"", ""spg_number"": 14, ""crystal_system"": ""monoclinic"", ""cif_tier"": ""no (up to very_loose)"", ""deprecated"": false}]",
t3k,,,,,,,,,,[],
uxi,,,,,,,,,,[],
r5y,mp-38008,40.0,formula_only,mismatch,Imma,74.0,orthorhombic,no (up to very_loose),False,"[{""mpid"": ""mp-38008"", ""score"": 40, ""reasons"": ""formula_only"", ""sg_relation"": ""mismatch"", ""spg_symbol"": ""Imma"", ""spg_number"": 74, ""crystal_system"": ""orthorhombic"", ""cif_tier"": ""no (up to very_loose)"", ""deprecated"": false}]",
ek5,mp-753719,40.0,formula_only,mismatch,I-4m2,119.0,tetragonal,no (up to very_loose),False,"[{""mpid"": ""mp-753719"", ""score"": 40, ""reasons"": ""formula_only"", ""sg_relation"": ""mismatch"", ""spg_symbol"": ""I-4m2"", ""spg_number"": 119, ""crystal_system"": ""tetragonal"", ""cif_tier"": ""no (up to very_loose)"", ""deprecated"": false}]",
xut,mp-39387,40.0,formula_only,mismatch,Imma,74.0,orthorhombic,no (up to very_loose),False,"[{""mpid"": ""mp-39387"", ""score"": 40, ""reasons"": ""formula_only"", ""sg_relation"": ""mismatch"", ""spg_symbol"": ""Imma"", ""spg_number"": 74, ""crystal_system"": ""orthorhombic"", ""cif_tier"": ""no (up to very_loose)"", ""deprecated"": false}]",
ckw,,,,,,,,,,[],
yab,,,,,,,,,,[],
ysm,,,,,,,,,,[],
e81,,,,,,,,,,[],
3qz,mp-942733,40.0,formula_only,mismatch,I4_1/acd,142.0,tetragonal,no (up to very_loose),False,"[{""mpid"": ""mp-942733"", ""score"": 40, ""reasons"": ""formula_only"", ""sg_relation"": ""mismatch"", ""spg_symbol"": ""I4_1/acd"", ""spg_number"": 142, ""crystal_system"": ""tetragonal"", ""cif_tier"": ""no (up to very_loose)"", ""deprecated"": false}]",
cjq,,,,,,,,,,[],
uaz,,,,,,,,,,[],
aax,,,,,,,,,,[],
o86,,,,,,,,,,[],
coi,,,,,,,,,,[],
3vi,,,,,,,,,,[],
vwn,,,,,,,,,,[],
tlp,,,,,,,,,,[],
ka6,mp-559776,70.0,"formula+sg,formula_only",exact,Ia-3d,230.0,cubic,no (up to very_loose),False,"[{""mpid"": ""mp-559776"", ""score"": 70, ""reasons"": ""formula+sg,formula_only"", ""sg_relation"": ""exact"", ""spg_symbol"": ""Ia-3d"", ""spg_number"": 230, ""crystal_system"": ""cubic"", ""cif_tier"": ""no (up to very_loose)"", ""deprecated"": false}]",
7o7,,,,,,,,,,[],
d6f,,,,,,,,,,[],
dvs,,,,,,,,,,[],
3o4,,,,,,,,,,[],
kji,,,,,,,,,,[],
gdr,,,,,,,,,,[],
v1q,,,,,,,,,,[],
4vd,,,,,,,,,,[],
5xk,,,,,,,,,,[],
2wb,,,,,,,,,,[],
zfg,,,,,,,,,,[],
6hq,,,,,,,,,,[],
hcm,mp-559776,90.0,"cif_match,formula+sg,formula_only",exact,Ia-3d,230.0,cubic,strict,False,"[{""mpid"": ""mp-559776"", ""score"": 90, ""reasons"": ""cif_match,formula+sg,formula_only"", ""sg_relation"": ""exact"", ""spg_symbol"": ""Ia-3d"", ""spg_number"": 230, ""crystal_system"": ""cubic"", ""cif_tier"": ""strict"", ""deprecated"": false}]",
e6a,,,,,,,,,,[],
g5q,,,,,,,,,,[],
5z8,,,,,,,,,,[],
r07,,,,,,,,,,[],
uht,,,,,,,,,,[],
kbq,,,,,,,,,,[],
uw9,,,,,,,,,,[],
vqu,,,,,,,,,,[],
xog,mp-775628,40.0,formula_only,mismatch,P1,1.0,triclinic,no (up to very_loose),False,"[{""mpid"": ""mp-775628"", ""score"": 40, ""reasons"": ""formula_only"", ""sg_relation"": ""mismatch"", ""spg_symbol"": ""P1"", ""spg_number"": 1, ""crystal_system"": ""triclinic"", ""cif_tier"": ""no (up to very_loose)"", ""deprecated"": false}]",
bi3,,,,,,,,,,[],
gcj,,,,,,,,,,[],
20k,,,,,,,,,,[],
jej,,,,,,,,,,[],
hud,,,,,,,,,,[],
4uu,,,,,,,,,,[],
sdz,,,,,,,,,,[],
7w5,,,,,,,,,,[],
etz,mp-942733,40.0,formula_only,mismatch,I4_1/acd,142.0,tetragonal,no (up to very_loose),False,"[{""mpid"": ""mp-942733"", ""score"": 40, ""reasons"": ""formula_only"", ""sg_relation"": ""mismatch"", ""spg_symbol"": ""I4_1/acd"", ""spg_number"": 142, ""crystal_system"": ""tetragonal"", ""cif_tier"": ""no (up to very_loose)"", ""deprecated"": false}]",
ner,,,,,,,,,,[],
z2s,,,,,,,,,,[],
72f,,,,,,,,,,[],
sqm,,,,,,,,,,[],
zxr,,,,,,,,,,[],
h89,,,,,,,,,,[],
l9r,,,,,,,,,,[],
544,,,,,,,,,,[],
ps0,,,,,,,,,,[],
ueu,,,,,,,,,,[],
uwh,,,,,,,,,,[],
gz8,mp-559776,70.0,"formula+sg,formula_only",exact,Ia-3d,230.0,cubic,no (up to very_loose),False,"[{""mpid"": ""mp-559776"", ""score"": 70, ""reasons"": ""formula+sg,formula_only"", ""sg_relation"": ""exact"", ""spg_symbol"": ""Ia-3d"", ""spg_number"": 230, ""crystal_system"": ""cubic"", ""cif_tier"": ""no (up to very_loose)"", ""deprecated"": false}]",
419,,,,,,,,,,[],
c0g,,,,,,,,,,[],
kbu,,,,,,,,,,[],
fam,,,,,,,,,,[],
dae,,,,,,,,,,[],
9p1,mp-942733,40.0,formula_only,mismatch,I4_1/acd,142.0,tetragonal,no (up to very_loose),False,"[{""mpid"": ""mp-942733"", ""score"": 40, ""reasons"": ""formula_only"", ""sg_relation"": ""mismatch"", ""spg_symbol"": ""I4_1/acd"", ""spg_number"": 142, ""crystal_system"": ""tetragonal"", ""cif_tier"": ""no (up to very_loose)"", ""deprecated"": false}]",
gkl,mp-554747,70.0,"formula+sg,formula_only",exact,Ia-3d,230.0,cubic,no (up to very_loose),False,"[{""mpid"": ""mp-554747"", ""score"": 70, ""reasons"": ""formula+sg,formula_only"", ""sg_relation"": ""exact"", ""spg_symbol"": ""Ia-3d"", ""spg_number"": 230, ""crystal_system"": ""cubic"", ""cif_tier"": ""no (up to very_loose)"", ""deprecated"": false}, {""mpid"": ""mp-761986"", ""score"": 40, ""reasons"": ""formula_only"", ""sg_relation"": ""mismatch"", ""spg_symbol"": ""P1"", ""spg_number"": 1, ""crystal_system"": ""triclinic"", ""cif_tier"": ""no (up to very_loose)"", ""deprecated"": false}, {""mpid"": ""mp-774437"", ""score"": 40, ""reasons"": ""formula_only"", ""sg_relation"": ""mismatch"", ""spg_symbol"": ""P1"", ""spg_number"": 1, ""crystal_system"": ""triclinic"", ""cif_tier"": ""no (up to very_loose)"", ""deprecated"": false}, {""mpid"": ""mp-774721"", ""score"": 40, ""reasons"": ""formula_only"", ""sg_relation"": ""mismatch"", ""spg_symbol"": ""Cc"", ""spg_number"": 9, ""crystal_system"": ""monoclinic"", ""cif_tier"": ""no (up to very_loose)"", ""deprecated"": false}, {""mpid"": ""mp-779434"", ""score"": 40, ""reasons"": ""formula_only"", ""sg_relation"": ""mismatch"", ""spg_symbol"": ""P1"", ""spg_number"": 1, ""crystal_system"": ""triclinic"", ""cif_tier"": ""no (up to very_loose)"", ""deprecated"": false}]",
ijh,,,,,,,,,,[],
q46,,,,,,,,,,[],
8m3,,,,,,,,,,[],
zyx,,,,,,,,,,[],
qvu,,,,,,,,,,[],
v07,,,,,,,,,,[],
bqx,mp-677627,70.0,"formula+sg,formula_only",exact,Ia-3d,230.0,cubic,no (up to very_loose),False,"[{""mpid"": ""mp-677627"", ""score"": 70, ""reasons"": ""formula+sg,formula_only"", ""sg_relation"": ""exact"", ""spg_symbol"": ""Ia-3d"", ""spg_number"": 230, ""crystal_system"": ""cubic"", ""cif_tier"": ""no (up to very_loose)"", ""deprecated"": false}]",
z53,,,,,,,,,,[],
8y4,,,,,,,,,,[],
ucw,,,,,,,,,,[],
ff9,,,,,,,,,,[],
2mn,mp-942733,40.0,formula_only,mismatch,I4_1/acd,142.0,tetragonal,no (up to very_loose),False,"[{""mpid"": ""mp-942733"", ""score"": 40, ""reasons"": ""formula_only"", ""sg_relation"": ""mismatch"", ""spg_symbol"": ""I4_1/acd"", ""spg_number"": 142, ""crystal_system"": ""tetragonal"", ""cif_tier"": ""no (up to very_loose)"", ""deprecated"": false}]",
8ee,,,,,,,,,,[],
8k7,mp-559776,70.0,"formula+sg,formula_only",exact,Ia-3d,230.0,cubic,no (up to very_loose),False,"[{""mpid"": ""mp-559776"", ""score"": 70, ""reasons"": ""formula+sg,formula_only"", ""sg_relation"": ""exact"", ""spg_symbol"": ""Ia-3d"", ""spg_number"": 230, ""crystal_system"": ""cubic"", ""cif_tier"": ""no (up to very_loose)"", ""deprecated"": false}]",
b7v,,,,,,,,,,[],
66a,,,,,,,,,,[],
kh3,,,,,,,,,,[],
zqx,,,,,,,,,,[],
o5q,,,,,,,,,,[],
0ew,,,,,,,,,,[],
tbj,mp-775628,40.0,formula_only,mismatch,P1,1.0,triclinic,no (up to very_loose),False,"[{""mpid"": ""mp-775628"", ""score"": 40, ""reasons"": ""formula_only"", ""sg_relation"": ""mismatch"", ""spg_symbol"": ""P1"", ""spg_number"": 1, ""crystal_system"": ""triclinic"", ""cif_tier"": ""no (up to very_loose)"", ""deprecated"": false}]",
dbs,,,,,,,,,,[],
bt0,,,,,,,,,,[],
dti,,,,,,,,,,[],
7gm,,,,,,,,,,[],
c71,,,,,,,,,,[],
rgo,,,,,,,,,,[],
zzr,mp-696128,60.0,"formula+sg_system,formula_only",same_system,P4_2mc,105.0,tetragonal,no (up to very_loose),False,"[{""mpid"": ""mp-696128"", ""score"": 60, ""reasons"": ""formula+sg_system,formula_only"", ""sg_relation"": ""same_system"", ""spg_symbol"": ""P4_2mc"", ""spg_number"": 105, ""crystal_system"": ""tetragonal"", ""cif_tier"": ""no (up to very_loose)"", ""deprecated"": false}, {""mpid"": ""mp-696138"", ""score"": 40, ""reasons"": ""formula_only"", ""sg_relation"": ""mismatch"", ""spg_symbol"": ""P1"", ""spg_number"": 1, ""crystal_system"": ""triclinic"", ""cif_tier"": ""no (up to very_loose)"", ""deprecated"": false}]",
kop,,,,,,,,,,[],
rty,,,,,,,,,,[],
kko,mp-696123,60.0,"formula+sg_system,formula_only",same_system,P4_2mc,105.0,tetragonal,no (up to very_loose),False,"[{""mpid"": ""mp-696123"", ""score"": 60, ""reasons"": ""formula+sg_system,formula_only"", ""sg_relation"": ""same_system"", ""spg_symbol"": ""P4_2mc"", ""spg_number"": 105, ""crystal_system"": ""tetragonal"", ""cif_tier"": ""no (up to very_loose)"", ""deprecated"": false}, {""mpid"": ""mp-721236"", ""score"": 40, ""reasons"": ""formula_only"", ""sg_relation"": ""mismatch"", ""spg_symbol"": ""P1"", ""spg_number"": 1, ""crystal_system"": ""triclinic"", ""cif_tier"": ""no (up to very_loose)"", ""deprecated"": false}]",
ro9,mp-1020022,90.0,"cif_match,formula+sg,formula_only",exact,P-1,2.0,triclinic,strict,False,"[{""mpid"": ""mp-1020022"", ""score"": 90, ""reasons"": ""cif_match,formula+sg,formula_only"", ""sg_relation"": ""exact"", ""spg_symbol"": ""P-1"", ""spg_number"": 2, ""crystal_system"": ""triclinic"", ""cif_tier"": ""strict"", ""deprecated"": false}]",
7cr,mp-1020646,90.0,"cif_match,formula+sg,formula_only",exact,P-1,2.0,triclinic,strict,False,"[{""mpid"": ""mp-1020646"", ""score"": 90, ""reasons"": ""cif_match,formula+sg,formula_only"", ""sg_relation"": ""exact"", ""spg_symbol"": ""P-1"", ""spg_number"": 2, ""crystal_system"": ""triclinic"", ""cif_tier"": ""strict"", ""deprecated"": false}]",
mdp,mp-641703,85.0,"cif_match,formula+sg,formula_only",exact,P-1,2.0,triclinic,medium,False,"[{""mpid"": ""mp-641703"", ""score"": 85, ""reasons"": ""cif_match,formula+sg,formula_only"", ""sg_relation"": ""exact"", ""spg_symbol"": ""P-1"", ""spg_number"": 2, ""crystal_system"": ""triclinic"", ""cif_tier"": ""medium"", ""deprecated"": false}]",
ptg,mp-641703,70.0,"formula+sg,formula_only",exact,P-1,2.0,triclinic,no (up to very_loose),False,"[{""mpid"": ""mp-641703"", ""score"": 70, ""reasons"": ""formula+sg,formula_only"", ""sg_relation"": ""exact"", ""spg_symbol"": ""P-1"", ""spg_number"": 2, ""crystal_system"": ""triclinic"", ""cif_tier"": ""no (up to very_loose)"", ""deprecated"": false}]",
o4u,,,,,,,,,,[],
yy9,,,,,,,,,,[],
mvq,,,,,,,,,,[],
2yl,,,,,,,,,,[],
5qm,,,,,,,,,,[],
3jh,,,,,,,,,,[],
j3x,,,,,,,,,,[],
s3r,,,,,,,,,,[],
max,,,,,,,,,,[],
k5y,,,,,,,,,,[],
de5,mp-676109,60.0,"formula+sg_system,formula_only",same_system,C2,5.0,monoclinic,no (up to very_loose),False,"[{""mpid"": ""mp-676109"", ""score"": 60, ""reasons"": ""formula+sg_system,formula_only"", ""sg_relation"": ""same_system"", ""spg_symbol"": ""C2"", ""spg_number"": 5, ""crystal_system"": ""monoclinic"", ""cif_tier"": ""no (up to very_loose)"", ""deprecated"": false}, {""mpid"": ""mp-1111288"", ""score"": 40, ""reasons"": ""formula_only"", ""sg_relation"": ""mismatch"", ""spg_symbol"": ""Fm-3m"", ""spg_number"": 225, ""crystal_system"": ""cubic"", ""cif_tier"": ""no (up to very_loose)"", ""deprecated"": false}]",
cfy,,,,,,,,,,[],
na5,,,,,,,,,,[],could not convert string to float: '1.0*'
elz,mp-1147619,60.0,"formula+sg_system,formula_only",same_system,C2/c,15.0,monoclinic,no (up to very_loose),False,"[{""mpid"": ""mp-1147619"", ""score"": 60, ""reasons"": ""formula+sg_system,formula_only"", ""sg_relation"": ""same_system"", ""spg_symbol"": ""C2/c"", ""spg_number"": 15, ""crystal_system"": ""monoclinic"", ""cif_tier"": ""no (up to very_loose)"", ""deprecated"": false}]",
p81,mp-22983,90.0,"cif_match,formula+sg,formula_only",exact,P2_1/c,14.0,monoclinic,strict,False,"[{""mpid"": ""mp-22983"", ""score"": 90, ""reasons"": ""cif_match,formula+sg,formula_only"", ""sg_relation"": ""exact"", ""spg_symbol"": ""P2_1/c"", ""spg_number"": 14, ""crystal_system"": ""monoclinic"", ""cif_tier"": ""strict"", ""deprecated"": false}]",
ecp,mp-1020057,90.0,"cif_match,formula+sg,formula_only",exact,P2_1/c,14.0,monoclinic,strict,False,"[{""mpid"": ""mp-1020057"", ""score"": 90, ""reasons"": ""cif_match,formula+sg,formula_only"", ""sg_relation"": ""exact"", ""spg_symbol"": ""P2_1/c"", ""spg_number"": 14, ""crystal_system"": ""monoclinic"", ""cif_tier"": ""strict"", ""deprecated"": false}, {""mpid"": ""mp-756544"", ""score"": 70, ""reasons"": ""formula+sg,formula_only"", ""sg_relation"": ""exact"", ""spg_symbol"": ""P2_1/c"", ""spg_number"": 14, ""crystal_system"": ""monoclinic"", ""cif_tier"": ""no (up to very_loose)"", ""deprecated"": false}]",
me3,,,,,,,,,,[],
zs0,,,,,,,,,,[],
ard,,,,,,,,,,[],
ku9,,,,,,,,,,[],
9n0,,,,,,,,,,[],
ozo,,,,,,,,,,[],
h5i,,,,,,,,,,[],
o9h,,,,,,,,,,[],
4xq,,,,,,,,,,[],
0ii,,,,,,,,,,[],
81x,,,,,,,,,,[],
5fj,,,,,,,,,,[],
0vd,,,,,,,,,,[],
2uv,mp-1194700,90.0,"cif_match,formula+sg,formula_only",exact,Pnma,62.0,orthorhombic,strict,False,"[{""mpid"": ""mp-1194700"", ""score"": 90, ""reasons"": ""cif_match,formula+sg,formula_only"", ""sg_relation"": ""exact"", ""spg_symbol"": ""Pnma"", ""spg_number"": 62, ""crystal_system"": ""orthorhombic"", ""cif_tier"": ""strict"", ""deprecated"": false}]",
2r7,,,,,,,,,,[],
b56,,,,,,,,,,[],
mfu,mp-1222986,40.0,formula_only,mismatch,Pc,7.0,monoclinic,no (up to very_loose),False,"[{""mpid"": ""mp-1222986"", ""score"": 40, ""reasons"": ""formula_only"", ""sg_relation"": ""mismatch"", ""spg_symbol"": ""Pc"", ""spg_number"": 7, ""crystal_system"": ""monoclinic"", ""cif_tier"": ""no (up to very_loose)"", ""deprecated"": false}]",
kmr,,,,,,,,,,[],
85t,,,,,,,,,,[],
i9a,,,,,,,,,,[],
i47,mp-11175,90.0,"cif_match,formula+sg,formula_only",exact,I-4,82.0,tetragonal,strict,False,"[{""mpid"": ""mp-11175"", ""score"": 90, ""reasons"": ""cif_match,formula+sg,formula_only"", ""sg_relation"": ""exact"", ""spg_symbol"": ""I-4"", ""spg_number"": 82, ""crystal_system"": ""tetragonal"", ""cif_tier"": ""strict"", ""deprecated"": false}]",
dco,,,,,,,,,,[],
tqb,,,,,,,,,,[],
0lo,,,,,,,,,,[],
86o,,,,,,,,,,[],
2lu,,,,,,,,,,[],
bd5,,,,,,,,,,[],
ukw,,,,,,,,,,[],
5h8,,,,,,,,,,[],
vwy,,,,,,,,,,[],
2ha,,,,,,,,,,[],
il5,,,,,,,,,,[],
r1m,,,,,,,,,,[],
xq3,,,,,,,,,,[],
wgw,mp-766433,40.0,formula_only,mismatch,P1,1.0,triclinic,no (up to very_loose),False,"[{""mpid"": ""mp-766433"", ""score"": 40, ""reasons"": ""formula_only"", ""sg_relation"": ""mismatch"", ""spg_symbol"": ""P1"", ""spg_number"": 1, ""crystal_system"": ""triclinic"", ""cif_tier"": ""no (up to very_loose)"", ""deprecated"": false}, {""mpid"": ""mp-1218571"", ""score"": 40, ""reasons"": ""formula_only"", ""sg_relation"": ""mismatch"", ""spg_symbol"": ""Amm2"", ""spg_number"": 38, ""crystal_system"": ""orthorhombic"", ""cif_tier"": ""no (up to very_loose)"", ""deprecated"": false}]",
ipo,mp-1198622,90.0,"cif_match,formula+sg,formula_only",exact,I4_1/acd,142.0,tetragonal,strict,False,"[{""mpid"": ""mp-1198622"", ""score"": 90, ""reasons"": ""cif_match,formula+sg,formula_only"", ""sg_relation"": ""exact"", ""spg_symbol"": ""I4_1/acd"", ""spg_number"": 142, ""crystal_system"": ""tetragonal"", ""cif_tier"": ""strict"", ""deprecated"": false}]",
bnu,,,,,,,,,,[],
kxw,mp-1222525,90.0,"cif_match,formula+sg,formula_only",exact,R3,146.0,trigonal,strict,False,"[{""mpid"": ""mp-1222525"", ""score"": 90, ""reasons"": ""cif_match,formula+sg,formula_only"", ""sg_relation"": ""exact"", ""spg_symbol"": ""R3"", ""spg_number"": 146, ""crystal_system"": ""trigonal"", ""cif_tier"": ""strict"", ""deprecated"": false}, {""mpid"": ""mp-16947"", ""score"": 60, ""reasons"": ""formula+sg_system,formula_only"", ""sg_relation"": ""same_system"", ""spg_symbol"": ""R-3"", ""spg_number"": 148, ""crystal_system"": ""trigonal"", ""cif_tier"": ""no (up to very_loose)"", ""deprecated"": false}]",
um1,mp-8702,60.0,"formula+sg_system,formula_only",same_system,R-3,148.0,trigonal,no (up to very_loose),False,"[{""mpid"": ""mp-8702"", ""score"": 60, ""reasons"": ""formula+sg_system,formula_only"", ""sg_relation"": ""same_system"", ""spg_symbol"": ""R-3"", ""spg_number"": 148, ""crystal_system"": ""trigonal"", ""cif_tier"": ""no (up to very_loose)"", ""deprecated"": false}]",
l2w,,,,,,,,,,[],
ob9,,,,,,,,,,[],
ei3,,,,,,,,,,[],
cmn,,,,,,,,,,[],
lc1,,,,,,,,,,[],
sxv,,,,,,,,,,[],
ux3,,,,,,,,,,[],
br1,mp-13944,90.0,"cif_match,formula+sg,formula_only",exact,Ia-3,206.0,cubic,strict,False,"[{""mpid"": ""mp-13944"", ""score"": 90, ""reasons"": ""cif_match,formula+sg,formula_only"", ""sg_relation"": ""exact"", ""spg_symbol"": ""Ia-3"", ""spg_number"": 206, ""crystal_system"": ""cubic"", ""cif_tier"": ""strict"", ""deprecated"": false}]",
jy6,mp-1104386,90.0,"cif_match,formula+sg,formula_only",exact,F-43m,216.0,cubic,strict,False,"[{""mpid"": ""mp-1104386"", ""score"": 90, ""reasons"": ""cif_match,formula+sg,formula_only"", ""sg_relation"": ""exact"", ""spg_symbol"": ""F-43m"", ""spg_number"": 216, ""crystal_system"": ""cubic"", ""cif_tier"": ""strict"", ""deprecated"": false}]",
24k,,,,,,,,,,[],
xnb,,,,,,,,,,[],
mtr,,,,,,,,,,[],
s2v,,,,,,,,,,[],
4p7,mp-985585,90.0,"cif_match,formula+sg,formula_only",exact,Pm-3m,221.0,cubic,strict,False,"[{""mpid"": ""mp-985585"", ""score"": 90, ""reasons"": ""cif_match,formula+sg,formula_only"", ""sg_relation"": ""exact"", ""spg_symbol"": ""Pm-3m"", ""spg_number"": 221, ""crystal_system"": ""cubic"", ""cif_tier"": ""strict"", ""deprecated"": false}]",
lk8,,,,,,,,,,[],
lud,,,,,,,,,,[],
vlm,,,,,,,,,,[],
gwu,,,,,,,,,,[],
lcx,,,,,,,,,,[],
mam,,,,,,,,,,[],
0jx,,,,,,,,,,[],
lyq,,,,,,,,,,[],
2tt,,,,,,,,,,[],
xy0,,,,,,,,,,[],
epv,,,,,,,,,,[],
v7r,,,,,,,,,,[],
yhc,,,,,,,,,,[],
q3c,,,,,,,,,,[],
pdv,,,,,,,,,,[],
o23,,,,,,,,,,[],
4ie,,,,,,,,,,[],
5d6,,,,,,,,,,[],
ciq,,,,,,,,,,[],
suz,,,,,,,,,,[],
1tk,,,,,,,,,,[],
9o6,,,,,,,,,,[],
lpt,mp-677490,40.0,formula_only,mismatch,P1,1.0,triclinic,no (up to very_loose),False,"[{""mpid"": ""mp-677490"", ""score"": 40, ""reasons"": ""formula_only"", ""sg_relation"": ""mismatch"", ""spg_symbol"": ""P1"", ""spg_number"": 1, ""crystal_system"": ""triclinic"", ""cif_tier"": ""no (up to very_loose)"", ""deprecated"": false}]",
j5g,,,,,,,,,,[],
dvb,,,,,,,,,,[],
cti,,,,,,,,,,[],
2d1,,,,,,,,,,[],
wa3,,,,,,,,,,[],
l6h,,,,,,,,,,[],
whw,,,,,,,,,,[],
duf,,,,,,,,,,[],
dll,,,,,,,,,,[],
i90,,,,,,,,,,[],
dm9,,,,,,,,,,[],
32j,mp-1198622,40.0,formula_only,mismatch,I4_1/acd,142.0,tetragonal,no (up to very_loose),False,"[{""mpid"": ""mp-1198622"", ""score"": 40, ""reasons"": ""formula_only"", ""sg_relation"": ""mismatch"", ""spg_symbol"": ""I4_1/acd"", ""spg_number"": 142, ""crystal_system"": ""tetragonal"", ""cif_tier"": ""no (up to very_loose)"", ""deprecated"": false}]",
3rh,,,,,,,,,,[],
a6v,,,,,,,,,,[],
ar1,,,,,,,,,,[],
cz2,,,,,,,,,,[],
klr,,,,,,,,,,[],
mn3,mp-1194700,70.0,"formula+sg,formula_only",exact,Pnma,62.0,orthorhombic,no (up to very_loose),False,"[{""mpid"": ""mp-1194700"", ""score"": 70, ""reasons"": ""formula+sg,formula_only"", ""sg_relation"": ""exact"", ""spg_symbol"": ""Pnma"", ""spg_number"": 62, ""crystal_system"": ""orthorhombic"", ""cif_tier"": ""no (up to very_loose)"", ""deprecated"": false}]",
o0a,,,,,,,,,,[],
qer,,,,,,,,,,[],
aab,,,,,,,,,,[],
1ty,,,,,,,,,,[],
zv5,,,,,,,,,,[],
xk3,,,,,,,,,,[],
i4l,,,,,,,,,,[],
