NewID,ID,ChemFormula,best_mpid,Conductivity (S / cm),Temperature / C,Family,Tier
OBX-cdk,cdk,Li8.0P4.0O8.0N4.0,mp-1020019,1.00E-10,,Glasses & glass-ceramics / LIPON,T1
OBX-ro9,ro9,Li6.0B2.0P4.0O16.0,mp-1020022,9.60E-12,,Borate / borophosphate / other salts,T1
OBX-ecp,ecp,La4.0Li4.0O8.0,mp-1020057,1.00E-10,,Garnet,T1
OBX-7cr,7cr,Li4.0Na2.0B2.0P4.0O16.0,mp-1020646,4.40E-18,,Borate / borophosphate / other salts,T1
OBX-3rx,3rx,Li2.0Nd2.0Ti2.0O8.0,mp-10520,1.00E-10,,Perovskite,T1
OBX-jy6,jy6,Li24.0P4.0O20.0Cl4.0,mp-1104386,1.00E-09,,Argyrodite,T1
OBX-i47,i47,Li2.0Zn2.0P2.0S8.0,mp-11175,5.40E-08,,Sulfide frameworks (other),T1
OBX-xas,xas,Li16.0Sn8.0S24.0,mp-1190364,1.50E-05,,Sulfide frameworks (other),T1
OBX-clt,clt,Li6.0Cu1.0B4.0O10.0,mp-1191302,1.00E-13,,Borate / borophosphate / other salts,T1
OBX-1e9,1e9,Li12.0Sb4.0S12.0,mp-1194339,1.00E-09,,Sulfide frameworks (other),T1
OBX-2uv,2uv,Li16.0Sn4.0Se16.0,mp-1194700,2.00E-05,,Sulfide frameworks (other),T1
OBX-ipo,ipo,Li56.0La24.0Hf16.0O96.0,mp-1198622,9.85E-07,,Garnet,T1
OBX-1xt,1xt,Li8.0Sb8.0O16.0,mp-1198780,1.00E-10,,Oxide frameworks (other),T1
OBX-dc8,dc8,Li18.0Mg6.0P8.0O32.0F6.0,mp-1203004,1.00E-10,,Borate / borophosphate / other salts,T1
OBX-kxw,kxw,Li18.0Al18.0Ge18.0O72.0,mp-1222525,1.00E-10,,Oxide frameworks (other),T1
OBX-0iv,0iv,Li4.0P2.0S6.0,mp-1222635,2.38E-07,,Sulfide frameworks (other),T1
OBX-br1,br1,Li48.0Al16.0N32.0,mp-13944,5.00E-08,,Nitride & related,T1
OBX-l9v,l9v,Li36.0Al12.0F72.0,mp-15254,5.00E-07,,Halide,T1
OBX-5z0,5z0,Li40.0Al8.0O32.0,mp-15960,5.00E-10,,Oxide frameworks (other),T1
OBX-rr5,rr5,Li6.0Ti12.0P18.0O72.0,mp-18640,7.20E-05,,NASICON(-like),T1
OBX-h6c,h6c,Li6.0V2.0O8.0,mp-19219,9.20E-14,,LISICON / Thio-LISICON,T1
OBX-uu4,uu4,Li8.0V8.0O24.0,mp-19373,2.05E-09,,Oxide frameworks (other),T1
OBX-gvd,gvd,Li3.0N1.0,mp-2251,5.77E-04,,Nitride & related,T1
OBX-p81,p81,Li4.0Al4.0Cl16.0,mp-22983,1.00E-06,,Halide,T1
OBX-fft,fft,Li6.0N2.0,mp-2341,2.09E-04,,Nitride & related,T1
OBX-883,883,Li4.0Al4.0H16.0,mp-27653,8.70E-09,,Hydride,T1
OBX-lkm,lkm,Li24.0Ge8.0O28.0,mp-27968,8.50E-07,,Unassigned,T1
OBX-x2i,x2i,Li8.0Bi8.0O16.0,mp-28253,3.80E-08,,Oxide frameworks (other),T1
OBX-be9,be9,Li4.0Ga4.0Br16.0,mp-28326,7.00E-06,,Halide,T1
OBX-47i,47i,Li8.0P4.0O14.0,mp-28450,1.00E-10,,Borate / borophosphate / other salts,T1
OBX-bq9,bq9,Li24.0Bi8.0O24.0,mp-28510,2.40E-10,,Oxide frameworks (other),T1
OBX-qbb,qbb,Li3.0O1.0Br1.0,mp-28593,1.10E-06,,Anti-perovskite,T1
OBX-9lo,9lo,Li12.0P4.0O16.0,mp-2878,1.75E-13,,LISICON / Thio-LISICON,T1
OBX-w7d,w7d,Li12.0P4.0O16.0,mp-2878,4.20E-18,,LISICON / Thio-LISICON,T1
OBX-skm,skm,Li10.0Bi2.0O10.0,mp-29365,3.90E-09,,Oxide frameworks (other),T1
OBX-4kt,4kt,Li8.0Cr4.0Cl16.0,mp-29582,1.00E-10,,Halide,T1
OBX-95j,95j,Li18.0Al6.0H36.0,mp-31096,1.40E-07,,Hydride,T1
OBX-n27,n27,Li4.0B4.0O8.0,mp-3635,1.00E-08,,Unassigned,T1
OBX-t0h,t0h,Li8.0Zr4.0O12.0,mp-4156,6.10E-10,,Oxide frameworks (other),T1
OBX-dth,dth,Li16.0Ge4.0O16.0,mp-4558,1.30E-12,,LISICON / Thio-LISICON,T1
OBX-9zk,9zk,Li40.0Ga8.0O32.0,mp-4657,5.00E-09,,Oxide frameworks (other),T1
OBX-5bz,5bz,Li12.0B4.0N8.0,mp-5001,8.70E-08,,Nitride & related,T1
OBX-4ba,4ba,Li6.0Ge12.0P18.0O72.0,mp-541272,3.33E-07,,NASICON(-like),T1
OBX-ldx,ldx,Li6.0Ge12.0P18.0O72.0,mp-541272,4.83E-09,,NASICON(-like),T1
OBX-ur9,ur9,Li6.0Zr12.0P18.0O72.0,mp-541661,1.00E-09,,NASICON(-like),T1
OBX-tws,tws,Li24.0Zr8.0O28.0,mp-5418,5.20E-10,,Oxide frameworks (other),T1
OBX-qy4,qy4,Li12.0Na20.0Ti8.0S32.0,mp-554395,8.80E-06,,Sulfide frameworks (other),T1
OBX-d7f,d7f,Li12.0Bi4.0O16.0,mp-557738,4.10E-10,,Oxide frameworks (other),T1
OBX-5zv,5zv,Li16.0Zn4.0P8.0O32.0,mp-557756,5.55E-18,,Borate / borophosphate / other salts,T1
OBX-mde,mde,Li4.0B24.0O36.0F4.0,mp-558105,1.00E-10,,Halide,T1
OBX-hcm,hcm,Li40.0La24.0Ta16.0O96.0,mp-559776,3.40E-05,,Garnet,T1
OBX-sg0,sg0,Li4.0Sc4.0O8.0,mp-5840,1.00E-10,,Oxide frameworks (other),T1
OBX-tka,tka,Li4.0Si8.0N12.0,mp-5853,6.17E-08,,Nitride & related,T1
OBX-bsa,bsa,Li4.0Ga4.0O8.0,mp-5854,2.40E-14,,Oxide frameworks (other),T1
OBX-kfp,kfp,Li16.0Ba8.0P16.0O56.0,mp-6175,1.60E-17,,Borate / borophosphate / other salts,T1
OBX-00x,00x,Li4.0Gd4.0P16.0O48.0,mp-6248,1.00E-10,,Borate / borophosphate / other salts,T1
OBX-mdp,mdp,Li14.0P6.0S22.0,mp-641703,3.20E-03,,Unassigned,T1
OBX-nua,nua,Li2.0La2.0Ti2.0O8.0,mp-6521,1.00E-10,,Perovskite,T1
OBX-bv2,bv2,Li4.0Y4.0O8.0,mp-7020,1.80E-08,,Oxide frameworks (other),T1
OBX-11b,11b,Li6.0P2.0,mp-736,7.03E-04,,Borate / borophosphate / other salts,T1
OBX-mq1,mq1,Li6.0Sb2.0S8.0,mp-756316,4.80E-09,,LISICON / Thio-LISICON,T1
OBX-qa9,qa9,Li6.0B2.0N4.0,mp-8926,1.60E-10,,Nitride & related,T1
OBX-wyu,wyu,Li56.0La24.0Zr16.0O96.0,mp-942733,1.63E-06,,Garnet,T1
OBX-4p7,4p7,Li3.0Cl1.0O1.0,mp-985585,2.50E-02,,Anti-perovskite,T1
LIV-387,387,LiZr2(PO4)3,mp-10499,3.30E-06,25,NASICON(-like),T2
LIV-391,391,LiZr2(PO4)3,mp-10499,5.00E-08,25,NASICON(-like),T2
LIV-535,535,LiZr2P3O12,mp-10499,5.00E-08,30,NASICON(-like),T2
ACS-1507,1507,Li6PO5Cl,mp-1104386,3.08E-06,,Argyrodite,T2
ACS-1552,1552,Li6PO5Cl,mp-1104386,3.08E-06,,Argyrodite,T2
LIV-8,8,Li6PO5Cl,mp-1104386,1.00E-09,25,Argyrodite,T2
LIV-34,34,Li2OHCl,mp-1120754,2.80E-03,195,Anti-perovskite,T2
LIV-5,5,Li2OHCl,mp-1120754,7.11E-08,26,Anti-perovskite,T2
LIV-2031,2031,LiF,mp-1138,1.18E-14,25,Halide,T2
LIV-921,921,LiF,mp-1138,7.75E-09,392,Halide,T2
LIV-922,922,Li0.022 La0.118 Ti0.2 Al0.004 O0.631,mp-1138,5.62E-03,97.37,Perovskite,T2
LIV-923,923,LiF,mp-1138,1.07E-09,321,Halide,T2
LIV-924,924,LiF,mp-1138,1.85E-10,270,Halide,T2
LIV-925,925,LiF,mp-1138,1.41E-11,203,Halide,T2
LIV-926,926,LiF,mp-1138,5.70E-13,142,Halide,T2
ACS-1036,1036,Na2SO4,mp-1173730,9.20E-05,,NASICON(-like),T2
ACS-1045,1045,Na2SO4,mp-1173730,5.90E-11,,NASICON(-like),T2
ACS-1267,1267,Na2SO4,mp-1173730,6.82E-02,,NASICON(-like),T2
ACS-1900,1900,Na2SO4,mp-1173730,1.70E-01,,NASICON(-like),T2
ACS-2725,2725,Na2SO4,mp-1173730,6.51E-05,,NASICON(-like),T2
ACS-2931,2931,Na2SO4,mp-1173730,6.00E-02,,NASICON(-like),T2
ACS-3016,3016,Na2SO4,mp-1173730,1.36E-03,,NASICON(-like),T2
ACS-3539,3539,Na2SO4,mp-1173730,8.70E-02,,NASICON(-like),T2
ACS-3825,3825,Na2SO4,mp-1173730,6.00E-03,,NASICON(-like),T2
ACS-3836,3836,Na2SO4,mp-1173730,7.50E-05,,NASICON(-like),T2
ACS-3859,3859,Na2SO4,mp-1173730,2.90E-08,,NASICON(-like),T2
ACS-416,416,Na2SO4,mp-1173730,8.50E-02,,NASICON(-like),T2
OBX-i12,i12,Li8.0Co4.0Ti12.0O32.0,mp-1177906,1.00E-10,,Oxide frameworks (other),T2
OBX-mn3,mn3,Li16.0Sn4.0Se16.0,mp-1194700,4.50E-08,,Unassigned,T2
LIV-789,789,Li4SnS4,mp-1195718,7.00E-05,25,LISICON / Thio-LISICON,T2
LIV-900,900,Li4SnS4,mp-1195718,3.00E-03,100,LISICON / Thio-LISICON,T2
OBX-kmv,kmv,Li16.0Sn4.0S16.0,mp-1195718,7.00E-05,,Sulfide frameworks (other),T2
OBX-fwz,fwz,Li8.0Si4.0S12.0,mp-1210789,2.00E-06,,LISICON / Thio-LISICON,T2
LIV-2029,2029,Li6NiCl8,mp-1211124,2.69E-10,25,Halide,T2
LIV-883,883,Li6NiCl8,mp-1211124,1.67E-06,203.19,Halide,T2
LIV-886,886,Li6NiCl8,mp-1211124,1.89E-02,393.66,Halide,T2
ACS-1071,1071,Li3Y3Te2O12,mp-1211226,2.41E-09,,Garnet,T2
ACS-3671,3671,Li3Y3Te2O12,mp-1211226,2.41E-09,,Garnet,T2
ACS-1013,1013,Li2SO4,mp-1222624,8.00E-03,,Argyrodite,T2
ACS-1152,1152,Li2SO4,mp-1222624,9.00E-04,,Argyrodite,T2
ACS-1237,1237,Li2SO4,mp-1222624,8.00E-03,,Argyrodite,T2
ACS-131,131,Li2SO4,mp-1222624,1.00E-09,,Argyrodite,T2
ACS-1357,1357,Li2SO4,mp-1222624,1.00E-03,,Argyrodite,T2
ACS-1374,1374,Li2SO4,mp-1222624,7.27E-13,,Argyrodite,T2
ACS-1610,1610,Li2SO4,mp-1222624,1.00E-03,,Argyrodite,T2
ACS-1750,1750,Li2SO4,mp-1222624,1.50E-06,,Argyrodite,T2
ACS-2154,2154,Li2SO4,mp-1222624,1.00E-07,,Argyrodite,T2
ACS-216,216,Li2SO4,mp-1222624,1.00E-01,,Argyrodite,T2
ACS-2267,2267,Li2SO4,mp-1222624,3.00E-03,,Argyrodite,T2
ACS-238,238,Li2SO4,mp-1222624,1.70E-06,,Argyrodite,T2
ACS-2832,2832,Li2SO4,mp-1222624,1.12E-01,,Argyrodite,T2
ACS-3166,3166,Li2SO4,mp-1222624,3.00E-03,,Argyrodite,T2
ACS-353,353,Li2SO4,mp-1222624,1.67E-13,,Argyrodite,T2
ACS-3619,3619,Li2SO4,mp-1222624,1.67E-13,,Argyrodite,T2
ACS-3734,3734,Li2SO4,mp-1222624,1.12E-01,,Argyrodite,T2
ACS-3933,3933,Li2SO4,mp-1222624,1.67E-13,,Argyrodite,T2
ACS-804,804,Li2SO4,mp-1222624,1.00E-05,,Argyrodite,T2
ACS-1022,1022,Li3PO4,mp-13725,1.87E-03,,LISICON / Thio-LISICON,T2
ACS-1077,1077,Li3PO4,mp-13725,1.00E-16,,LISICON / Thio-LISICON,T2
ACS-1301,1301,Li3PO4,mp-13725,7.20E-07,,LISICON / Thio-LISICON,T2
ACS-1379,1379,Li3PO4,mp-13725,2.30E-09,,LISICON / Thio-LISICON,T2
ACS-1383,1383,Li3PO4,mp-13725,7.00E-03,,LISICON / Thio-LISICON,T2
ACS-1388,1388,Li3PO4,mp-13725,6.00E-11,,LISICON / Thio-LISICON,T2
ACS-1588,1588,Li3PO4,mp-13725,8.62E-11,,LISICON / Thio-LISICON,T2
ACS-16,16,Li3PO4,mp-13725,3.74E-10,,LISICON / Thio-LISICON,T2
ACS-1678,1678,Li3PO4,mp-13725,2.30E-09,,LISICON / Thio-LISICON,T2
ACS-1723,1723,Li3PO4,mp-13725,7.30E-08,,LISICON / Thio-LISICON,T2
ACS-1876,1876,Li3PO4,mp-13725,3.74E-10,,LISICON / Thio-LISICON,T2
ACS-2012,2012,Li3PO4,mp-13725,2.80E-11,,LISICON / Thio-LISICON,T2
ACS-2050,2050,Li3PO4,mp-13725,1.00E-13,,LISICON / Thio-LISICON,T2
ACS-2083,2083,Li3PO4,mp-13725,2.30E-09,,LISICON / Thio-LISICON,T2
ACS-2173,2173,Li3PO4,mp-13725,1.00E-07,,LISICON / Thio-LISICON,T2
ACS-2191,2191,Li3PO4,mp-13725,4.00E-11,,LISICON / Thio-LISICON,T2
ACS-2511,2511,Li3PO4,mp-13725,1.00E-09,,LISICON / Thio-LISICON,T2
ACS-2577,2577,Li3PO4,mp-13725,1.00E-11,,LISICON / Thio-LISICON,T2
ACS-2919,2919,Li3PO4,mp-13725,1.87E-06,,LISICON / Thio-LISICON,T2
ACS-3031,3031,Li3PO4,mp-13725,1.00E-07,,LISICON / Thio-LISICON,T2
ACS-3099,3099,Li3PO4,mp-13725,4.60E-10,,LISICON / Thio-LISICON,T2
ACS-3524,3524,Li3PO4,mp-13725,4.20E-21,,LISICON / Thio-LISICON,T2
ACS-3536,3536,Li3PO4,mp-13725,1.00E-16,,LISICON / Thio-LISICON,T2
ACS-3609,3609,Li3PO4,mp-13725,4.60E-10,,LISICON / Thio-LISICON,T2
ACS-3615,3615,Li3PO4,mp-13725,6.60E-11,,LISICON / Thio-LISICON,T2
ACS-548,548,Li3PO4,mp-13725,2.80E-11,,LISICON / Thio-LISICON,T2
ACS-628,628,Li3PO4,mp-13725,1.00E-06,,LISICON / Thio-LISICON,T2
ACS-634,634,Li3PO4,mp-13725,8.62E-11,,LISICON / Thio-LISICON,T2
ACS-703,703,Li3PO4,mp-13725,1.00E-21,,LISICON / Thio-LISICON,T2
ACS-85,85,Li3PO4,mp-13725,1.98E-12,,LISICON / Thio-LISICON,T2
ACS-873,873,Li3PO4,mp-13725,1.00E-11,,LISICON / Thio-LISICON,T2
ACS-922,922,Li3PO4,mp-13725,1.00E-16,,LISICON / Thio-LISICON,T2
LIV-541,541,Li3PO4,mp-13725,1.75E-13,30,LISICON / Thio-LISICON,T2
ACS-1244,1244,Li6Y(BO3)3,mp-14704,2.20E-06,,NASICON(-like),T2
OBX-uex,uex,Fe4.0Na4.0K2.0Li6.0Si24.0O60.0,mp-16283,1.00E-10,,Oxide frameworks (other),T2
ACS-1390,1390,LiTi2(PO4)3,mp-18640,4.40E-11,,NASICON(-like),T2
ACS-1411,1411,LiTi2(PO4)3,mp-18640,3.30E-08,,NASICON(-like),T2
ACS-1741,1741,LiTi2(PO4)3,mp-18640,1.00E-06,,NASICON(-like),T2
ACS-1806,1806,LiTi2(PO4)3,mp-18640,7.00E-07,,NASICON(-like),T2
ACS-2851,2851,LiTi2(PO4)3,mp-18640,7.00E-03,,NASICON(-like),T2
ACS-314,314,LiTi2(PO4)3,mp-18640,1.00E-11,,NASICON(-like),T2
ACS-3175,3175,LiTi2(PO4)3,mp-18640,1.00E-05,,NASICON(-like),T2
ACS-3551,3551,LiTi2(PO4)3,mp-18640,7.00E-07,,NASICON(-like),T2
ACS-3997,3997,LiTi2(PO4)3,mp-18640,1.00E-07,,NASICON(-like),T2
ACS-4020,4020,LiTi2(PO4)3,mp-18640,7.35E-08,,NASICON(-like),T2
ACS-659,659,LiTi2(PO4)3,mp-18640,1.83E-09,,NASICON(-like),T2
LIV-313,313,LiTi2(PO4)3,mp-18640,7.20E-05,25,NASICON(-like),T2
LIV-35,35,LiTi2(PO4)3,mp-18640,3.83E-07,24.85,NASICON(-like),T2
LIV-534,534,LiTi2P3O12,mp-18640,4.00E-07,30,NASICON(-like),T2
OBX-019,019,Li6.0Ti12.0P18.0O72.0,mp-18640,1.61E-04,,NASICON(-like),T2
OBX-qea,qea,Li6.0Ti12.0P18.0O72.0,mp-18640,2.00E-06,,NASICON(-like),T2
OBX-qno,qno,Li6.0Ti12.0P18.0O72.0,mp-18640,3.83E-07,,NASICON(-like),T2
OBX-yp3,yp3,Li6.0Ti12.0P18.0O72.0,mp-18640,6.00E-05,,NASICON(-like),T2
LIV-495,495,LiFePO4 ,mp-19017,1.10E-09,30,Oxide frameworks (other),T2
LIV-542,542,Li3VO4,mp-19219,9.20E-14,30,LISICON / Thio-LISICON,T2
LIV-716,716,Li3VO4,mp-19219,1.67E-06,25,LISICON / Thio-LISICON,T2
ACS-1047,1047,Li3N,mp-2251,6.60E-07,,Nitride & related,T2
ACS-1102,1102,Li3N,mp-2251,1.20E-06,,Nitride & related,T2
ACS-1135,1135,Li3N,mp-2251,4.00E-07,,Nitride & related,T2
ACS-1306,1306,Li3N,mp-2251,1.00E-12,,Nitride & related,T2
ACS-1514,1514,Li3N,mp-2251,4.00E-07,,Nitride & related,T2
ACS-1614,1614,Li3N,mp-2251,1.00E-09,,Nitride & related,T2
ACS-1657,1657,Li3N,mp-2251,1.00E-03,,Nitride & related,T2
ACS-2026,2026,Li3N,mp-2251,5.77E-07,,Nitride & related,T2
ACS-2130,2130,Li3N,mp-2251,1.00E-06,,Nitride & related,T2
ACS-259,259,Li3N,mp-2251,6.00E-06,,Nitride & related,T2
ACS-2812,2812,Li3N,mp-2251,1.00E-08,,Nitride & related,T2
ACS-2901,2901,Li3N,mp-2251,4.00E-07,,Nitride & related,T2
ACS-3231,3231,Li3N,mp-2251,4.00E-07,,Nitride & related,T2
ACS-3478,3478,Li3N,mp-2251,9.40E-02,,Nitride & related,T2
ACS-3497,3497,Li3N,mp-2251,1.00E-06,,Nitride & related,T2
ACS-355,355,Li3N,mp-2251,1.00E-07,,Nitride & related,T2
ACS-3577,3577,Li3N,mp-2251,1.00E-07,,Nitride & related,T2
ACS-3759,3759,Li3N,mp-2251,1.20E-06,,Nitride & related,T2
ACS-3800,3800,Li3N,mp-2251,1.00E-05,,Nitride & related,T2
ACS-3907,3907,Li3N,mp-2251,1.20E-06,,Nitride & related,T2
ACS-734,734,Li3N,mp-2251,1.00E-07,,Nitride & related,T2
ACS-945,945,Li3N,mp-2251,6.00E-06,,Nitride & related,T2
ACS-965,965,Li3N,mp-2251,2.83E-07,,Nitride & related,T2
LIV-708,708,LiI,mp-22899,2.80E-08,25,Halide,T2
ACS-3602,3602,Na3AlH6,mp-23705,5.00E-10,,NASICON(-like),T2
OBX-2t8,2t8,Li2.0V2.0P2.0O8.0F2.0,mp-25423,8.10E-07,,Oxide frameworks (other),T2
LIV-329,329,Li3Cr2(PO4)3,mp-26045,2.50E-08,50,NASICON(-like),T2
LIV-471,471,LiSn2(PO4)3,mp-26702,2.00E-09,25,NASICON(-like),T2
LIV-703,703,Li6NBr3,mp-27508,3.10E-07,25,Halide,T2
OBX-kkn,kkn,Li24.0N4.0Br12.0,mp-27508,1.00E-08,,Halide,T2
LIV-504,504,Li3OBr,mp-28593,1.06E-06,25,Anti-perovskite,T2
LIV-2025,2025,Li6FeCl8,mp-28828,8.97E-08,25,Halide,T2
LIV-737,737,Li6FeCl8,mp-28828,2.20E-06,100,Halide,T2
LIV-887,887,Li6FeCl8,mp-28828,1.55E-06,90.63,Halide,T2
LIV-888,888,Li6FeCl8,mp-28828,5.69E-03,282,Halide,T2
OBX-45e,45e,Li8.0Mg4.0Br16.0,mp-29009,7.80E-10,,Halide,T2
LIV-781,781,Li4GeS4,mp-30249,2.51E-07,25,LISICON / Thio-LISICON,T2
LIV-899,899,Li4GeS4,mp-30249,5.25E-05,127,LISICON / Thio-LISICON,T2
OBX-e6b,e6b,Li16.0Ge4.0S16.0,mp-30249,2.00E-07,,LISICON / Thio-LISICON,T2
LIV-704,704,Li4SiO4,mp-35822,2.00E-10,25,LISICON / Thio-LISICON,T2
LIV-783,783,Li4P2S6,mp-38200,1.60E-10,25,LISICON / Thio-LISICON,T2
ACS-1263,1263,Na3Zr2Si2PO12,mp-39123,4.00E-03,,NASICON(-like),T2
ACS-1649,1649,Na3Zr2Si2PO12,mp-39123,1.00E-04,,NASICON(-like),T2
ACS-1680,1680,Na3Zr2Si2PO12,mp-39123,1.30E-06,,NASICON(-like),T2
ACS-1899,1899,Na3Zr2Si2PO12,mp-39123,1.00E-07,,NASICON(-like),T2
ACS-2069,2069,Na3Zr2Si2PO12,mp-39123,6.28E-07,,NASICON(-like),T2
ACS-2092,2092,Na3Zr2Si2PO12,mp-39123,4.70E-06,,NASICON(-like),T2
ACS-2166,2166,Na3Zr2Si2PO12,mp-39123,5.34E-07,,NASICON(-like),T2
ACS-2372,2372,Na3Zr2Si2PO12,mp-39123,4.40E-07,,NASICON(-like),T2
ACS-2721,2721,Na3Zr2Si2PO12,mp-39123,9.00E-05,,NASICON(-like),T2
ACS-2846,2846,Na3Zr2Si2PO12,mp-39123,1.25E-06,,NASICON(-like),T2
ACS-2904,2904,Na3Zr2Si2PO12,mp-39123,1.20E-06,,NASICON(-like),T2
ACS-299,299,Na3Zr2Si2PO12,mp-39123,4.10E-08,,NASICON(-like),T2
ACS-3064,3064,Na3Zr2Si2PO12,mp-39123,1.00E-07,,NASICON(-like),T2
ACS-3197,3197,Na3Zr2Si2PO12,mp-39123,1.94E-07,,NASICON(-like),T2
ACS-3289,3289,Na3Zr2Si2PO12,mp-39123,5.34E-07,,NASICON(-like),T2
ACS-3307,3307,Na3Zr2Si2PO12,mp-39123,5.54E-07,,NASICON(-like),T2
ACS-339,339,Na3Zr2Si2PO12,mp-39123,1.30E-06,,NASICON(-like),T2
ACS-3393,3393,Na3Zr2Si2PO12,mp-39123,4.00E-03,,NASICON(-like),T2
ACS-3507,3507,Na3Zr2Si2PO12,mp-39123,6.70E-07,,NASICON(-like),T2
ACS-835,835,Na3Zr2Si2PO12,mp-39123,1.00E-06,,NASICON(-like),T2
ACS-901,901,Na3Zr2Si2PO12,mp-39123,6.70E-07,,NASICON(-like),T2
ACS-937,937,Na3Zr2Si2PO12,mp-39123,6.70E-07,,NASICON(-like),T2
LIV-2030,2030,Li6CoCl8,mp-505391,1.51E-06,25,Halide,T2
LIV-884,884,Li6CoCl8,mp-505391,4.89E-06,135.16,Halide,T2
LIV-885,885,Li6CoCl8,mp-505391,3.34E-05,315,Halide,T2
ACS-174,174,LiGe2(PO4)3,mp-541272,7.20E-10,,NASICON(-like),T2
ACS-2870,2870,LiGe2(PO4)3,mp-541272,1.30E-07,,NASICON(-like),T2
ACS-3030,3030,LiGe2(PO4)3,mp-541272,2.45E-07,,NASICON(-like),T2
ACS-791,791,LiGe2(PO4)3,mp-541272,1.91E-07,,NASICON(-like),T2
ACS-824,824,LiGe2(PO4)3,mp-541272,1.23E-11,,NASICON(-like),T2
ACS-9,9,LiGe2(PO4)3,mp-541272,1.00E-08,,NASICON(-like),T2
LIV-250,250,LiGe2(PO4)3,mp-541272,1.00E-06,21.23,NASICON(-like),T2
LIV-441,441,LiGe2(PO4)3,mp-541272,7.20E-07,25,NASICON(-like),T2
ACS-1242,1242,Li5La3Nb2O12,mp-554747,1.12E-07,,Garnet,T2
ACS-14,14,Li5La3Nb2O12,mp-554747,1.60E-07,,Garnet,T2
ACS-1664,1664,Li5La3Nb2O12,mp-554747,6.00E-03,,Garnet,T2
ACS-1668,1668,Li5La3Nb2O12,mp-554747,1.00E-07,,Garnet,T2
ACS-2135,2135,Li5La3Nb2O12,mp-554747,1.80E-07,,Garnet,T2
ACS-2548,2548,Li5La3Nb2O12,mp-554747,7.49E-09,,Garnet,T2
ACS-673,673,Li5La3Nb2O12,mp-554747,1.00E-07,,Garnet,T2
LIV-733,733,Li5La3Nb2O12,mp-554747,8.00E-06,15,Garnet,T2
LIV-813,813,Li5La3Nb2O12 ,mp-554747,3.31E-02,393,Garnet,T2
LIV-882,882,Li5La3Nb2O12 ,mp-554747,7.08E-02,527,Garnet,T2
OBX-gkl,gkl,Li40.0La24.0Nb16.0O96.0,mp-554747,5.08E-06,,Garnet,T2
LIV-237,237,Li5La3Ta2O12,mp-559776,1.52E-05,60,Garnet,T2
LIV-238,238,Li5La3Ta2O12,mp-559776,8.39E-06,50,Garnet,T2
LIV-239,239,Li5La3Ta2O12,mp-559776,1.51E-06,25,Garnet,T2
LIV-734,734,Li5La3Ta2O12,mp-559776,1.66E-02,393,Garnet,T2
LIV-812,812,Li5La3Ta2O12 ,mp-559776,3.40E-06,25,Garnet,T2
LIV-88,88,Li5La3Ta2O12,mp-559776,2.72E-03,199,Garnet,T2
LIV-90,90,Li5La3Ta2O12,mp-559776,3.43E-04,129,Garnet,T2
LIV-93,93,Li5La3Ta2O12,mp-559776,5.00E-05,79,Garnet,T2
LIV-95,95,Li5La3Ta2O12,mp-559776,2.91E-06,32,Garnet,T2
LIV-96,96,Li5La3Ta2O12,mp-559776,1.31E-06,15,Garnet,T2
OBX-8k7,8k7,Li40.0La24.0Ta16.0O96.0,mp-559776,1.54E-06,,Garnet,T2
OBX-gz8,gz8,Li40.0La24.0Ta16.0O96.0,mp-559776,1.59E-05,,Garnet,T2
OBX-ka6,ka6,Li40.0La24.0Ta16.0O96.0,mp-559776,6.61E-06,,Garnet,T2
ACS-586,586,Li10GeP2O12,mp-632815,3.00E-05,,LISICON / Thio-LISICON,T2
LIV-328,328,Li3Fe2(PO4)3,mp-6373,5.60E-08,50,NASICON(-like),T2
ACS-11,11,Li3V2(PO4)3,mp-6396,2.40E-10,,NASICON(-like),T2
ACS-1121,1121,Li3V2(PO4)3,mp-6396,7.59E-09,,NASICON(-like),T2
ACS-1131,1131,Li3V2(PO4)3,mp-6396,1.00E-10,,NASICON(-like),T2
ACS-1192,1192,Li3V2(PO4)3,mp-6396,2.40E-10,,NASICON(-like),T2
ACS-1268,1268,Li3V2(PO4)3,mp-6396,1.00E-08,,NASICON(-like),T2
ACS-1314,1314,Li3V2(PO4)3,mp-6396,2.40E-10,,NASICON(-like),T2
ACS-1332,1332,Li3V2(PO4)3,mp-6396,1.20E-05,,NASICON(-like),T2
ACS-1359,1359,Li3V2(PO4)3,mp-6396,2.40E-10,,NASICON(-like),T2
ACS-1419,1419,Li3V2(PO4)3,mp-6396,2.30E-11,,NASICON(-like),T2
ACS-1505,1505,Li3V2(PO4)3,mp-6396,2.40E-10,,NASICON(-like),T2
ACS-1509,1509,Li3V2(PO4)3,mp-6396,7.59E-09,,NASICON(-like),T2
ACS-1592,1592,Li3V2(PO4)3,mp-6396,7.00E-04,,NASICON(-like),T2
ACS-164,164,Li3V2(PO4)3,mp-6396,9.70E-05,,NASICON(-like),T2
ACS-1674,1674,Li3V2(PO4)3,mp-6396,1.00E-10,,NASICON(-like),T2
ACS-175,175,Li3V2(PO4)3,mp-6396,4.95E-06,,NASICON(-like),T2
ACS-1776,1776,Li3V2(PO4)3,mp-6396,2.30E-06,,NASICON(-like),T2
ACS-1787,1787,Li3V2(PO4)3,mp-6396,2.40E-10,,NASICON(-like),T2
ACS-179,179,Li3V2(PO4)3,mp-6396,1.00E-11,,NASICON(-like),T2
ACS-1853,1853,Li3V2(PO4)3,mp-6396,2.00E-11,,NASICON(-like),T2
ACS-1857,1857,Li3V2(PO4)3,mp-6396,3.83E-07,,NASICON(-like),T2
ACS-2030,2030,Li3V2(PO4)3,mp-6396,7.00E-03,,NASICON(-like),T2
ACS-2046,2046,Li3V2(PO4)3,mp-6396,2.30E-11,,NASICON(-like),T2
ACS-2110,2110,Li3V2(PO4)3,mp-6396,2.40E-10,,NASICON(-like),T2
ACS-22,22,Li3V2(PO4)3,mp-6396,1.50E-06,,NASICON(-like),T2
ACS-2235,2235,Li3V2(PO4)3,mp-6396,1.44E-02,,NASICON(-like),T2
ACS-2272,2272,Li3V2(PO4)3,mp-6396,9.50E-07,,NASICON(-like),T2
ACS-2352,2352,Li3V2(PO4)3,mp-6396,2.00E-11,,NASICON(-like),T2
ACS-2392,2392,Li3V2(PO4)3,mp-6396,2.40E-10,,NASICON(-like),T2
ACS-242,242,Li3V2(PO4)3,mp-6396,2.30E-11,,NASICON(-like),T2
ACS-2424,2424,Li3V2(PO4)3,mp-6396,2.40E-10,,NASICON(-like),T2
ACS-2552,2552,Li3V2(PO4)3,mp-6396,2.30E-11,,NASICON(-like),T2
ACS-26,26,Li3V2(PO4)3,mp-6396,2.40E-10,,NASICON(-like),T2
ACS-2633,2633,Li3V2(PO4)3,mp-6396,2.00E-11,,NASICON(-like),T2
ACS-2661,2661,Li3V2(PO4)3,mp-6396,2.40E-10,,NASICON(-like),T2
ACS-2713,2713,Li3V2(PO4)3,mp-6396,2.40E-10,,NASICON(-like),T2
ACS-2753,2753,Li3V2(PO4)3,mp-6396,1.00E-05,,NASICON(-like),T2
ACS-2801,2801,Li3V2(PO4)3,mp-6396,2.58E-05,,NASICON(-like),T2
ACS-2924,2924,Li3V2(PO4)3,mp-6396,2.00E-11,,NASICON(-like),T2
ACS-2952,2952,Li3V2(PO4)3,mp-6396,2.40E-10,,NASICON(-like),T2
ACS-2967,2967,Li3V2(PO4)3,mp-6396,1.10E-07,,NASICON(-like),T2
ACS-2973,2973,Li3V2(PO4)3,mp-6396,2.30E-11,,NASICON(-like),T2
ACS-3032,3032,Li3V2(PO4)3,mp-6396,1.00E-11,,NASICON(-like),T2
ACS-3118,3118,Li3V2(PO4)3,mp-6396,3.70E-11,,NASICON(-like),T2
ACS-3144,3144,Li3V2(PO4)3,mp-6396,1.60E-03,,NASICON(-like),T2
ACS-3212,3212,Li3V2(PO4)3,mp-6396,4.95E-06,,NASICON(-like),T2
ACS-3226,3226,Li3V2(PO4)3,mp-6396,2.40E-10,,NASICON(-like),T2
ACS-3255,3255,Li3V2(PO4)3,mp-6396,6.74E-06,,NASICON(-like),T2
ACS-3361,3361,Li3V2(PO4)3,mp-6396,3.83E-07,,NASICON(-like),T2
ACS-3411,3411,Li3V2(PO4)3,mp-6396,2.40E-10,,NASICON(-like),T2
ACS-3543,3543,Li3V2(PO4)3,mp-6396,2.30E-11,,NASICON(-like),T2
ACS-3593,3593,Li3V2(PO4)3,mp-6396,2.50E-07,,NASICON(-like),T2
ACS-362,362,Li3V2(PO4)3,mp-6396,3.83E-07,,NASICON(-like),T2
ACS-3649,3649,Li3V2(PO4)3,mp-6396,7.59E-09,,NASICON(-like),T2
ACS-3695,3695,Li3V2(PO4)3,mp-6396,2.40E-10,,NASICON(-like),T2
ACS-3701,3701,Li3V2(PO4)3,mp-6396,7.00E-04,,NASICON(-like),T2
ACS-374,374,Li3V2(PO4)3,mp-6396,3.00E-04,,NASICON(-like),T2
ACS-375,375,Li3V2(PO4)3,mp-6396,2.40E-11,,NASICON(-like),T2
ACS-3794,3794,Li3V2(PO4)3,mp-6396,2.40E-10,,NASICON(-like),T2
ACS-3795,3795,Li3V2(PO4)3,mp-6396,2.40E-10,,NASICON(-like),T2
ACS-387,387,Li3V2(PO4)3,mp-6396,2.40E-10,,NASICON(-like),T2
ACS-3953,3953,Li3V2(PO4)3,mp-6396,1.00E-05,,NASICON(-like),T2
ACS-411,411,Li3V2(PO4)3,mp-6396,2.30E-11,,NASICON(-like),T2
ACS-470,470,Li3V2(PO4)3,mp-6396,7.20E-09,,NASICON(-like),T2
ACS-513,513,Li3V2(PO4)3,mp-6396,2.40E-10,,NASICON(-like),T2
ACS-514,514,Li3V2(PO4)3,mp-6396,2.40E-10,,NASICON(-like),T2
ACS-539,539,Li3V2(PO4)3,mp-6396,2.00E-11,,NASICON(-like),T2
ACS-633,633,Li3V2(PO4)3,mp-6396,3.83E-07,,NASICON(-like),T2
ACS-684,684,Li3V2(PO4)3,mp-6396,2.40E-11,,NASICON(-like),T2
ACS-709,709,Li3V2(PO4)3,mp-6396,3.70E-08,,NASICON(-like),T2
ACS-744,744,Li3V2(PO4)3,mp-6396,2.30E-11,,NASICON(-like),T2
ACS-780,780,Li3V2(PO4)3,mp-6396,1.00E-12,,NASICON(-like),T2
ACS-872,872,Li3V2(PO4)3,mp-6396,2.00E-11,,NASICON(-like),T2
ACS-877,877,Li3V2(PO4)3,mp-6396,1.00E-10,,NASICON(-like),T2
ACS-979,979,Li3V2(PO4)3,mp-6396,2.30E-11,,NASICON(-like),T2
ACS-985,985,Li3V2(PO4)3,mp-6396,1.00E-10,,NASICON(-like),T2
OBX-ptg,ptg,Li14.0P6.0S22.0,mp-641703,8.60E-03,,Unassigned,T2
LIV-420,420,Li3Sc2(PO4)3,mp-6565,3.49E-06,150,NASICON(-like),T2
LIV-712,712,Li3Sc2P3O12,mp-6565,1.00E-10,25,NASICON(-like),T2
LIV-788,788,Li3Nd3Te2O12,mp-677627,1.00E-05,600,Garnet,T2
OBX-bqx,bqx,Li24.0Nd24.0Te16.0O96.0,mp-677627,1.00E-10,,Garnet,T2
LIV-410,410,Li2FeTi(PO4)3,mp-694934,3.34E-07,25,NASICON(-like),T2
ACS-1041,1041,Li10GeP2S12,mp-696138,1.20E-02,,LISICON / Thio-LISICON,T2
ACS-1069,1069,Li10GeP2S12,mp-696138,1.00E-05,,LISICON / Thio-LISICON,T2
ACS-1287,1287,Li10GeP2S12,mp-696138,1.70E-05,,LISICON / Thio-LISICON,T2
ACS-142,142,Li10GeP2S12,mp-696138,1.20E+01,,LISICON / Thio-LISICON,T2
ACS-1476,1476,Li10GeP2S12,mp-696138,1.00E-05,,LISICON / Thio-LISICON,T2
ACS-1484,1484,Li10GeP2S12,mp-696138,1.00E-06,,LISICON / Thio-LISICON,T2
ACS-1551,1551,Li10GeP2S12,mp-696138,1.00E-05,,LISICON / Thio-LISICON,T2
ACS-1621,1621,Li10GeP2S12,mp-696138,1.70E-02,,LISICON / Thio-LISICON,T2
ACS-1726,1726,Li10GeP2S12,mp-696138,1.00E-05,,LISICON / Thio-LISICON,T2
ACS-1819,1819,Li10GeP2S12,mp-696138,2.00E-05,,LISICON / Thio-LISICON,T2
ACS-1821,1821,Li10GeP2S12,mp-696138,1.70E-05,,LISICON / Thio-LISICON,T2
ACS-2101,2101,Li10GeP2S12,mp-696138,1.00E-05,,LISICON / Thio-LISICON,T2
ACS-2137,2137,Li10GeP2S12,mp-696138,1.20E-05,,LISICON / Thio-LISICON,T2
ACS-2182,2182,Li10GeP2S12,mp-696138,1.00E-05,,LISICON / Thio-LISICON,T2
ACS-2207,2207,Li10GeP2S12,mp-696138,3.57E-06,,LISICON / Thio-LISICON,T2
ACS-2283,2283,Li10GeP2S12,mp-696138,1.10E-05,,LISICON / Thio-LISICON,T2
ACS-2323,2323,Li10GeP2S12,mp-696138,4.45E-07,,LISICON / Thio-LISICON,T2
ACS-2338,2338,Li10GeP2S12,mp-696138,1.20E-02,,LISICON / Thio-LISICON,T2
ACS-2495,2495,Li10GeP2S12,mp-696138,1.00E-06,,LISICON / Thio-LISICON,T2
ACS-2530,2530,Li10GeP2S12,mp-696138,3.57E-06,,LISICON / Thio-LISICON,T2
ACS-256,256,Li10GeP2S12,mp-696138,1.00E-05,,LISICON / Thio-LISICON,T2
ACS-2658,2658,Li10GeP2S12,mp-696138,1.20E-05,,LISICON / Thio-LISICON,T2
ACS-2706,2706,Li10GeP2S12,mp-696138,2.50E-05,,LISICON / Thio-LISICON,T2
ACS-2749,2749,Li10GeP2S12,mp-696138,1.20E-02,,LISICON / Thio-LISICON,T2
ACS-2788,2788,Li10GeP2S12,mp-696138,2.20E-06,,LISICON / Thio-LISICON,T2
ACS-2888,2888,Li10GeP2S12,mp-696138,5.00E-07,,LISICON / Thio-LISICON,T2
ACS-3106,3106,Li10GeP2S12,mp-696138,1.00E-05,,LISICON / Thio-LISICON,T2
ACS-3201,3201,Li10GeP2S12,mp-696138,1.20E-05,,LISICON / Thio-LISICON,T2
ACS-3377,3377,Li10GeP2S12,mp-696138,1.20E-02,,LISICON / Thio-LISICON,T2
ACS-3438,3438,Li10GeP2S12,mp-696138,1.20E-05,,LISICON / Thio-LISICON,T2
ACS-3439,3439,Li10GeP2S12,mp-696138,2.00E-03,,LISICON / Thio-LISICON,T2
ACS-3504,3504,Li10GeP2S12,mp-696138,4.45E-07,,LISICON / Thio-LISICON,T2
ACS-3529,3529,Li10GeP2S12,mp-696138,9.32E-06,,LISICON / Thio-LISICON,T2
ACS-358,358,Li10GeP2S12,mp-696138,1.20E-05,,LISICON / Thio-LISICON,T2
ACS-3614,3614,Li10GeP2S12,mp-696138,1.00E-05,,LISICON / Thio-LISICON,T2
ACS-3628,3628,Li10GeP2S12,mp-696138,3.57E-06,,LISICON / Thio-LISICON,T2
ACS-368,368,Li10GeP2S12,mp-696138,1.00E-05,,LISICON / Thio-LISICON,T2
ACS-3698,3698,Li10GeP2S12,mp-696138,3.57E-06,,LISICON / Thio-LISICON,T2
ACS-3699,3699,Li10GeP2S12,mp-696138,1.00E-05,,LISICON / Thio-LISICON,T2
ACS-3750,3750,Li10GeP2S12,mp-696138,1.20E-05,,LISICON / Thio-LISICON,T2
ACS-3867,3867,Li10GeP2S12,mp-696138,1.20E-05,,LISICON / Thio-LISICON,T2
ACS-3882,3882,Li10GeP2S12,mp-696138,3.27E-06,,LISICON / Thio-LISICON,T2
ACS-527,527,Li10GeP2S12,mp-696138,2.20E-06,,LISICON / Thio-LISICON,T2
ACS-604,604,Li10GeP2S12,mp-696138,1.20E-05,,LISICON / Thio-LISICON,T2
ACS-630,630,Li10GeP2S12,mp-696138,1.00E-05,,LISICON / Thio-LISICON,T2
ACS-665,665,Li10GeP2S12,mp-696138,1.70E-02,,LISICON / Thio-LISICON,T2
ACS-687,687,Li10GeP2S12,mp-696138,1.00E-05,,LISICON / Thio-LISICON,T2
ACS-701,701,Li10GeP2S12,mp-696138,1.20E-05,,LISICON / Thio-LISICON,T2
ACS-711,711,Li10GeP2S12,mp-696138,1.00E-05,,LISICON / Thio-LISICON,T2
ACS-712,712,Li10GeP2S12,mp-696138,1.20E-02,,LISICON / Thio-LISICON,T2
ACS-718,718,Li10GeP2S12,mp-696138,1.00E-06,,LISICON / Thio-LISICON,T2
ACS-730,730,Li10GeP2S12,mp-696138,1.20E-05,,LISICON / Thio-LISICON,T2
ACS-754,754,Li10GeP2S12,mp-696138,1.20E-05,,LISICON / Thio-LISICON,T2
ACS-769,769,Li10GeP2S12,mp-696138,1.00E-05,,LISICON / Thio-LISICON,T2
ACS-803,803,Li10GeP2S12,mp-696138,1.20E-05,,LISICON / Thio-LISICON,T2
ACS-820,820,Li10GeP2S12,mp-696138,2.20E-06,,LISICON / Thio-LISICON,T2
ACS-939,939,Li10GeP2S12,mp-696138,1.00E-05,,LISICON / Thio-LISICON,T2
LIV-409,409,Li2CrTi(PO4)3,mp-705887,4.41E-07,25,NASICON(-like),T2
LIV-411,411,Li2FeZr(PO4)3,mp-706279,1.44E-07,25,NASICON(-like),T2
ACS-1209,1209,Li10SnP2S12,mp-721236,4.00E-06,,LISICON / Thio-LISICON,T2
ACS-1392,1392,Li10SnP2S12,mp-721236,1.20E-05,,LISICON / Thio-LISICON,T2
ACS-3364,3364,Li10SnP2S12,mp-721236,3.12E-07,,LISICON / Thio-LISICON,T2
ACS-1403,1403,Li3SbS4,mp-756316,1.50E-09,,LISICON / Thio-LISICON,T2
LIV-903,903,LiMgPO4,mp-9625,6.31E-12,25,Oxide frameworks (other),T2
LIV-908,908,LiMgPO4,mp-9625,4.68E-10,90,Oxide frameworks (other),T2
ACS-2298,2298,Na2B12H12,mp-978278,1.00E-04,,NASICON(-like),T2
ACS-2521,2521,Na2B12H12,mp-978278,1.00E-05,,NASICON(-like),T2
ACS-2670,2670,Na2B12H12,mp-978278,9.00E-04,,NASICON(-like),T2
ACS-3023,3023,Na2B12H12,mp-978278,1.00E-04,,NASICON(-like),T2
ACS-685,685,Na2B12H12,mp-978278,1.00E-04,,NASICON(-like),T2
LIV-582,582,Li6PS5I,mp-985582,6.30E-04,25,Argyrodite,T2
OBX-5wz,5wz,Li24.0P4.0S20.0I4.0,mp-985582,1.26E-06,,Argyrodite,T2
OBX-p9u,p9u,Li24.0P4.0S20.0I4.0,mp-985582,2.20E-04,,Argyrodite,T2
OBX-ywe,ywe,Li24.0P4.0S20.0I4.0,mp-985582,1.30E-06,,Argyrodite,T2
LIV-766,766,Li3PS4 ,mp-985583,1.58E-04,181,LISICON / Thio-LISICON,T2
LIV-792,792,Li3PS4,mp-985583,1.60E-04,25,LISICON / Thio-LISICON,T2
OBX-nhq,nhq,Li12.0P4.0S16.0,mp-985583,8.93E-07,,LISICON / Thio-LISICON,T2
LIV-667,667,Li3OCl,mp-985585,3.54E-03,253.44,Anti-perovskite,T2
LIV-670,670,Li3OCl,mp-985585,9.02E-04,150.88,Anti-perovskite,T2
LIV-671,671,Li3OCl,mp-985585,4.19E-04,90.16,Anti-perovskite,T2
LIV-672,672,Li3OCl,mp-985585,1.41E-04,30.51,Anti-perovskite,T2
LIV-561,561,Li6PS5Br,mp-985591,1.90E-04,25,Argyrodite,T2
LIV-755,755,Li6PS5Br,mp-985591,6.94E-04,25,Argyrodite,T2
OBX-6jf,6jf,Li24.0P4.0S20.0Br4.0,mp-985591,1.15E-03,,Argyrodite,T2
OBX-9zr,9zr,Li24.0P4.0S20.0Br4.0,mp-985591,7.01E-04,,Argyrodite,T2
OBX-nig,nig,Li24.0P4.0S20.0Br4.0,mp-985591,2.77E-03,,Argyrodite,T2
OBX-w87,w87,Li24.0P4.0S20.0Br4.0,mp-985591,3.20E-05,,Argyrodite,T2
LIV-497,497,Li6PS5Cl,mp-985592,2.14E-02,150.58,Argyrodite,T2
LIV-498,498,Li6PS5Cl,mp-985592,1.32E-03,50.47,Argyrodite,T2
LIV-499,499,Li6PS5Cl,mp-985592,5.37E-04,25.36,Argyrodite,T2
LIV-500,500,Li6PS5Cl,mp-985592,3.76E-04,18.82,Argyrodite,T2
OBX-122,122,Li24.0P4.0S20.0Cl4.0,mp-985592,2.05E-03,,Argyrodite,T2
OBX-97p,97p,Li24.0P4.0S20.0Cl4.0,mp-985592,3.30E-05,,Argyrodite,T2
OBX-tt3,tt3,Li24.0P4.0S20.0Cl4.0,mp-985592,1.30E-03,,Argyrodite,T2
OBX-elz,elz,Li6.0Y2.0Br12.0,mp-1147619,1.92E-03,,Halide,T3
ACS-3844,3844,NaCo2As3O10,mp-1194999,1.20E-08,,NASICON(-like),T3
ACS-3954,3954,Li4SnS4,mp-1195718,7.10E-08,,LISICON / Thio-LISICON,T3
ACS-876,876,Li4SnS4,mp-1195718,5.00E-03,,LISICON / Thio-LISICON,T3
ACS-2288,2288,Li4(BH4)(NH2)3,mp-1201205,2.00E-07,,Hydride,T3
ACS-944,944,Li4(BH4)(NH2)3,mp-1201205,1.00E-06,,Hydride,T3
LIV-765,765,Li2SiS3,mp-1210789,2.00E-06,25,LISICON / Thio-LISICON,T3
LIV-714,714,LiLa(TiO3)2,mp-1222315,1.00E-03,25,Perovskite,T3
ACS-1034,1034,LiBH4,mp-1222386,1.60E-06,,Hydride,T3
ACS-1218,1218,LiBH4,mp-1222386,2.00E-06,,Hydride,T3
ACS-1888,1888,LiBH4,mp-1222386,1.00E-06,,Hydride,T3
ACS-2263,2263,LiBH4,mp-1222386,8.00E-09,,Hydride,T3
ACS-2417,2417,LiBH4,mp-1222386,1.00E-06,,Hydride,T3
ACS-2545,2545,LiBH4,mp-1222386,1.00E-06,,Hydride,T3
ACS-2587,2587,LiBH4,mp-1222386,1.00E-08,,Hydride,T3
ACS-3247,3247,LiBH4,mp-1222386,1.60E-06,,Hydride,T3
ACS-3267,3267,LiBH4,mp-1222386,2.70E-07,,Hydride,T3
ACS-340,340,LiBH4,mp-1222386,1.00E-06,,Hydride,T3
ACS-349,349,LiBH4,mp-1222386,1.00E-07,,Hydride,T3
ACS-3495,3495,LiBH4,mp-1222386,1.00E-07,,Hydride,T3
ACS-3572,3572,LiBH4,mp-1222386,1.00E-06,,Hydride,T3
ACS-3785,3785,LiBH4,mp-1222386,1.00E-06,,Hydride,T3
ACS-3877,3877,LiBH4,mp-1222386,1.00E-07,,Hydride,T3
ACS-3982,3982,LiBH4,mp-1222386,1.00E-06,,Hydride,T3
ACS-575,575,LiBH4,mp-1222386,1.00E-10,,Hydride,T3
ACS-801,801,LiBH4,mp-1222386,1.00E-07,,Hydride,T3
ACS-910,910,LiBH4,mp-1222386,1.60E-06,,Hydride,T3
ACS-996,996,LiBH4,mp-1222386,1.00E-06,,Hydride,T3
OBX-c6h,c6h,Li16.0Fe8.0Ti8.0P24.0O96.0,mp-1222972,3.34E-07,,NASICON(-like),T3
OBX-dnt,dnt,Li16.0Cr8.0Ti8.0P24.0O96.0,mp-1223017,4.41E-07,,NASICON(-like),T3
OBX-472,472,Li28.0Nd10.0Si22.0N38.0O14.0F4.0,mp-1223420,1.70E-10,,Nitride & related,T3
LIV-2014,2014,LiGaSiO4,mp-18147,1.08E-11,25,Oxide frameworks (other),T3
LIV-525,525,LiGaSiO4,mp-18147,1.58E-06,564.29,Oxide frameworks (other),T3
LIV-528,528,LiGaSiO4,mp-18147,2.80E-07,475.75,Oxide frameworks (other),T3
LIV-532,532,LiGaSiO4,mp-18147,1.35E-08,341.15,Oxide frameworks (other),T3
LIV-533,533,LiGaSiO4,mp-18147,5.70E-09,312.92,Oxide frameworks (other),T3
ACS-2199,2199,LiAlSiO4,mp-18220,1.40E-08,,LISICON / Thio-LISICON,T3
ACS-3435,3435,LiAlSiO4,mp-18220,1.00E-08,,LISICON / Thio-LISICON,T3
LIV-711,711,LiAlSiO4,mp-18220,4.00E-03,500,NASICON(-like),T3
OBX-oi6,oi6,Li7.0Sb1.0O6.0,mp-37436,6.70E-08,,Oxide frameworks (other),T3
ACS-1682,1682,Li4P2S6,mp-38200,4.00E-07,,LISICON / Thio-LISICON,T3
ACS-2081,2081,Li4P2S6,mp-38200,6.00E-03,,LISICON / Thio-LISICON,T3
ACS-2622,2622,Li4P2S6,mp-38200,1.00E-09,,LISICON / Thio-LISICON,T3
ACS-2739,2739,Li4P2S6,mp-38200,1.10E-09,,LISICON / Thio-LISICON,T3
ACS-3772,3772,Li4P2S6,mp-38200,1.00E-07,,LISICON / Thio-LISICON,T3
ACS-3936,3936,Li4P2S6,mp-38200,7.00E-03,,LISICON / Thio-LISICON,T3
ACS-40,40,Li4P2S6,mp-38200,1.00E-09,,LISICON / Thio-LISICON,T3
OBX-jqc,jqc,Li7.0Bi1.0O6.0,mp-38487,1.58E-06,,Oxide frameworks (other),T3
LIV-555,555,Li4GeO4,mp-4558,1.30E-12,30,LISICON / Thio-LISICON,T3
LIV-705,705,Li4GeO4,mp-4558,3.10E-12,25,LISICON / Thio-LISICON,T3
OBX-68u,68u,Li40.0La24.0Nb16.0O96.0,mp-554747,8.00E-06,,Garnet,T3
ACS-1498,1498,Li2SrTa2O7,mp-558054,3.50E-09,,Perovskite,T3
ACS-1840,1840,Li2SrTa2O7,mp-558054,5.00E-10,,Perovskite,T3
ACS-1300,1300,NaCrO2,mp-578604,1.00E-04,,NASICON(-like),T3
ACS-1753,1753,NaCrO2,mp-578604,1.00E-08,,NASICON(-like),T3
ACS-2333,2333,Na0.92CrO2,mp-578604,1.00E-12,,NASICON(-like),T3
ACS-2451,2451,NaCrO2,mp-578604,4.70E-04,,NASICON(-like),T3
ACS-3973,3973,NaCrO2,mp-578604,1.00E-04,,NASICON(-like),T3
ACS-619,619,Na0.92CrO2,mp-578604,1.00E-12,,NASICON(-like),T3
OBX-de5,de5,Li6.0In2.0Cl12.0,mp-676109,2.04E-03,,Halide,T3
OBX-13q,13q,Li20.0Sn2.0P4.0S24.0,mp-696123,3.98E-03,,LGPS-type thiophosphates,T3
OBX-9lx,9lx,Li20.0Sn2.0P4.0S24.0,mp-696123,7.00E-03,,LGPS-type thiophosphates,T3
OBX-kko,kko,Li20.0Sn2.0P4.0S24.0,mp-696123,3.80E-03,,Unassigned,T3
OBX-1hh,1hh,Li20.0Ge2.0P4.0S24.0,mp-696128,1.20E-02,,LGPS-type thiophosphates,T3
OBX-52b,52b,Li20.1Ge2.1P3.9S24.0,mp-696128,1.22E-02,,LGPS-type thiophosphates,T3
OBX-j8q,j8q,Li20.0Ge2.0P4.0S24.0,mp-696128,1.21E-02,,LGPS-type thiophosphates,T3
OBX-mtn,mtn,Li20.0Ge2.0P4.0S24.0,mp-696128,2.46E-02,,LGPS-type thiophosphates,T3
OBX-nkr,nkr,Li20.0Ge2.0P4.0S24.0,mp-696128,1.43E-03,,LGPS-type thiophosphates,T3
OBX-zzr,zzr,Li20.0Ge2.0P4.0S24.0,mp-696128,7.60E-03,,Unassigned,T3
OBX-02p,02p,Li20.0Si2.0P4.0S24.0,mp-696129,2.30E-03,,LGPS-type thiophosphates,T3
OBX-vzu,vzu,Li16.0Fe8.0Zr8.0P24.0O96.0,mp-766132,1.44E-07,,NASICON(-like),T3
OBX-aui,aui,Li8.0Co4.0Ge12.0O32.0,mp-769597,1.00E-10,,Oxide frameworks (other),T3
OBX-dl7,dl7,Li8.0Mg4.0Ti12.0O32.0,mp-774752,1.00E-10,,Oxide frameworks (other),T3
OBX-ia5,ia5,Li2.0La2.0Nb4.0O14.0,mp-861268,1.00E-08,,Perovskite,T3
OBX-um1,um1,Li18.0Ga18.0Ge18.0O72.0,mp-8702,1.00E-10,,Oxide frameworks (other),T3
ACS-1098,1098,Li3PS4,mp-985583,5.00E-07,,LISICON / Thio-LISICON,T3
ACS-1882,1882,Li3PS4,mp-985583,2.70E-07,,LISICON / Thio-LISICON,T3
ACS-2302,2302,Li3PS4,mp-985583,4.03E-07,,LISICON / Thio-LISICON,T3
ACS-2621,2621,Li3PS4,mp-985583,2.45E-06,,LISICON / Thio-LISICON,T3
ACS-3744,3744,Li3PS4,mp-985583,6.30E-06,,LISICON / Thio-LISICON,T3
ACS-3756,3756,Li3PS4,mp-985583,2.00E-07,,LISICON / Thio-LISICON,T3
ACS-3832,3832,Li3PS4,mp-985583,1.20E-07,,LISICON / Thio-LISICON,T3
ACS-3849,3849,Li3PS4,mp-985583,2.00E-07,,LISICON / Thio-LISICON,T3
ACS-593,593,Li3PS4,mp-985583,2.00E-10,,LISICON / Thio-LISICON,T3
ACS-680,680,Li3PS4,mp-985583,2.30E-09,,LISICON / Thio-LISICON,T3
ACS-777,777,Li3PS4,mp-985583,2.51E-06,,LISICON / Thio-LISICON,T3
OBX-joc,joc,Li6.0P2.0S8.0,mp-985583,2.60E-07,,LISICON / Thio-LISICON,T3
ACS-1240,1240,Li3OCl,mp-985585,1.26E-10,,Halide,T3
ACS-1353,1353,Li3OCl,mp-985585,4.30E-08,,Halide,T3
ACS-1437,1437,Li3OCl,mp-985585,1.00E-06,,Halide,T3
ACS-154,154,Li3OCl,mp-985585,8.90E-09,,Halide,T3
ACS-1544,1544,Li3OCl,mp-985585,1.00E-05,,Halide,T3
ACS-2053,2053,Li3OCl,mp-985585,8.50E-07,,Halide,T3
ACS-2119,2119,Li3OCl,mp-985585,2.27E-07,,Halide,T3
ACS-2258,2258,Li3OCl,mp-985585,1.46E-07,,Halide,T3
ACS-2404,2404,Li3OCl,mp-985585,6.50E-08,,Halide,T3
ACS-3328,3328,Li3OCl,mp-985585,1.00E-09,,Halide,T3
ACS-3575,3575,Li3OCl,mp-985585,3.00E-03,,Halide,T3
ACS-3641,3641,Li3OCl,mp-985585,4.60E-08,,Halide,T3
ACS-644,644,Li3OCl,mp-985585,4.00E-03,,Halide,T3
ACS-785,785,Li3OCl,mp-985585,8.50E-07,,Halide,T3
ACS-933,933,Li3OCl,mp-985585,5.80E-10,,Halide,T3
ACS-1642,1642,Na3SbS4,mp-10167,2.00E-04,,NASICON(-like),T4
ACS-2084,2084,Na3SbS4,mp-10167,7.40E-07,,NASICON(-like),T4
ACS-2527,2527,Na3SbS4,mp-10167,1.60E-03,,NASICON(-like),T4
ACS-3037,3037,Na3SbS4,mp-10167,1.16E-06,,NASICON(-like),T4
ACS-3242,3242,Na3SbS4,mp-10167,2.00E-07,,NASICON(-like),T4
ACS-3304,3304,Na3SbS4,mp-10167,1.13E-03,,NASICON(-like),T4
ACS-3512,3512,Na3SbS4,mp-10167,9.70E-07,,NASICON(-like),T4
ACS-3931,3931,Na3SbS4,mp-10167,7.00E-04,,NASICON(-like),T4
ACS-78,78,Na3SbS4,mp-10167,2.52E-07,,NASICON(-like),T4
ACS-2736,2736,Cu2SnS3,mp-10519,3.43E-03,,Unassigned,T4
ACS-2456,2456,Na3PSe4,mp-1078419,7.40E-04,,NASICON(-like),T4
ACS-3163,3163,Na3PSe4,mp-1078419,4.00E-03,,NASICON(-like),T4
ACS-3866,3866,Na3PSe4,mp-1078419,1.10E-04,,NASICON(-like),T4
ACS-2261,2261,CuBO2,mp-1096940,2.80E-03,,Unassigned,T4
ACS-2190,2190,BaSnF4,mp-1103397,3.00E-03,,Unassigned,T4
ACS-3123,3123,Li2FeGeS4,mp-1105387,4.00E-03,,Unassigned,T4
ACS-1713,1713,Li2OHCl,mp-1120754,1.70E-07,,Unassigned,T4
ACS-1856,1856,Li2OHCl,mp-1120754,1.00E-07,,Unassigned,T4
ACS-110,110,Li2S,mp-1125,1.58E-08,,Unassigned,T4
ACS-1146,1146,Li2S,mp-1125,1.00E-16,,Unassigned,T4
ACS-1194,1194,Li2S,mp-1125,5.00E-33,,Unassigned,T4
ACS-1200,1200,Li2S,mp-1125,1.00E-14,,Unassigned,T4
ACS-135,135,Li2S,mp-1125,1.00E-17,,Unassigned,T4
ACS-1381,1381,Li2S,mp-1125,1.95E-10,,Unassigned,T4
ACS-1455,1455,Li2S,mp-1125,1.00E-06,,Unassigned,T4
ACS-147,147,Li2S,mp-1125,1.00E-09,,Unassigned,T4
ACS-1536,1536,Li2S,mp-1125,1.00E-07,,Unassigned,T4
ACS-1542,1542,Li2S,mp-1125,1.00E-16,,Unassigned,T4
ACS-1746,1746,Li2S,mp-1125,1.00E-11,,Unassigned,T4
ACS-1766,1766,Li2S,mp-1125,3.90E-07,,Unassigned,T4
ACS-189,189,Li2S,mp-1125,1.00E-33,,Unassigned,T4
ACS-1956,1956,Li2S,mp-1125,1.00E-07,,Unassigned,T4
ACS-2045,2045,Li2S,mp-1125,5.00E-33,,Unassigned,T4
ACS-2051,2051,Li2S,mp-1125,3.60E-10,,Unassigned,T4
ACS-2134,2134,Li2S,mp-1125,1.00E-10,,Unassigned,T4
ACS-2163,2163,Li2S,mp-1125,1.00E-33,,Unassigned,T4
ACS-2186,2186,Li2S,mp-1125,1.00E-07,,Unassigned,T4
ACS-2281,2281,Li2S,mp-1125,1.00E-33,,Unassigned,T4
ACS-2316,2316,Li2S,mp-1125,5.00E-33,,Unassigned,T4
ACS-2487,2487,Li2S,mp-1125,4.00E-03,,Unassigned,T4
ACS-2533,2533,Li2S,mp-1125,5.00E-33,,Unassigned,T4
ACS-2575,2575,Li2S,mp-1125,1.00E-10,,Unassigned,T4
ACS-2604,2604,Li2S,mp-1125,1.00E-35,,Unassigned,T4
ACS-2676,2676,Li2S,mp-1125,1.00E-10,,Unassigned,T4
ACS-2698,2698,Li2S,mp-1125,1.00E-17,,Unassigned,T4
ACS-2746,2746,Li2S,mp-1125,5.00E-03,,Unassigned,T4
ACS-2780,2780,Li2S,mp-1125,1.00E-35,,Unassigned,T4
ACS-2784,2784,Li2S,mp-1125,1.00E-33,,Unassigned,T4
ACS-293,293,Li2S,mp-1125,1.00E-33,,Unassigned,T4
ACS-2957,2957,Li2S,mp-1125,1.00E-16,,Unassigned,T4
ACS-3071,3071,Li2S,mp-1125,1.20E-05,,Unassigned,T4
ACS-3110,3110,Li2S,mp-1125,6.00E-03,,Unassigned,T4
ACS-3138,3138,Li2S,mp-1125,1.60E-07,,Unassigned,T4
ACS-3142,3142,Li2S,mp-1125,1.00E-09,,Unassigned,T4
ACS-3533,3533,Li2S,mp-1125,1.00E-33,,Unassigned,T4
ACS-3592,3592,Li2S,mp-1125,5.00E-33,,Unassigned,T4
ACS-3751,3751,Li2S,mp-1125,9.21E-12,,Unassigned,T4
ACS-3802,3802,Li2S,mp-1125,2.20E-06,,Unassigned,T4
ACS-3831,3831,Li2S,mp-1125,7.20E-07,,Unassigned,T4
ACS-3942,3942,Li2S,mp-1125,1.00E-06,,Unassigned,T4
ACS-3990,3990,Li2S,mp-1125,2.10E-07,,Unassigned,T4
ACS-4025,4025,Li2S,mp-1125,1.00E-07,,Unassigned,T4
ACS-410,410,Li2S,mp-1125,1.00E-33,,Unassigned,T4
ACS-483,483,Li2S,mp-1125,1.00E-16,,Unassigned,T4
ACS-485,485,Li2S,mp-1125,6.00E-03,,Unassigned,T4
ACS-594,594,Li2S,mp-1125,5.00E-33,,Unassigned,T4
ACS-618,618,Li2S,mp-1125,3.10E-07,,Unassigned,T4
ACS-702,702,Li2S,mp-1125,3.00E+00,,Unassigned,T4
ACS-749,749,Li2S,mp-1125,5.00E-33,,Unassigned,T4
ACS-812,812,Li2S,mp-1125,5.00E-33,,Unassigned,T4
ACS-815,815,Li2S,mp-1125,1.00E-06,,Unassigned,T4
ACS-952,952,Li2S,mp-1125,1.00E-10,,Unassigned,T4
ACS-96,96,Li2S,mp-1125,5.00E-11,,Unassigned,T4
ACS-987,987,Li2S,mp-1125,1.26E-09,,Unassigned,T4
ACS-1272,1272,Al2O3,mp-1143,2.49E-08,,Unassigned,T4
ACS-1410,1410,Al2O3,mp-1143,8.00E-06,,Unassigned,T4
ACS-1462,1462,Al2O3,mp-1143,1.00E-06,,Unassigned,T4
ACS-1762,1762,Al2O3,mp-1143,6.48E-09,,Unassigned,T4
ACS-1976,1976,Al2O3,mp-1143,5.00E-08,,Unassigned,T4
ACS-1987,1987,Al2O3,mp-1143,1.00E-10,,Unassigned,T4
ACS-2013,2013,Al2O3,mp-1143,2.38E-08,,Unassigned,T4
ACS-2146,2146,Al2O3,mp-1143,1.64E-03,,Unassigned,T4
ACS-2156,2156,Al2O3,mp-1143,4.00E-06,,Unassigned,T4
ACS-2194,2194,Al2O3,mp-1143,7.00E-04,,Unassigned,T4
ACS-2269,2269,Al2O3,mp-1143,8.55E-04,,Unassigned,T4
ACS-2361,2361,Al2O3,mp-1143,7.80E-04,,Unassigned,T4
ACS-2365,2365,Al2O3,mp-1143,2.10E-05,,Unassigned,T4
ACS-2501,2501,Al2O3,mp-1143,2.50E-08,,Unassigned,T4
ACS-2565,2565,Al2O3,mp-1143,1.53E-06,,Unassigned,T4
ACS-2785,2785,Al2O3,mp-1143,1.06E-03,,Unassigned,T4
ACS-2970,2970,Al2O3,mp-1143,2.70E-08,,Unassigned,T4
ACS-3045,3045,Al2O3,mp-1143,1.28E-03,,Unassigned,T4
ACS-3208,3208,Al2O3,mp-1143,1.20E-03,,Unassigned,T4
ACS-3227,3227,Al2O3,mp-1143,7.10E-06,,Unassigned,T4
ACS-3357,3357,Al2O3,mp-1143,6.00E-09,,Unassigned,T4
ACS-3431,3431,Al2O3,mp-1143,1.34E-03,,Unassigned,T4
ACS-3657,3657,Al2O3,mp-1143,3.90E-07,,Unassigned,T4
ACS-3798,3798,Al2O3,mp-1143,9.33E-07,,Unassigned,T4
ACS-3818,3818,Al2O3,mp-1143,6.61E-04,,Unassigned,T4
ACS-3876,3876,Al2O3,mp-1143,1.00E-08,,Unassigned,T4
ACS-3879,3879,Al2O3,mp-1143,2.00E-06,,Unassigned,T4
ACS-3948,3948,Al2O3,mp-1143,3.34E-05,,Unassigned,T4
ACS-398,398,Al2O3,mp-1143,2.38E-08,,Unassigned,T4
ACS-4010,4010,Al2O3,mp-1143,1.06E-03,,Unassigned,T4
ACS-432,432,Al2O3,mp-1143,5.00E-03,,Unassigned,T4
ACS-454,454,Al2O3,mp-1143,3.00E-03,,Unassigned,T4
ACS-494,494,Al2O3,mp-1143,1.00E-06,,Unassigned,T4
ACS-509,509,Al2O3,mp-1143,1.00E-06,,Unassigned,T4
ACS-627,627,Al2O3,mp-1143,5.00E-03,,Unassigned,T4
ACS-8,8,Al2O3,mp-1143,4.24E-07,,Unassigned,T4
ACS-80,80,Al2O3,mp-1143,1.20E-03,,Unassigned,T4
ACS-810,810,Al2O3,mp-1143,3.45E-03,,Unassigned,T4
ACS-904,904,Al2O3,mp-1143,1.15E-07,,Unassigned,T4
ACS-992,992,Al2O3,mp-1143,7.80E-04,,Unassigned,T4
ACS-1035,1035,SnS2,mp-1170,2.51E-03,,Unassigned,T4
ACS-2060,2060,SnS2,mp-1170,3.09E-10,,Unassigned,T4
ACS-2315,2315,SnS2,mp-1170,1.00E-05,,Unassigned,T4
ACS-2717,2717,SnS2,mp-1170,2.76E-05,,Unassigned,T4
ACS-2937,2937,SnS2,mp-1170,3.45E-04,,Unassigned,T4
ACS-3434,3434,SnS2,mp-1170,1.00E-05,,Unassigned,T4
ACS-3884,3884,SnS2,mp-1170,2.51E-03,,Unassigned,T4
ACS-864,864,SnS2,mp-1170,1.00E-17,,Unassigned,T4
ACS-1120,1120,Li4SiO4,mp-11737,1.00E-06,,Unassigned,T4
ACS-1499,1499,Li4SiO4,mp-11737,2.00E-08,,Unassigned,T4
ACS-1503,1503,Li4SiO4,mp-11737,1.20E-11,,Unassigned,T4
ACS-1655,1655,Li4SiO4,mp-11737,5.00E-07,,Unassigned,T4
ACS-2059,2059,Li4SiO4,mp-11737,1.20E-10,,Unassigned,T4
ACS-3686,3686,Li4SiO4,mp-11737,3.70E-07,,Unassigned,T4
ACS-3835,3835,Li4SiO4,mp-11737,1.50E-06,,Unassigned,T4
ACS-3975,3975,Li4SiO4,mp-11737,1.00E-13,,Unassigned,T4
LIV-577,577,Li4SiO4,mp-11737,8.36E-06,228.21,Other,T4
LIV-579,579,Li4SiO4,mp-11737,1.35E-06,176.36,Other,T4
LIV-580,580,Li4SiO4,mp-11737,3.11E-08,100.52,Other,T4
LIV-581,581,Li4SiO4,mp-11737,5.66E-09,75.02,Other,T4
ACS-1516,1516,Li2(BH4)(NH2),mp-1180702,2.00E-07,,Hydride,T4
ACS-2240,2240,(FSO2)2N,mp-1188569,1.00E-06,,Unassigned,T4
LIV-791,791,Li2SnS3,mp-1190364,1.36E-05,25,Halide,T4
ACS-1058,1058,Mg(ClO4)2,mp-1191657,1.00E-08,,Unassigned,T4
ACS-1059,1059,Mg(ClO4)2,mp-1191657,1.00E-07,,Unassigned,T4
ACS-1065,1065,Mg(ClO4)2,mp-1191657,5.00E-07,,Unassigned,T4
ACS-1241,1241,Mg(ClO4)2,mp-1191657,2.00E-06,,Unassigned,T4
ACS-1430,1430,Mg(ClO4)2,mp-1191657,1.00E-06,,Unassigned,T4
ACS-1474,1474,Mg(ClO4)2,mp-1191657,2.05E-06,,Unassigned,T4
ACS-1487,1487,Mg(ClO4)2,mp-1191657,4.05E-07,,Unassigned,T4
ACS-1631,1631,Mg(ClO4)2,mp-1191657,2.75E-01,,Unassigned,T4
ACS-2015,2015,Mg(ClO4)2,mp-1191657,3.67E+00,,Unassigned,T4
ACS-2132,2132,Mg(ClO4)2,mp-1191657,2.16E+00,,Unassigned,T4
ACS-2201,2201,Mg(ClO4)2,mp-1191657,2.00E-06,,Unassigned,T4
ACS-2689,2689,Mg(ClO4)2,mp-1191657,4.00E-03,,Unassigned,T4
ACS-3102,3102,Mg(ClO4)2,mp-1191657,1.00E-08,,Unassigned,T4
ACS-3368,3368,Mg(ClO4)2,mp-1191657,2.05E-06,,Unassigned,T4
ACS-4019,4019,Mg(ClO4)2,mp-1191657,3.10E-12,,Unassigned,T4
ACS-104,104,LiCr(MoO4)2,mp-1191696,8.70E-08,,Unassigned,T4
ACS-2461,2461,LiCr(MoO4)2,mp-1191696,1.00E-14,,Unassigned,T4
ACS-883,883,KFeSO4F,mp-1194644,8.00E-17,,Unassigned,T4
LIV-776,776,Li7La3Hf2O12,mp-1198622,9.73E-07,27,Garnet,T4
OBX-32j,32j,Li56.0La24.0Hf16.0O96.0,mp-1198622,2.40E-04,,Garnet,T4
ACS-1255,1255,Li2B12H12,mp-1198726,2.00E-07,,Unassigned,T4
ACS-2022,2022,Li2B12H12,mp-1198726,7.90E-04,,Unassigned,T4
ACS-2858,2858,Li2B12H12,mp-1198726,1.00E-09,,Unassigned,T4
ACS-2979,2979,Li2B12H12,mp-1198726,3.10E-04,,Unassigned,T4
ACS-306,306,Li2B12H12,mp-1198726,1.00E-10,,Unassigned,T4
ACS-912,912,Li7La3Sn2O12,mp-1200057,1.00E-11,,Garnet,T4
LIV-798,798,Li7La3Sn2O12,mp-1200057,2.88E-08,85,Garnet,T4
LIV-718,718,Li4BN3H10,mp-1201205,2.00E-04,25,Other,T4
ACS-2993,2993,Li9Mg3[PO4]4F3,mp-1203004,1.00E-07,,NASICON(-like),T4
ACS-2183,2183,Cu2S,mp-12087,9.50E-06,,Unassigned,T4
ACS-223,223,Cu2S,mp-12087,4.00E-03,,Unassigned,T4
ACS-736,736,Cu2S,mp-12087,1.00E-06,,Unassigned,T4
ACS-2057,2057,SrBi4Ti4O15,mp-1217847,7.20E-09,,Unassigned,T4
ACS-249,249,La8Sr2(SiO4)6O2,mp-1218249,5.60E-10,,Unassigned,T4
ACS-1116,1116,Ti4O7,mp-12205,3.00E-04,,Unassigned,T4
LIV-730,730,Li4B7O12Cl,mp-1222565,1.00E-07,25,Other,T4
OBX-6l9,6l9,Li32.0B56.0O96.0Cl8.0,mp-1222565,2.00E-06,,Oxide frameworks (other),T4
LIV-837,837,Li2MgZrO4,mp-1222626,1.00E-08,140,Halide,T4
LIV-2024,2024,Li3Fe(MoO4)3,mp-1222986,5.89E-10,25,Oxide frameworks (other),T4
LIV-693,693,Li3Fe(MoO4)3,mp-1222986,1.40E-03,600,Oxide frameworks (other),T4
LIV-695,695,Li3Fe(MoO4)3,mp-1222986,6.60E-07,300,Oxide frameworks (other),T4
OBX-mfu,mfu,Li12.0Fe4.0Mo12.0O48.0,mp-1222986,5.89E-10,,Oxide frameworks (other),T4
OBX-tvf,tvf,Li12.0N8.0H16.0I4.0,mp-1223173,1.00E-05,,Hydride,T4
ACS-1024,1024,LiBF4,mp-12403,5.90E+00,,Unassigned,T4
ACS-1051,1051,LiBF4,mp-12403,1.00E-08,,Unassigned,T4
ACS-1132,1132,LiBF4,mp-12403,9.50E-03,,Unassigned,T4
ACS-1140,1140,LiBF4,mp-12403,5.20E-04,,Unassigned,T4
ACS-1161,1161,LiBF4,mp-12403,1.00E-07,,Unassigned,T4
ACS-1196,1196,LiBF4,mp-12403,5.20E-04,,Unassigned,T4
ACS-1198,1198,LiBF4,mp-12403,8.60E-09,,Unassigned,T4
ACS-1258,1258,LiBF4,mp-12403,8.90E-09,,Unassigned,T4
ACS-1334,1334,LiBF4,mp-12403,1.07E-02,,Unassigned,T4
ACS-1355,1355,LiBF4,mp-12403,1.00E-09,,Unassigned,T4
ACS-1435,1435,LiBF4,mp-12403,2.37E+00,,Unassigned,T4
ACS-1445,1445,LiBF4,mp-12403,5.20E-04,,Unassigned,T4
ACS-1533,1533,LiBF4,mp-12403,1.00E-06,,Unassigned,T4
ACS-1554,1554,LiBF4,mp-12403,5.20E-04,,Unassigned,T4
ACS-1575,1575,LiBF4,mp-12403,6.20E-08,,Unassigned,T4
ACS-1603,1603,LiBF4,mp-12403,1.00E-06,,Unassigned,T4
ACS-1727,1727,LiBF4,mp-12403,1.00E-06,,Unassigned,T4
ACS-1786,1786,LiBF4,mp-12403,2.20E-06,,Unassigned,T4
ACS-1794,1794,LiBF4,mp-12403,4.59E+00,,Unassigned,T4
ACS-1803,1803,LiBF4,mp-12403,5.00E-07,,Unassigned,T4
ACS-1816,1816,LiBF4,mp-12403,7.55E-03,,Unassigned,T4
ACS-2016,2016,LiBF4,mp-12403,1.00E-06,,Unassigned,T4
ACS-2118,2118,LiBF4,mp-12403,5.20E-04,,Unassigned,T4
ACS-218,218,LiBF4,mp-12403,3.10E-08,,Unassigned,T4
ACS-2610,2610,LiBF4,mp-12403,1.57E-06,,Unassigned,T4
ACS-2769,2769,LiBF4,mp-12403,5.20E-04,,Unassigned,T4
ACS-2835,2835,LiBF4,mp-12403,3.00E-03,,Unassigned,T4
ACS-2845,2845,LiBF4,mp-12403,1.00E-07,,Unassigned,T4
ACS-290,290,LiBF4,mp-12403,6.30E-07,,Unassigned,T4
ACS-2947,2947,LiBF4,mp-12403,2.24E-06,,Unassigned,T4
ACS-3018,3018,LiBF4,mp-12403,2.24E-06,,Unassigned,T4
ACS-3204,3204,LiBF4,mp-12403,3.90E-03,,Unassigned,T4
ACS-3224,3224,LiBF4,mp-12403,1.00E-12,,Unassigned,T4
ACS-3246,3246,LiBF4,mp-12403,1.00E-09,,Unassigned,T4
ACS-3264,3264,LiBF4,mp-12403,1.00E-07,,Unassigned,T4
ACS-3297,3297,LiBF4,mp-12403,4.90E-03,,Unassigned,T4
ACS-3344,3344,LiBF4,mp-12403,3.40E-05,,Unassigned,T4
ACS-3582,3582,LiBF4,mp-12403,2.48E-08,,Unassigned,T4
ACS-3596,3596,LiBF4,mp-12403,4.90E-03,,Unassigned,T4
ACS-3618,3618,LiBF4,mp-12403,1.27E-08,,Unassigned,T4
ACS-3769,3769,LiBF4,mp-12403,5.20E-04,,Unassigned,T4
ACS-3799,3799,LiBF4,mp-12403,5.20E-04,,Unassigned,T4
ACS-3813,3813,LiBF4,mp-12403,5.20E-04,,Unassigned,T4
ACS-384,384,LiBF4,mp-12403,5.20E-04,,Unassigned,T4
ACS-395,395,LiBF4,mp-12403,1.00E-03,,Unassigned,T4
ACS-465,465,LiBF4,mp-12403,1.29E-06,,Unassigned,T4
ACS-477,477,LiBF4,mp-12403,1.00E-08,,Unassigned,T4
ACS-73,73,LiBF4,mp-12403,9.60E-04,,Unassigned,T4
ACS-741,741,LiBF4,mp-12403,2.50E-03,,Unassigned,T4
ACS-830,830,LiBF4,mp-12403,7.50E-08,,Unassigned,T4
ACS-875,875,LiBF4,mp-12403,3.20E-06,,Unassigned,T4
ACS-91,91,LiBF4,mp-12403,1.00E-06,,Unassigned,T4
ACS-1238,1238,Co2P,mp-13446,1.00E-04,,Unassigned,T4
ACS-165,165,Co2P,mp-13446,1.00E-12,,Unassigned,T4
ACS-1712,1712,Co2P,mp-13446,1.00E-09,,Unassigned,T4
ACS-2181,2181,Co2P,mp-13446,1.00E-07,,Unassigned,T4
ACS-304,304,Co2P,mp-13446,1.00E-11,,Unassigned,T4
ACS-4029,4029,Co2P,mp-13446,1.00E-04,,Unassigned,T4
ACS-68,68,Co2P,mp-13446,1.00E-07,,Unassigned,T4
ACS-1020,1020,MoS2,mp-1434,1.00E-13,,Unassigned,T4
ACS-1137,1137,MoS2,mp-1434,9.80E-03,,Unassigned,T4
ACS-1177,1177,MoS2,mp-1434,1.24E-02,,Unassigned,T4
ACS-1337,1337,MoS2,mp-1434,3.20E-06,,Unassigned,T4
ACS-1739,1739,MoS2,mp-1434,1.00E-07,,Unassigned,T4
ACS-2192,2192,MoS2,mp-1434,1.82E-05,,Unassigned,T4
ACS-2428,2428,MoS2,mp-1434,1.00E-13,,Unassigned,T4
ACS-2479,2479,MoS2,mp-1434,3.54E-02,,Unassigned,T4
ACS-2557,2557,MoS2,mp-1434,1.00E-04,,Unassigned,T4
ACS-2612,2612,MoS2,mp-1434,1.82E-05,,Unassigned,T4
ACS-2675,2675,MoS2,mp-1434,1.00E-02,,Unassigned,T4
ACS-2759,2759,MoS2,mp-1434,2.20E-05,,Unassigned,T4
ACS-3090,3090,MoS2,mp-1434,1.00E-13,,Unassigned,T4
ACS-3180,3180,MoS2,mp-1434,1.00E-13,,Unassigned,T4
ACS-3741,3741,MoS2,mp-1434,4.60E-04,,Unassigned,T4
ACS-3850,3850,MoS2,mp-1434,3.30E-10,,Unassigned,T4
ACS-3872,3872,MoS2,mp-1434,4.00E-06,,Unassigned,T4
ACS-443,443,MoS2,mp-1434,1.40E-03,,Unassigned,T4
ACS-501,501,MoS2,mp-1434,2.50E-06,,Unassigned,T4
ACS-558,558,MoS2,mp-1434,2.10E-09,,Unassigned,T4
ACS-577,577,MoS2,mp-1434,1.31E-02,,Unassigned,T4
ACS-958,958,MoS2,mp-1434,6.60E-06,,Unassigned,T4
ACS-1089,1089,Fe2O3,mp-1456,1.90E-07,,Unassigned,T4
ACS-1228,1228,Fe2O3,mp-1456,1.00E-08,,Unassigned,T4
ACS-2876,2876,Fe2O3,mp-1456,1.00E-13,,Unassigned,T4
ACS-3444,3444,Fe2O3,mp-1456,1.90E-07,,Unassigned,T4
ACS-4007,4007,Fe2O3,mp-1456,1.00E-13,,Unassigned,T4
ACS-3888,3888,MoSe2,mp-1634,1.00E-05,,Unassigned,T4
ACS-1205,1205,Fe3O4,mp-18731,6.00E-03,,Unassigned,T4
ACS-1320,1320,Fe3O4,mp-18731,8.32E-05,,Unassigned,T4
ACS-229,229,Fe3O4,mp-18731,2.21E-05,,Unassigned,T4
ACS-239,239,Fe3O4,mp-18731,8.03E-12,,Unassigned,T4
ACS-2523,2523,Fe3O4,mp-18731,3.48E-03,,Unassigned,T4
ACS-2856,2856,Fe3O4,mp-18731,8.03E-12,,Unassigned,T4
ACS-3039,3039,Fe3O4,mp-18731,1.00E-05,,Unassigned,T4
ACS-3278,3278,Fe3O4,mp-18731,8.32E-05,,Unassigned,T4
ACS-3315,3315,Fe3O4,mp-18731,3.00E-05,,Unassigned,T4
ACS-3339,3339,Fe3O4,mp-18731,1.02E-01,,Unassigned,T4
ACS-3561,3561,Fe3O4,mp-18731,2.24E-04,,Unassigned,T4
ACS-725,725,Fe3O4,mp-18731,5.00E-02,,Unassigned,T4
ACS-993,993,Fe3O4,mp-18731,8.03E-12,,Unassigned,T4
ACS-1105,1105,Co3O4,mp-18748,5.00E-03,,Unassigned,T4
ACS-1191,1191,Co3O4,mp-18748,8.27E-07,,Unassigned,T4
ACS-1389,1389,Co3O4,mp-18748,3.00E-04,,Unassigned,T4
ACS-1440,1440,Co3O4,mp-18748,1.00E-07,,Unassigned,T4
ACS-2042,2042,Co3O4,mp-18748,3.10E-08,,Unassigned,T4
ACS-2168,2168,Co3O4,mp-18748,8.00E-05,,Unassigned,T4
ACS-2407,2407,Co3O4,mp-18748,1.00E-09,,Unassigned,T4
ACS-2443,2443,Co3O4,mp-18748,5.53E-08,,Unassigned,T4
ACS-2703,2703,Co3O4,mp-18748,3.10E-08,,Unassigned,T4
ACS-275,275,Co3O4,mp-18748,1.00E-08,,Unassigned,T4
ACS-2800,2800,Co3O4,mp-18748,1.00E-16,,Unassigned,T4
ACS-2818,2818,Co3O4,mp-18748,5.53E-08,,Unassigned,T4
ACS-2926,2926,Co3O4,mp-18748,5.53E-08,,Unassigned,T4
ACS-3080,3080,Co3O4,mp-18748,3.10E-08,,Unassigned,T4
ACS-3309,3309,Co3O4,mp-18748,3.00E-04,,Unassigned,T4
ACS-3558,3558,Co3O4,mp-18748,1.00E-08,,Unassigned,T4
ACS-359,359,Co3O4,mp-18748,3.00E-04,,Unassigned,T4
ACS-367,367,Co3O4,mp-18748,3.00E-04,,Unassigned,T4
ACS-516,516,Co3O4,mp-18748,1.00E-07,,Unassigned,T4
ACS-657,657,Co3O4,mp-18748,1.00E-05,,Unassigned,T4
ACS-660,660,Co3O4,mp-18748,9.56E-07,,Unassigned,T4
ACS-678,678,Co3O4,mp-18748,5.53E-08,,Unassigned,T4
ACS-1315,1315,ZnMn2O4,mp-18751,5.75E-14,,Unassigned,T4
ACS-2264,2264,ZnMn2O4,mp-18751,1.00E-10,,Unassigned,T4
ACS-2776,2776,ZnMn2O4,mp-18751,6.40E-10,,Unassigned,T4
ACS-821,821,ZnMn2O4,mp-18751,8.55E-11,,Unassigned,T4
ACS-1233,1233,Mn3O4,mp-18759,6.92E-02,,Unassigned,T4
ACS-1580,1580,Mn3O4,mp-18759,1.00E-11,,Unassigned,T4
ACS-1993,1993,Mn3O4,mp-18759,1.00E-07,,Unassigned,T4
ACS-2014,2014,Mn3O4,mp-18759,1.00E-11,,Unassigned,T4
ACS-2141,2141,Mn3O4,mp-18759,1.00E-11,,Unassigned,T4
ACS-2230,2230,Mn3O4,mp-18759,1.00E-10,,Unassigned,T4
ACS-2363,2363,Mn3O4,mp-18759,1.00E-11,,Unassigned,T4
ACS-2371,2371,Mn3O4,mp-18759,1.00E-11,,Unassigned,T4
ACS-2594,2594,Mn3O4,mp-18759,1.00E-09,,Unassigned,T4
ACS-2681,2681,Mn3O4,mp-18759,1.00E-06,,Unassigned,T4
ACS-3491,3491,Mn3O4,mp-18759,1.00E-11,,Unassigned,T4
ACS-3552,3552,Mn3O4,mp-18759,1.00E-11,,Unassigned,T4
ACS-3702,3702,Mn3O4,mp-18759,1.00E-11,,Unassigned,T4
ACS-3707,3707,Mn3O4,mp-18759,1.00E-11,,Unassigned,T4
ACS-3731,3731,Mn3O4,mp-18759,1.00E-11,,Unassigned,T4
ACS-3739,3739,Mn3O4,mp-18759,1.00E-11,,Unassigned,T4
ACS-3845,3845,Mn3O4,mp-18759,1.00E-11,,Unassigned,T4
ACS-3856,3856,Mn3O4,mp-18759,1.00E-11,,Unassigned,T4
ACS-3900,3900,Mn3O4,mp-18759,1.00E-11,,Unassigned,T4
ACS-557,557,Mn3O4,mp-18759,1.00E-11,,Unassigned,T4
ACS-697,697,Mn3O4,mp-18759,2.00E-10,,Unassigned,T4
ACS-774,774,Mn3O4,mp-18759,1.00E-09,,Unassigned,T4
ACS-960,960,Mn3O4,mp-18759,1.00E-11,,Unassigned,T4
ACS-1189,1189,MoO3,mp-18856,1.00E-05,,Unassigned,T4
ACS-1800,1800,MoO3,mp-18856,2.41E-11,,Unassigned,T4
ACS-233,233,MoO3,mp-18856,1.00E-07,,Unassigned,T4
ACS-253,253,MoO3,mp-18856,2.62E-09,,Unassigned,T4
ACS-2685,2685,MoO3,mp-18856,2.41E-11,,Unassigned,T4
ACS-2686,2686,MoO3,mp-18856,1.10E-02,,Unassigned,T4
ACS-3168,3168,MoO3,mp-18856,1.00E-11,,Unassigned,T4
ACS-3271,3271,MoO3,mp-18856,1.00E-13,,Unassigned,T4
ACS-345,345,MoO3,mp-18856,2.62E-09,,Unassigned,T4
ACS-3986,3986,MoO3,mp-18856,2.41E-11,,Unassigned,T4
ACS-4001,4001,MoO3,mp-18856,1.00E-07,,Unassigned,T4
ACS-408,408,MoO3,mp-18856,3.20E-05,,Unassigned,T4
ACS-522,522,MoO3,mp-18856,6.00E-05,,Unassigned,T4
ACS-549,549,MoO3,mp-18856,1.00E-06,,Unassigned,T4
ACS-900,900,MoO3,mp-18856,2.62E-09,,Unassigned,T4
ACS-1027,1027,LiCoPO4,mp-18915,1.00E-13,,Unassigned,T4
ACS-1197,1197,LiCoPO4,mp-18915,1.00E-06,,Unassigned,T4
ACS-1688,1688,LiCoPO4,mp-18915,1.00E-12,,Unassigned,T4
ACS-1885,1885,LiCoPO4,mp-18915,1.00E-12,,Unassigned,T4
ACS-2028,2028,LiCoPO4,mp-18915,1.00E-11,,Unassigned,T4
ACS-2099,2099,LiCoPO4,mp-18915,2.00E-03,,Unassigned,T4
ACS-2114,2114,LiCoPO4,mp-18915,1.00E-12,,Unassigned,T4
ACS-2257,2257,LiCoPO4,mp-18915,1.00E-12,,Unassigned,T4
ACS-3171,3171,LiCoPO4,mp-18915,2.02E-11,,Unassigned,T4
ACS-332,332,LiCoPO4,mp-18915,1.00E-12,,Unassigned,T4
ACS-3322,3322,LiCoPO4,mp-18915,1.00E-13,,Unassigned,T4
ACS-1017,1017,LiFePO4,mp-18951,6.50E-07,,Unassigned,T4
ACS-1023,1023,LiFePO4,mp-18951,9.00E-03,,Unassigned,T4
ACS-1028,1028,LiFePO4,mp-18951,1.05E-05,,Unassigned,T4
ACS-1038,1038,LiFePO4,mp-18951,1.00E-13,,Unassigned,T4
ACS-1050,1050,LiFePO4,mp-18951,1.00E-08,,Unassigned,T4
ACS-1056,1056,LiFePO4,mp-18951,1.00E-04,,Unassigned,T4
ACS-1060,1060,LiFePO4,mp-18951,1.00E-03,,Unassigned,T4
ACS-1076,1076,LiFePO4,mp-18951,5.44E-09,,Unassigned,T4
ACS-109,109,LiFePO4,mp-18951,1.70E-11,,Unassigned,T4
ACS-1095,1095,LiFePO4,mp-18951,1.00E-04,,Unassigned,T4
ACS-1101,1101,LiFePO4,mp-18951,1.20E-04,,Unassigned,T4
ACS-1108,1108,LiFePO4,mp-18951,1.49E-12,,Unassigned,T4
ACS-1141,1141,LiFePO4,mp-18951,1.00E-13,,Unassigned,T4
ACS-120,120,LiFePO4,mp-18951,3.90E-10,,Unassigned,T4
ACS-1221,1221,LiFePO4,mp-18951,4.00E-06,,Unassigned,T4
ACS-1285,1285,LiFePO4,mp-18951,1.00E-13,,Unassigned,T4
ACS-1293,1293,LiFePO4,mp-18951,9.00E-03,,Unassigned,T4
ACS-1318,1318,LiFePO4,mp-18951,1.00E-05,,Unassigned,T4
ACS-1323,1323,LiFePO4,mp-18951,9.00E-06,,Unassigned,T4
ACS-1324,1324,LiFePO4,mp-18951,1.00E-13,,Unassigned,T4
ACS-1340,1340,LiFePO4,mp-18951,1.00E-13,,Unassigned,T4
ACS-1343,1343,LiFePO4,mp-18951,5.32E-06,,Unassigned,T4
ACS-1361,1361,LiFePO4,mp-18951,1.00E-12,,Unassigned,T4
ACS-1375,1375,LiFePO4,mp-18951,4.80E-05,,Unassigned,T4
ACS-1382,1382,LiFePO4,mp-18951,1.00E-13,,Unassigned,T4
ACS-1391,1391,LiFePO4,mp-18951,1.08E-13,,Unassigned,T4
ACS-1398,1398,LiFePO4,mp-18951,1.00E-13,,Unassigned,T4
ACS-1407,1407,LiFePO4,mp-18951,1.00E-08,,Unassigned,T4
ACS-141,141,LiFePO4,mp-18951,1.00E-13,,Unassigned,T4
ACS-1417,1417,LiFePO4,mp-18951,1.00E-13,,Unassigned,T4
ACS-1424,1424,LiFePO4,mp-18951,1.00E-12,,Unassigned,T4
ACS-1446,1446,LiFePO4,mp-18951,3.60E-11,,Unassigned,T4
ACS-1463,1463,LiFePO4,mp-18951,2.40E-10,,Unassigned,T4
ACS-1466,1466,LiFePO4,mp-18951,1.00E-13,,Unassigned,T4
ACS-1492,1492,LiFePO4,mp-18951,1.00E-09,,Unassigned,T4
ACS-151,151,LiFePO4,mp-18951,3.90E-10,,Unassigned,T4
ACS-152,152,LiFePO4,mp-18951,1.05E-05,,Unassigned,T4
ACS-1522,1522,LiFePO4,mp-18951,1.00E-18,,Unassigned,T4
ACS-1562,1562,LiFePO4,mp-18951,1.00E-09,,Unassigned,T4
ACS-1564,1564,LiFePO4,mp-18951,1.00E-11,,Unassigned,T4
ACS-1579,1579,LiFePO4,mp-18951,1.00E-07,,Unassigned,T4
ACS-1593,1593,LiFePO4,mp-18951,1.00E-12,,Unassigned,T4
ACS-1632,1632,LiFePO4,mp-18951,5.50E-06,,Unassigned,T4
ACS-1635,1635,LiFePO4,mp-18951,1.00E-12,,Unassigned,T4
ACS-1648,1648,LiFePO4,mp-18951,1.00E-12,,Unassigned,T4
ACS-1654,1654,LiFePO4,mp-18951,1.00E-13,,Unassigned,T4
ACS-1665,1665,LiFePO4,mp-18951,1.00E-13,,Unassigned,T4
ACS-1667,1667,LiFePO4,mp-18951,1.00E-13,,Unassigned,T4
ACS-1669,1669,LiFePO4,mp-18951,1.00E-13,,Unassigned,T4
ACS-1684,1684,LiFePO4,mp-18951,1.00E-13,,Unassigned,T4
ACS-1686,1686,LiFePO4,mp-18951,1.00E-12,,Unassigned,T4
ACS-1687,1687,LiFePO4,mp-18951,1.00E-14,,Unassigned,T4
ACS-1689,1689,LiFePO4,mp-18951,2.40E-10,,Unassigned,T4
ACS-1693,1693,LiFePO4,mp-18951,1.00E-13,,Unassigned,T4
ACS-1695,1695,LiFePO4,mp-18951,2.80E-08,,Unassigned,T4
ACS-172,172,LiFePO4,mp-18951,1.00E-06,,Unassigned,T4
ACS-1724,1724,LiFePO4,mp-18951,1.00E-13,,Unassigned,T4
ACS-1732,1732,LiFePO4,mp-18951,1.00E-12,,Unassigned,T4
ACS-1748,1748,LiFePO4,mp-18951,1.00E-04,,Unassigned,T4
ACS-1751,1751,LiFePO4,mp-18951,1.00E-11,,Unassigned,T4
ACS-1770,1770,LiFePO4,mp-18951,3.16E-08,,Unassigned,T4
ACS-1815,1815,LiFePO4,mp-18951,1.00E-12,,Unassigned,T4
ACS-1818,1818,LiFePO4,mp-18951,1.00E-12,,Unassigned,T4
ACS-1827,1827,LiFePO4,mp-18951,5.00E-03,,Unassigned,T4
ACS-1846,1846,LiFePO4,mp-18951,1.00E-11,,Unassigned,T4
ACS-1848,1848,LiFePO4,mp-18951,1.00E-08,,Unassigned,T4
ACS-1854,1854,LiFePO4,mp-18951,1.00E-11,,Unassigned,T4
ACS-1866,1866,LiFePO4,mp-18951,1.00E-12,,Unassigned,T4
ACS-1869,1869,LiFePO4,mp-18951,1.00E-13,,Unassigned,T4
ACS-1887,1887,LiFePO4,mp-18951,1.00E-13,,Unassigned,T4
ACS-1892,1892,LiFePO4,mp-18951,1.00E-13,,Unassigned,T4
ACS-1894,1894,LiFePO4,mp-18951,1.00E-12,,Unassigned,T4
ACS-1904,1904,LiFePO4,mp-18951,1.00E-13,,Unassigned,T4
ACS-1918,1918,LiFePO4,mp-18951,1.00E-12,,Unassigned,T4
ACS-193,193,LiFePO4,mp-18951,1.00E-12,,Unassigned,T4
ACS-1931,1931,LiFePO4,mp-18951,1.00E-11,,Unassigned,T4
ACS-1946,1946,LiFePO4,mp-18951,1.80E-12,,Unassigned,T4
ACS-1953,1953,LiFePO4,mp-18951,1.00E-11,,Unassigned,T4
ACS-1972,1972,LiFePO4,mp-18951,1.00E-13,,Unassigned,T4
ACS-1982,1982,LiFePO4,mp-18951,1.00E-13,,Unassigned,T4
ACS-1996,1996,LiFePO4,mp-18951,1.00E-12,,Unassigned,T4
ACS-1997,1997,LiFePO4,mp-18951,1.00E-12,,Unassigned,T4
ACS-2000,2000,LiFePO4,mp-18951,2.03E-04,,Unassigned,T4
ACS-2040,2040,LiFePO4,mp-18951,3.50E-09,,Unassigned,T4
ACS-2066,2066,LiFePO4,mp-18951,5.88E-11,,Unassigned,T4
ACS-2076,2076,LiFePO4,mp-18951,1.80E-12,,Unassigned,T4
ACS-2082,2082,LiFePO4,mp-18951,7.68E-09,,Unassigned,T4
ACS-2116,2116,LiFePO4,mp-18951,1.00E-14,,Unassigned,T4
ACS-212,212,LiFePO4,mp-18951,1.00E-12,,Unassigned,T4
ACS-2125,2125,LiFePO4,mp-18951,1.00E-12,,Unassigned,T4
ACS-2126,2126,LiFePO4,mp-18951,3.00E-03,,Unassigned,T4
ACS-2128,2128,LiFePO4,mp-18951,1.00E-13,,Unassigned,T4
ACS-2149,2149,LiFePO4,mp-18951,2.00E-12,,Unassigned,T4
ACS-2160,2160,LiFePO4,mp-18951,2.40E-10,,Unassigned,T4
ACS-219,219,LiFePO4,mp-18951,1.00E-12,,Unassigned,T4
ACS-2206,2206,LiFePO4,mp-18951,3.30E-04,,Unassigned,T4
ACS-2208,2208,LiFePO4,mp-18951,1.00E-06,,Unassigned,T4
ACS-2216,2216,LiFePO4,mp-18951,1.90E-12,,Unassigned,T4
ACS-2231,2231,LiFePO4,mp-18951,2.20E-08,,Unassigned,T4
ACS-224,224,LiFePO4,mp-18951,3.16E-08,,Unassigned,T4
ACS-2254,2254,LiFePO4,mp-18951,1.00E-12,,Unassigned,T4
ACS-227,227,LiFePO4,mp-18951,1.80E-12,,Unassigned,T4
ACS-2273,2273,LiFePO4,mp-18951,1.00E-13,,Unassigned,T4
ACS-2309,2309,LiFePO4,mp-18951,1.00E-13,,Unassigned,T4
ACS-2324,2324,LiFePO4,mp-18951,1.00E-12,,Unassigned,T4
ACS-2339,2339,LiFePO4,mp-18951,2.46E-12,,Unassigned,T4
ACS-2349,2349,LiFePO4,mp-18951,1.00E-09,,Unassigned,T4
ACS-2359,2359,LiFePO4,mp-18951,3.00E-12,,Unassigned,T4
ACS-2389,2389,LiFePO4,mp-18951,1.56E-04,,Unassigned,T4
ACS-24,24,LiFePO4,mp-18951,1.49E-12,,Unassigned,T4
ACS-2410,2410,LiFePO4,mp-18951,9.00E-03,,Unassigned,T4
ACS-2425,2425,LiFePO4,mp-18951,2.40E-10,,Unassigned,T4
ACS-2429,2429,LiFePO4,mp-18951,1.00E-10,,Unassigned,T4
ACS-2442,2442,LiFePO4,mp-18951,9.00E-03,,Unassigned,T4
ACS-2469,2469,LiFePO4,mp-18951,3.16E-08,,Unassigned,T4
ACS-2478,2478,LiFePO4,mp-18951,1.00E-10,,Unassigned,T4
ACS-2508,2508,LiFePO4,mp-18951,1.00E-13,,Unassigned,T4
ACS-2509,2509,LiFePO4,mp-18951,8.00E-10,,Unassigned,T4
ACS-2524,2524,LiFePO4,mp-18951,6.15E-07,,Unassigned,T4
ACS-2540,2540,LiFePO4,mp-18951,1.00E-13,,Unassigned,T4
ACS-2560,2560,LiFePO4,mp-18951,1.00E-12,,Unassigned,T4
ACS-2562,2562,LiFePO4,mp-18951,1.00E-13,,Unassigned,T4
ACS-2611,2611,LiFePO4,mp-18951,9.90E-08,,Unassigned,T4
ACS-2618,2618,LiFePO4,mp-18951,1.00E-18,,Unassigned,T4
ACS-264,264,LiFePO4,mp-18951,1.00E-11,,Unassigned,T4
ACS-265,265,LiFePO4,mp-18951,1.00E-13,,Unassigned,T4
ACS-2656,2656,LiFePO4,mp-18951,1.00E-05,,Unassigned,T4
ACS-2672,2672,LiFePO4,mp-18951,1.00E-13,,Unassigned,T4
ACS-269,269,LiFePO4,mp-18951,1.00E-02,,Unassigned,T4
ACS-2696,2696,LiFePO4,mp-18951,1.00E-05,,Unassigned,T4
ACS-2705,2705,LiFePO4,mp-18951,1.61E-10,,Unassigned,T4
ACS-2718,2718,LiFePO4,mp-18951,1.00E-13,,Unassigned,T4
ACS-2747,2747,LiFePO4,mp-18951,1.00E-12,,Unassigned,T4
ACS-2786,2786,LiFePO4,mp-18951,1.00E-12,,Unassigned,T4
ACS-2829,2829,LiFePO4,mp-18951,3.04E-09,,Unassigned,T4
ACS-2841,2841,LiFePO4,mp-18951,1.00E-12,,Unassigned,T4
ACS-2873,2873,LiFePO4,mp-18951,1.00E-12,,Unassigned,T4
ACS-2941,2941,LiFePO4,mp-18951,1.00E-07,,Unassigned,T4
ACS-2942,2942,LiFePO4,mp-18951,1.00E-12,,Unassigned,T4
ACS-2953,2953,LiFePO4,mp-18951,1.00E-13,,Unassigned,T4
ACS-2958,2958,LiFePO4,mp-18951,2.52E-08,,Unassigned,T4
ACS-2961,2961,LiFePO4,mp-18951,1.00E-13,,Unassigned,T4
ACS-2964,2964,LiFePO4,mp-18951,1.00E-12,,Unassigned,T4
ACS-2965,2965,LiFePO4,mp-18951,1.00E-17,,Unassigned,T4
ACS-2972,2972,LiFePO4,mp-18951,1.00E-13,,Unassigned,T4
ACS-2978,2978,LiFePO4,mp-18951,2.40E-10,,Unassigned,T4
ACS-2981,2981,LiFePO4,mp-18951,1.80E-12,,Unassigned,T4
ACS-2983,2983,LiFePO4,mp-18951,1.00E-13,,Unassigned,T4
ACS-2995,2995,LiFePO4,mp-18951,1.32E-04,,Unassigned,T4
ACS-3009,3009,LiFePO4,mp-18951,1.00E-12,,Unassigned,T4
ACS-301,301,LiFePO4,mp-18951,1.00E-07,,Unassigned,T4
ACS-3054,3054,LiFePO4,mp-18951,1.00E-11,,Unassigned,T4
ACS-3058,3058,LiFePO4,mp-18951,1.00E-12,,Unassigned,T4
ACS-3062,3062,LiFePO4,mp-18951,1.00E-13,,Unassigned,T4
ACS-3063,3063,LiFePO4,mp-18951,1.00E-01,,Unassigned,T4
ACS-3079,3079,LiFePO4,mp-18951,1.00E-12,,Unassigned,T4
ACS-3089,3089,LiFePO4,mp-18951,1.00E-13,,Unassigned,T4
ACS-3097,3097,LiFePO4,mp-18951,1.26E-06,,Unassigned,T4
ACS-3101,3101,LiFePO4,mp-18951,1.00E-08,,Unassigned,T4
ACS-3108,3108,LiFePO4,mp-18951,1.00E-12,,Unassigned,T4
ACS-3117,3117,LiFePO4,mp-18951,1.00E-12,,Unassigned,T4
ACS-3122,3122,LiFePO4,mp-18951,1.01E-05,,Unassigned,T4
ACS-3126,3126,LiFePO4,mp-18951,1.00E-13,,Unassigned,T4
ACS-313,313,LiFePO4,mp-18951,1.00E-12,,Unassigned,T4
ACS-3141,3141,LiFePO4,mp-18951,1.00E-12,,Unassigned,T4
ACS-3143,3143,LiFePO4,mp-18951,1.00E-07,,Unassigned,T4
ACS-3151,3151,LiFePO4,mp-18951,1.00E-04,,Unassigned,T4
ACS-3161,3161,LiFePO4,mp-18951,1.00E-15,,Unassigned,T4
ACS-3165,3165,LiFePO4,mp-18951,1.00E-13,,Unassigned,T4
ACS-3172,3172,LiFePO4,mp-18951,2.15E-04,,Unassigned,T4
ACS-3187,3187,LiFePO4,mp-18951,9.90E-08,,Unassigned,T4
ACS-3195,3195,LiFePO4,mp-18951,5.44E-09,,Unassigned,T4
ACS-3244,3244,LiFePO4,mp-18951,1.08E-04,,Unassigned,T4
ACS-3254,3254,LiFePO4,mp-18951,1.00E-12,,Unassigned,T4
ACS-3272,3272,LiFePO4,mp-18951,1.00E-13,,Unassigned,T4
ACS-3275,3275,LiFePO4,mp-18951,1.00E-12,,Unassigned,T4
ACS-3280,3280,LiFePO4,mp-18951,1.00E-09,,Unassigned,T4
ACS-3300,3300,LiFePO4,mp-18951,4.80E-05,,Unassigned,T4
ACS-3302,3302,LiFePO4,mp-18951,1.00E-12,,Unassigned,T4
ACS-3306,3306,LiFePO4,mp-18951,3.70E-05,,Unassigned,T4
ACS-3323,3323,LiFePO4,mp-18951,1.32E-04,,Unassigned,T4
ACS-334,334,LiFePO4,mp-18951,1.09E-12,,Unassigned,T4
ACS-3343,3343,LiFePO4,mp-18951,1.26E-06,,Unassigned,T4
ACS-3350,3350,LiFePO4,mp-18951,1.00E-12,,Unassigned,T4
ACS-3351,3351,LiFePO4,mp-18951,1.00E-12,,Unassigned,T4
ACS-3385,3385,LiFePO4,mp-18951,1.43E-11,,Unassigned,T4
ACS-3386,3386,LiFePO4,mp-18951,1.00E-12,,Unassigned,T4
ACS-3395,3395,LiFePO4,mp-18951,1.26E-08,,Unassigned,T4
ACS-3402,3402,LiFePO4,mp-18951,1.00E-12,,Unassigned,T4
ACS-3416,3416,LiFePO4,mp-18951,2.40E-10,,Unassigned,T4
ACS-3429,3429,LiFePO4,mp-18951,1.00E-05,,Unassigned,T4
ACS-3465,3465,LiFePO4,mp-18951,1.00E-13,,Unassigned,T4
ACS-350,350,LiFePO4,mp-18951,1.00E-12,,Unassigned,T4
ACS-3516,3516,LiFePO4,mp-18951,1.00E-12,,Unassigned,T4
ACS-3531,3531,LiFePO4,mp-18951,1.00E-14,,Unassigned,T4
ACS-3548,3548,LiFePO4,mp-18951,3.28E-03,,Unassigned,T4
ACS-356,356,LiFePO4,mp-18951,1.00E-06,,Unassigned,T4
ACS-3567,3567,LiFePO4,mp-18951,1.00E-12,,Unassigned,T4
ACS-3570,3570,LiFePO4,mp-18951,1.00E-10,,Unassigned,T4
ACS-3611,3611,LiFePO4,mp-18951,1.00E-12,,Unassigned,T4
ACS-3626,3626,LiFePO4,mp-18951,1.05E-05,,Unassigned,T4
ACS-3630,3630,LiFePO4,mp-18951,2.44E-10,,Unassigned,T4
ACS-3635,3635,LiFePO4,mp-18951,2.30E-04,,Unassigned,T4
ACS-3645,3645,LiFePO4,mp-18951,1.00E-13,,Unassigned,T4
ACS-3647,3647,LiFePO4,mp-18951,1.00E-12,,Unassigned,T4
ACS-3652,3652,LiFePO4,mp-18951,1.00E-11,,Unassigned,T4
ACS-3658,3658,LiFePO4,mp-18951,1.00E-12,,Unassigned,T4
ACS-3670,3670,LiFePO4,mp-18951,1.00E-14,,Unassigned,T4
ACS-3672,3672,LiFePO4,mp-18951,7.50E-12,,Unassigned,T4
ACS-3675,3675,LiFePO4,mp-18951,1.00E-06,,Unassigned,T4
ACS-3678,3678,LiFePO4,mp-18951,1.00E-15,,Unassigned,T4
ACS-3693,3693,LiFePO4,mp-18951,2.88E-05,,Unassigned,T4
ACS-3694,3694,LiFePO4,mp-18951,2.06E-03,,Unassigned,T4
ACS-3709,3709,LiFePO4,mp-18951,3.00E-12,,Unassigned,T4
ACS-3715,3715,LiFePO4,mp-18951,1.00E-18,,Unassigned,T4
ACS-3729,3729,LiFePO4,mp-18951,7.68E-09,,Unassigned,T4
ACS-3733,3733,LiFePO4,mp-18951,1.00E-13,,Unassigned,T4
ACS-3773,3773,LiFePO4,mp-18951,1.00E-11,,Unassigned,T4
ACS-3787,3787,LiFePO4,mp-18951,1.00E-13,,Unassigned,T4
ACS-3791,3791,LiFePO4,mp-18951,1.00E-12,,Unassigned,T4
ACS-3816,3816,LiFePO4,mp-18951,2.20E-12,,Unassigned,T4
ACS-3847,3847,LiFePO4,mp-18951,1.00E-11,,Unassigned,T4
ACS-3868,3868,LiFePO4,mp-18951,1.00E-09,,Unassigned,T4
ACS-3869,3869,LiFePO4,mp-18951,1.00E-11,,Unassigned,T4
ACS-3880,3880,LiFePO4,mp-18951,1.00E-13,,Unassigned,T4
ACS-3925,3925,LiFePO4,mp-18951,1.00E-12,,Unassigned,T4
ACS-3959,3959,LiFePO4,mp-18951,1.00E-11,,Unassigned,T4
ACS-3964,3964,LiFePO4,mp-18951,1.00E-11,,Unassigned,T4
ACS-3970,3970,LiFePO4,mp-18951,1.00E-13,,Unassigned,T4
ACS-3972,3972,LiFePO4,mp-18951,1.00E-10,,Unassigned,T4
ACS-399,399,LiFePO4,mp-18951,5.00E-10,,Unassigned,T4
ACS-3992,3992,LiFePO4,mp-18951,1.00E-12,,Unassigned,T4
ACS-3999,3999,LiFePO4,mp-18951,5.87E-06,,Unassigned,T4
ACS-4002,4002,LiFePO4,mp-18951,1.60E-04,,Unassigned,T4
ACS-4008,4008,LiFePO4,mp-18951,1.05E-05,,Unassigned,T4
ACS-4009,4009,LiFePO4,mp-18951,1.00E-17,,Unassigned,T4
ACS-409,409,LiFePO4,mp-18951,2.10E-04,,Unassigned,T4
ACS-427,427,LiFePO4,mp-18951,5.20E-14,,Unassigned,T4
ACS-446,446,LiFePO4,mp-18951,8.09E-13,,Unassigned,T4
ACS-48,48,LiFePO4,mp-18951,3.50E-08,,Unassigned,T4
ACS-481,481,LiFePO4,mp-18951,2.52E-08,,Unassigned,T4
ACS-496,496,LiFePO4,mp-18951,1.00E-05,,Unassigned,T4
ACS-50,50,LiFePO4,mp-18951,2.40E-10,,Unassigned,T4
ACS-529,529,LiFePO4,mp-18951,1.00E-13,,Unassigned,T4
ACS-544,544,LiFePO4,mp-18951,3.16E-08,,Unassigned,T4
ACS-569,569,LiFePO4,mp-18951,5.86E-12,,Unassigned,T4
ACS-576,576,LiFePO4,mp-18951,9.90E-08,,Unassigned,T4
ACS-579,579,LiFePO4,mp-18951,1.00E-11,,Unassigned,T4
ACS-580,580,LiFePO4,mp-18951,1.00E-13,,Unassigned,T4
ACS-606,606,LiFePO4,mp-18951,1.00E-10,,Unassigned,T4
ACS-61,61,LiFePO4,mp-18951,1.00E-08,,Unassigned,T4
ACS-615,615,LiFePO4,mp-18951,1.00E-06,,Unassigned,T4
ACS-621,621,LiFePO4,mp-18951,8.00E-03,,Unassigned,T4
ACS-626,626,LiFePO4,mp-18951,1.00E-12,,Unassigned,T4
ACS-632,632,LiFePO4,mp-18951,1.00E-13,,Unassigned,T4
ACS-664,664,LiFePO4,mp-18951,8.04E-06,,Unassigned,T4
ACS-669,669,LiFePO4,mp-18951,9.90E-08,,Unassigned,T4
ACS-674,674,LiFePO4,mp-18951,1.00E-05,,Unassigned,T4
ACS-690,690,LiFePO4,mp-18951,3.16E-08,,Unassigned,T4
ACS-696,696,LiFePO4,mp-18951,1.00E-13,,Unassigned,T4
ACS-720,720,LiFePO4,mp-18951,2.40E-10,,Unassigned,T4
ACS-727,727,LiFePO4,mp-18951,1.00E-13,,Unassigned,T4
ACS-738,738,LiFePO4,mp-18951,1.00E-12,,Unassigned,T4
ACS-739,739,LiFePO4,mp-18951,1.00E-11,,Unassigned,T4
ACS-748,748,LiFePO4,mp-18951,7.50E-11,,Unassigned,T4
ACS-753,753,LiFePO4,mp-18951,2.00E-08,,Unassigned,T4
ACS-76,76,LiFePO4,mp-18951,1.00E-13,,Unassigned,T4
ACS-765,765,LiFePO4,mp-18951,1.00E-13,,Unassigned,T4
ACS-786,786,LiFePO4,mp-18951,2.10E-12,,Unassigned,T4
ACS-819,819,LiFePO4,mp-18951,1.00E-17,,Unassigned,T4
ACS-832,832,LiFePO4,mp-18951,1.00E-12,,Unassigned,T4
ACS-837,837,LiFePO4,mp-18951,3.04E-09,,Unassigned,T4
ACS-853,853,LiFePO4,mp-18951,7.68E-09,,Unassigned,T4
ACS-856,856,LiFePO4,mp-18951,1.00E-09,,Unassigned,T4
ACS-859,859,LiFePO4,mp-18951,1.00E-13,,Unassigned,T4
ACS-882,882,LiFePO4,mp-18951,1.00E-12,,Unassigned,T4
ACS-894,894,LiFePO4,mp-18951,1.00E-12,,Unassigned,T4
ACS-899,899,LiFePO4,mp-18951,1.00E-06,,Unassigned,T4
ACS-94,94,LiFePO4,mp-18951,3.70E-12,,Unassigned,T4
ACS-948,948,LiFePO4,mp-18951,1.10E-04,,Unassigned,T4
ACS-949,949,LiFePO4,mp-18951,1.00E-17,,Unassigned,T4
ACS-957,957,LiFePO4,mp-18951,1.00E-13,,Unassigned,T4
ACS-964,964,LiFePO4,mp-18951,1.00E-12,,Unassigned,T4
ACS-972,972,LiFePO4,mp-18951,6.76E-08,,Unassigned,T4
ACS-973,973,LiFePO4,mp-18951,8.00E-10,,Unassigned,T4
ACS-981,981,LiFePO4,mp-18951,1.00E-11,,Unassigned,T4
ACS-99,99,LiFePO4,mp-18951,2.40E-10,,Unassigned,T4
ACS-1057,1057,Li2FeSiO4,mp-18968,1.92E-11,,Unassigned,T4
ACS-1289,1289,Li2FeSiO4,mp-18968,1.00E-17,,Unassigned,T4
ACS-1299,1299,Li2FeSiO4,mp-18968,1.00E-12,,Unassigned,T4
ACS-1920,1920,Li2FeSiO4,mp-18968,5.60E-07,,Unassigned,T4
ACS-2032,2032,Li2FeSiO4,mp-18968,6.00E-17,,Unassigned,T4
ACS-2157,2157,Li2FeSiO4,mp-18968,2.45E-17,,Unassigned,T4
ACS-232,232,Li2FeSiO4,mp-18968,5.60E-11,,Unassigned,T4
ACS-2355,2355,Li2FeSiO4,mp-18968,1.38E-07,,Unassigned,T4
ACS-2381,2381,Li2FeSiO4,mp-18968,2.33E-07,,Unassigned,T4
ACS-2628,2628,Li2FeSiO4,mp-18968,4.76E-06,,Unassigned,T4
ACS-2630,2630,Li2FeSiO4,mp-18968,2.45E-17,,Unassigned,T4
ACS-2673,2673,Li2FeSiO4,mp-18968,2.33E-07,,Unassigned,T4
ACS-291,291,Li2FeSiO4,mp-18968,3.66E-07,,Unassigned,T4
ACS-3001,3001,Li2FeSiO4,mp-18968,2.00E-15,,Unassigned,T4
ACS-3113,3113,Li2FeSiO4,mp-18968,6.00E-17,,Unassigned,T4
ACS-319,319,Li2FeSiO4,mp-18968,6.00E-17,,Unassigned,T4
ACS-3236,3236,Li2FeSiO4,mp-18968,1.00E-17,,Unassigned,T4
ACS-3327,3327,Li2FeSiO4,mp-18968,1.00E-09,,Unassigned,T4
ACS-3335,3335,Li2FeSiO4,mp-18968,6.00E-17,,Unassigned,T4
ACS-3633,3633,Li2FeSiO4,mp-18968,1.92E-11,,Unassigned,T4
ACS-4028,4028,Li2FeSiO4,mp-18968,1.00E-12,,Unassigned,T4
ACS-452,452,Li2FeSiO4,mp-18968,2.33E-07,,Unassigned,T4
ACS-782,782,Li2FeSiO4,mp-18968,1.00E-15,,Unassigned,T4
ACS-2007,2007,Li2MnO3,mp-18988,1.00E-12,,Unassigned,T4
ACS-2172,2172,Li2MnO3,mp-18988,3.50E-11,,Unassigned,T4
ACS-2535,2535,Li2MnO3,mp-18988,1.00E-08,,Unassigned,T4
ACS-2756,2756,Li2MnO3,mp-18988,1.00E-06,,Unassigned,T4
ACS-38,38,Li2MnO3,mp-18988,1.00E-13,,Unassigned,T4
ACS-1106,1106,LiMnPO4,mp-18997,1.00E-06,,Unassigned,T4
ACS-1188,1188,LiMnPO4,mp-18997,1.00E-11,,Unassigned,T4
ACS-1400,1400,LiMnPO4,mp-18997,1.00E-17,,Unassigned,T4
ACS-150,150,LiMnPO4,mp-18997,1.00E-11,,Unassigned,T4
ACS-1521,1521,LiMnPO4,mp-18997,1.93E-07,,Unassigned,T4
ACS-1591,1591,LiMnPO4,mp-18997,1.72E-07,,Unassigned,T4
ACS-1595,1595,LiMnPO4,mp-18997,3.00E-12,,Unassigned,T4
ACS-1666,1666,LiMnPO4,mp-18997,1.80E-12,,Unassigned,T4
ACS-1825,1825,LiMnPO4,mp-18997,1.00E-12,,Unassigned,T4
ACS-183,183,LiMnPO4,mp-18997,1.00E-12,,Unassigned,T4
ACS-185,185,LiMnPO4,mp-18997,1.00E-13,,Unassigned,T4
ACS-1889,1889,LiMnPO4,mp-18997,1.00E-12,,Unassigned,T4
ACS-1903,1903,LiMnPO4,mp-18997,1.00E-13,,Unassigned,T4
ACS-1925,1925,LiMnPO4,mp-18997,1.80E-11,,Unassigned,T4
ACS-199,199,LiMnPO4,mp-18997,1.00E-13,,Unassigned,T4
ACS-1995,1995,LiMnPO4,mp-18997,1.00E-13,,Unassigned,T4
ACS-2075,2075,LiMnPO4,mp-18997,1.80E-11,,Unassigned,T4
ACS-2123,2123,LiMnPO4,mp-18997,9.00E-03,,Unassigned,T4
ACS-2144,2144,LiMnPO4,mp-18997,1.00E-13,,Unassigned,T4
ACS-2221,2221,LiMnPO4,mp-18997,1.00E-17,,Unassigned,T4
ACS-2229,2229,LiMnPO4,mp-18997,1.00E-12,,Unassigned,T4
ACS-2234,2234,LiMnPO4,mp-18997,1.00E-11,,Unassigned,T4
ACS-2246,2246,LiMnPO4,mp-18997,1.00E-13,,Unassigned,T4
ACS-2262,2262,LiMnPO4,mp-18997,1.00E-05,,Unassigned,T4
ACS-2547,2547,LiMnPO4,mp-18997,1.00E-13,,Unassigned,T4
ACS-2770,2770,LiMnPO4,mp-18997,1.00E-17,,Unassigned,T4
ACS-2836,2836,LiMnPO4,mp-18997,3.00E-12,,Unassigned,T4
ACS-303,303,LiMnPO4,mp-18997,1.00E-17,,Unassigned,T4
ACS-3069,3069,LiMnPO4,mp-18997,1.80E-12,,Unassigned,T4
ACS-3130,3130,LiMnPO4,mp-18997,1.00E-17,,Unassigned,T4
ACS-3186,3186,LiMnPO4,mp-18997,1.00E-19,,Unassigned,T4
ACS-3268,3268,LiMnPO4,mp-18997,3.87E-03,,Unassigned,T4
ACS-3499,3499,LiMnPO4,mp-18997,1.80E-11,,Unassigned,T4
ACS-3513,3513,LiMnPO4,mp-18997,1.80E-11,,Unassigned,T4
ACS-360,360,LiMnPO4,mp-18997,3.00E-12,,Unassigned,T4
ACS-3704,3704,LiMnPO4,mp-18997,1.00E-13,,Unassigned,T4
ACS-3758,3758,LiMnPO4,mp-18997,1.80E-11,,Unassigned,T4
ACS-41,41,LiMnPO4,mp-18997,1.80E-12,,Unassigned,T4
ACS-440,440,LiMnPO4,mp-18997,1.00E-17,,Unassigned,T4
ACS-540,540,LiMnPO4,mp-18997,1.00E-15,,Unassigned,T4
ACS-598,598,LiMnPO4,mp-18997,1.80E-12,,Unassigned,T4
ACS-614,614,LiMnPO4,mp-18997,1.00E-13,,Unassigned,T4
ACS-635,635,LiMnPO4,mp-18997,3.87E-03,,Unassigned,T4
ACS-647,647,LiMnPO4,mp-18997,1.00E-11,,Unassigned,T4
ACS-714,714,LiMnPO4,mp-18997,1.80E-12,,Unassigned,T4
ACS-758,758,LiMnPO4,mp-18997,1.00E-13,,Unassigned,T4
ACS-800,800,LiMnPO4,mp-18997,1.00E-13,,Unassigned,T4
ACS-869,869,LiMnPO4,mp-18997,1.00E-13,,Unassigned,T4
ACS-928,928,LiMnPO4,mp-18997,1.00E-11,,Unassigned,T4
ACS-2397,2397,NiO,mp-19009,1.00E-05,,Unassigned,T4
ACS-1852,1852,NiMoO4,mp-19019,1.14E-02,,Unassigned,T4
ACS-1911,1911,NiMoO4,mp-19019,1.00E-09,,Unassigned,T4
ACS-200,200,NiMoO4,mp-19019,1.00E-09,,Unassigned,T4
ACS-3015,3015,NiMoO4,mp-19019,1.00E-08,,Unassigned,T4
ACS-826,826,NiMoO4,mp-19019,1.14E-02,,Unassigned,T4
ACS-155,155,FePO4,mp-19109,1.00E-11,,Unassigned,T4
ACS-3276,3276,FePO4,mp-19109,1.00E-13,,Unassigned,T4
ACS-617,617,FePO4,mp-19109,7.00E-03,,Unassigned,T4
ACS-1781,1781,FeSO4,mp-19112,1.04E-05,,Unassigned,T4
ACS-1265,1265,Li3VO4,mp-19219,8.20E-11,,Unassigned,T4
ACS-2466,2466,Li3VO4,mp-19219,4.37E-11,,Unassigned,T4
ACS-3284,3284,Li3VO4,mp-19219,3.90E-08,,Unassigned,T4
ACS-34,34,Li3VO4,mp-19219,1.66E-13,,Unassigned,T4
ACS-3559,3559,Li3VO4,mp-19219,5.80E-09,,Unassigned,T4
ACS-1066,1066,MnO2,mp-19326,1.00E-09,,Unassigned,T4
ACS-1107,1107,MnO2,mp-19326,1.50E-03,,Unassigned,T4
ACS-1243,1243,MnO2,mp-19326,3.16E-09,,Unassigned,T4
ACS-1256,1256,MnO2,mp-19326,1.00E-09,,Unassigned,T4
ACS-1312,1312,MnO2,mp-19326,1.00E-09,,Unassigned,T4
ACS-1415,1415,MnO2,mp-19326,2.20E-10,,Unassigned,T4
ACS-1423,1423,MnO2,mp-19326,1.00E-06,,Unassigned,T4
ACS-1431,1431,MnO2,mp-19326,1.00E-08,,Unassigned,T4
ACS-1478,1478,MnO2,mp-19326,3.50E-05,,Unassigned,T4
ACS-1502,1502,MnO2,mp-19326,1.00E-09,,Unassigned,T4
ACS-1557,1557,MnO2,mp-19326,1.00E-04,,Unassigned,T4
ACS-1573,1573,MnO2,mp-19326,1.00E-09,,Unassigned,T4
ACS-159,159,MnO2,mp-19326,1.12E-07,,Unassigned,T4
ACS-168,168,MnO2,mp-19326,1.00E-09,,Unassigned,T4
ACS-1717,1717,MnO2,mp-19326,1.00E-09,,Unassigned,T4
ACS-1722,1722,MnO2,mp-19326,1.00E-09,,Unassigned,T4
ACS-1738,1738,MnO2,mp-19326,1.00E-09,,Unassigned,T4
ACS-1758,1758,MnO2,mp-19326,1.00E-02,,Unassigned,T4
ACS-1939,1939,MnO2,mp-19326,1.00E-09,,Unassigned,T4
ACS-1945,1945,MnO2,mp-19326,1.00E-09,,Unassigned,T4
ACS-1951,1951,MnO2,mp-19326,3.16E-09,,Unassigned,T4
ACS-1968,1968,MnO2,mp-19326,1.00E-09,,Unassigned,T4
ACS-2008,2008,MnO2,mp-19326,1.00E-09,,Unassigned,T4
ACS-2018,2018,MnO2,mp-19326,1.00E-09,,Unassigned,T4
ACS-202,202,MnO2,mp-19326,1.00E-09,,Unassigned,T4
ACS-2025,2025,MnO2,mp-19326,1.00E-09,,Unassigned,T4
ACS-2029,2029,MnO2,mp-19326,1.00E-11,,Unassigned,T4
ACS-2047,2047,MnO2,mp-19326,1.00E-09,,Unassigned,T4
ACS-2054,2054,MnO2,mp-19326,1.00E-11,,Unassigned,T4
ACS-2131,2131,MnO2,mp-19326,1.00E-09,,Unassigned,T4
ACS-2133,2133,MnO2,mp-19326,6.00E-03,,Unassigned,T4
ACS-2174,2174,MnO2,mp-19326,1.00E-05,,Unassigned,T4
ACS-2220,2220,MnO2,mp-19326,1.00E-09,,Unassigned,T4
ACS-2312,2312,MnO2,mp-19326,1.00E-09,,Unassigned,T4
ACS-2325,2325,MnO2,mp-19326,1.00E-09,,Unassigned,T4
ACS-2356,2356,MnO2,mp-19326,1.00E-09,,Unassigned,T4
ACS-2391,2391,MnO2,mp-19326,4.00E-05,,Unassigned,T4
ACS-2465,2465,MnO2,mp-19326,1.00E-06,,Unassigned,T4
ACS-2490,2490,MnO2,mp-19326,1.00E-09,,Unassigned,T4
ACS-2528,2528,MnO2,mp-19326,1.00E-09,,Unassigned,T4
ACS-2568,2568,MnO2,mp-19326,1.00E-09,,Unassigned,T4
ACS-2655,2655,MnO2,mp-19326,1.00E-09,,Unassigned,T4
ACS-2668,2668,MnO2,mp-19326,1.00E-05,,Unassigned,T4
ACS-2723,2723,MnO2,mp-19326,1.00E-09,,Unassigned,T4
ACS-2766,2766,MnO2,mp-19326,1.00E-09,,Unassigned,T4
ACS-2779,2779,MnO2,mp-19326,1.00E-09,,Unassigned,T4
ACS-2808,2808,MnO2,mp-19326,6.00E-03,,Unassigned,T4
ACS-281,281,MnO2,mp-19326,1.00E-09,,Unassigned,T4
ACS-2850,2850,MnO2,mp-19326,3.77E-08,,Unassigned,T4
ACS-2872,2872,MnO2,mp-19326,8.00E-02,,Unassigned,T4
ACS-288,288,MnO2,mp-19326,1.00E-09,,Unassigned,T4
ACS-2883,2883,MnO2,mp-19326,1.00E-12,,Unassigned,T4
ACS-2896,2896,MnO2,mp-19326,1.00E-09,,Unassigned,T4
ACS-3012,3012,MnO2,mp-19326,7.29E-07,,Unassigned,T4
ACS-3034,3034,MnO2,mp-19326,8.50E-02,,Unassigned,T4
ACS-3107,3107,MnO2,mp-19326,1.00E-08,,Unassigned,T4
ACS-3119,3119,MnO2,mp-19326,1.00E-09,,Unassigned,T4
ACS-3135,3135,MnO2,mp-19326,1.00E-09,,Unassigned,T4
ACS-3182,3182,MnO2,mp-19326,1.00E-09,,Unassigned,T4
ACS-3225,3225,MnO2,mp-19326,1.00E-08,,Unassigned,T4
ACS-3265,3265,MnO2,mp-19326,2.00E-05,,Unassigned,T4
ACS-3283,3283,MnO2,mp-19326,1.00E-09,,Unassigned,T4
ACS-3362,3362,MnO2,mp-19326,1.00E-09,,Unassigned,T4
ACS-3488,3488,MnO2,mp-19326,1.00E-09,,Unassigned,T4
ACS-3527,3527,MnO2,mp-19326,3.16E-09,,Unassigned,T4
ACS-3562,3562,MnO2,mp-19326,1.00E-09,,Unassigned,T4
ACS-3565,3565,MnO2,mp-19326,1.00E-09,,Unassigned,T4
ACS-3828,3828,MnO2,mp-19326,1.00E-10,,Unassigned,T4
ACS-3841,3841,MnO2,mp-19326,1.00E-09,,Unassigned,T4
ACS-3909,3909,MnO2,mp-19326,1.00E-09,,Unassigned,T4
ACS-4003,4003,MnO2,mp-19326,3.16E-09,,Unassigned,T4
ACS-448,448,MnO2,mp-19326,3.77E-08,,Unassigned,T4
ACS-538,538,MnO2,mp-19326,1.00E-09,,Unassigned,T4
ACS-560,560,MnO2,mp-19326,1.00E-09,,Unassigned,T4
ACS-682,682,MnO2,mp-19326,1.00E-05,,Unassigned,T4
ACS-683,683,MnO2,mp-19326,1.00E-09,,Unassigned,T4
ACS-776,776,MnO2,mp-19326,1.00E-09,,Unassigned,T4
ACS-783,783,MnO2,mp-19326,1.00E-09,,Unassigned,T4
ACS-861,861,MnO2,mp-19326,1.00E-09,,Unassigned,T4
ACS-994,994,MnO2,mp-19326,1.00E-09,,Unassigned,T4
ACS-3091,3091,FeWO4,mp-19421,3.16E-08,,Unassigned,T4
ACS-1566,1566,Al2(WO4)3,mp-19516,7.70E-08,,Unassigned,T4
ACS-2326,2326,Al2(WO4)3,mp-19516,1.06E-07,,Unassigned,T4
ACS-329,329,Al2(WO4)3,mp-19516,1.06E-08,,Unassigned,T4
ACS-3471,3471,Al2(WO4)3,mp-19516,3.40E-09,,Unassigned,T4
ACS-1008,1008,Li2O,mp-1960,5.48E-07,,Unassigned,T4
ACS-1207,1207,Li2O,mp-1960,1.00E-07,,Unassigned,T4
ACS-121,121,Li2O,mp-1960,5.48E-07,,Unassigned,T4
ACS-1428,1428,Li2O,mp-1960,6.40E-07,,Unassigned,T4
ACS-2332,2332,Li2O,mp-1960,6.00E-03,,Unassigned,T4
ACS-2380,2380,Li2O,mp-1960,3.00E-03,,Unassigned,T4
ACS-2773,2773,Li2O,mp-1960,8.62E-11,,Unassigned,T4
ACS-2775,2775,Li2O,mp-1960,3.17E-07,,Unassigned,T4
ACS-3839,3839,Li2O,mp-1960,7.00E-08,,Unassigned,T4
ACS-400,400,Li2O,mp-1960,3.66E-07,,Unassigned,T4
ACS-439,439,Li2O,mp-1960,3.00E-07,,Unassigned,T4
ACS-490,490,Li2O,mp-1960,3.00E-07,,Unassigned,T4
ACS-57,57,Li2O,mp-1960,2.35E-09,,Unassigned,T4
ACS-772,772,Li2O,mp-1960,2.20E-15,,Unassigned,T4
ACS-818,818,Li2O,mp-1960,2.20E-15,,Unassigned,T4
ACS-1991,1991,Cu3Ge,mp-19724,1.45E-03,,Unassigned,T4
ACS-2073,2073,Sb2O3,mp-1999,7.92E-05,,Unassigned,T4
ACS-3266,3266,Sb2O3,mp-1999,7.92E-05,,Unassigned,T4
ACS-3485,3485,Sb2O3,mp-1999,7.92E-05,,Unassigned,T4
ACS-383,383,Sb2O3,mp-1999,5.69E-04,,Unassigned,T4
ACS-4031,4031,Sb2O3,mp-1999,8.00E-05,,Unassigned,T4
ACS-1470,1470,PbSnF4,mp-20815,5.00E-07,,Unassigned,T4
ACS-2111,2111,PbSnF4,mp-20815,1.50E-06,,Unassigned,T4
ACS-3904,3904,PbSnF4,mp-20815,2.00E-07,,Unassigned,T4
ACS-530,530,PbSnF4,mp-20815,1.00E-06,,Unassigned,T4
ACS-3104,3104,Ni2P,mp-21167,5.00E-33,,Unassigned,T4
ACS-625,625,Li2NiGe3O8,mp-21650,1.00E-11,,Unassigned,T4
ACS-1055,1055,P2O5,mp-2173,1.45E-13,,Unassigned,T4
ACS-1330,1330,P2O5,mp-2173,7.40E-07,,Unassigned,T4
ACS-1729,1729,P2O5,mp-2173,3.00E-06,,Unassigned,T4
ACS-1858,1858,P2O5,mp-2173,1.80E-09,,Unassigned,T4
ACS-2100,2100,P2O5,mp-2173,1.00E-10,,Unassigned,T4
ACS-2354,2354,P2O5,mp-2173,1.45E-13,,Unassigned,T4
ACS-2644,2644,P2O5,mp-2173,1.60E-10,,Unassigned,T4
ACS-3021,3021,P2O5,mp-2173,4.98E-06,,Unassigned,T4
ACS-3827,3827,P2O5,mp-2173,4.30E-07,,Unassigned,T4
ACS-543,543,P2O5,mp-2173,4.98E-06,,Unassigned,T4
ACS-681,681,P2O5,mp-2173,3.00E-06,,Unassigned,T4
ACS-209,209,LiNiPO4,mp-22417,5.48E-11,,Unassigned,T4
ACS-3606,3606,LiNiPO4,mp-22417,1.00E-17,,Unassigned,T4
ACS-369,369,LiNiPO4,mp-22417,1.00E-19,,Unassigned,T4
ACS-3820,3820,LiNiPO4,mp-22417,2.34E-10,,Unassigned,T4
LIV-725,725,Li3N,mp-2251,5.75E-04,25,Other,T4
ACS-1081,1081,LiCoO2,mp-22526,1.00E-13,,Unassigned,T4
ACS-1112,1112,LiCoO2,mp-22526,1.00E-08,,Unassigned,T4
ACS-1149,1149,LiCoO2,mp-22526,1.00E-09,,Unassigned,T4
ACS-1185,1185,LiCoO2,mp-22526,7.00E-03,,Unassigned,T4
ACS-1186,1186,LiCoO2,mp-22526,3.00E-03,,Unassigned,T4
ACS-1195,1195,LiCoO2,mp-22526,1.60E-07,,Unassigned,T4
ACS-1222,1222,LiCoO2,mp-22526,3.00E-03,,Unassigned,T4
ACS-1230,1230,LiCoO2,mp-22526,1.00E-06,,Unassigned,T4
ACS-1234,1234,LiCoO2,mp-22526,1.00E-14,,Unassigned,T4
ACS-126,126,LiCoO2,mp-22526,1.00E-03,,Unassigned,T4
ACS-1325,1325,LiCoO2,mp-22526,3.00E-03,,Unassigned,T4
ACS-1457,1457,LiCoO2,mp-22526,1.00E-15,,Unassigned,T4
ACS-1473,1473,LiCoO2,mp-22526,1.00E-05,,Unassigned,T4
ACS-1574,1574,LiCoO2,mp-22526,4.70E-08,,Unassigned,T4
ACS-1691,1691,LiCoO2,mp-22526,1.00E-07,,Unassigned,T4
ACS-1701,1701,LiCoO2,mp-22526,4.34E-09,,Unassigned,T4
ACS-1702,1702,LiCoO2,mp-22526,2.00E-07,,Unassigned,T4
ACS-1721,1721,LiCoO2,mp-22526,1.00E-07,,Unassigned,T4
ACS-1733,1733,LiCoO2,mp-22526,1.80E-09,,Unassigned,T4
ACS-1759,1759,LiCoO2,mp-22526,1.00E-09,,Unassigned,T4
ACS-1780,1780,LiCoO2,mp-22526,1.00E-12,,Unassigned,T4
ACS-1804,1804,LiCoO2,mp-22526,7.47E-07,,Unassigned,T4
ACS-1843,1843,LiCoO2,mp-22526,1.00E-07,,Unassigned,T4
ACS-1847,1847,LiCoO2,mp-22526,2.37E-05,,Unassigned,T4
ACS-1883,1883,LiCoO2,mp-22526,2.34E-08,,Unassigned,T4
ACS-2044,2044,LiCoO2,mp-22526,2.34E-08,,Unassigned,T4
ACS-2087,2087,LiCoO2,mp-22526,1.00E-09,,Unassigned,T4
ACS-2090,2090,LiCoO2,mp-22526,2.07E-04,,Unassigned,T4
ACS-2096,2096,LiCoO2,mp-22526,1.00E-08,,Unassigned,T4
ACS-2104,2104,LiCoO2,mp-22526,1.00E-12,,Unassigned,T4
ACS-2142,2142,LiCoO2,mp-22526,1.00E-13,,Unassigned,T4
ACS-2247,2247,LiCoO2,mp-22526,4.00E-03,,Unassigned,T4
ACS-2265,2265,LiCoO2,mp-22526,1.00E-12,,Unassigned,T4
ACS-2329,2329,LiCoO2,mp-22526,1.00E-12,,Unassigned,T4
ACS-2398,2398,LiCoO2,mp-22526,1.00E-12,,Unassigned,T4
ACS-2483,2483,LiCoO2,mp-22526,2.20E-09,,Unassigned,T4
ACS-2491,2491,LiCoO2,mp-22526,1.00E-13,,Unassigned,T4
ACS-2492,2492,LiCoO2,mp-22526,2.50E-07,,Unassigned,T4
ACS-2497,2497,LiCoO2,mp-22526,3.16E-04,,Unassigned,T4
ACS-2513,2513,LiCoO2,mp-22526,1.00E-05,,Unassigned,T4
ACS-258,258,Li0.97CoO2,mp-22526,1.00E-04,,Unassigned,T4
ACS-2598,2598,LiCoO2,mp-22526,5.00E-11,,Unassigned,T4
ACS-2602,2602,LiCoO2,mp-22526,3.80E-10,,Unassigned,T4
ACS-2748,2748,LiCoO2,mp-22526,4.00E-03,,Unassigned,T4
ACS-2750,2750,LiCoO2,mp-22526,1.00E-12,,Unassigned,T4
ACS-2792,2792,LiCoO2,mp-22526,1.00E-06,,Unassigned,T4
ACS-2793,2793,LiCoO2,mp-22526,6.25E-08,,Unassigned,T4
ACS-2820,2820,LiCoO2,mp-22526,1.29E-07,,Unassigned,T4
ACS-2869,2869,LiCoO2,mp-22526,5.90E-11,,Unassigned,T4
ACS-2912,2912,LiCoO2,mp-22526,1.00E-19,,Unassigned,T4
ACS-2951,2951,LiCoO2,mp-22526,1.00E-06,,Unassigned,T4
ACS-2974,2974,LiCoO2,mp-22526,1.00E-17,,Unassigned,T4
ACS-3013,3013,LiCoO2,mp-22526,2.34E-08,,Unassigned,T4
ACS-3020,3020,LiCoO2,mp-22526,1.10E-11,,Unassigned,T4
ACS-3028,3028,LiCoO2,mp-22526,1.00E-05,,Unassigned,T4
ACS-3041,3041,LiCoO2,mp-22526,1.00E-12,,Unassigned,T4
ACS-3076,3076,LiCoO2,mp-22526,1.29E-07,,Unassigned,T4
ACS-3088,3088,LiCoO2,mp-22526,2.37E-05,,Unassigned,T4
ACS-3127,3127,LiCoO2,mp-22526,1.00E-06,,Unassigned,T4
ACS-3193,3193,LiCoO2,mp-22526,1.00E-05,,Unassigned,T4
ACS-3209,3209,LiCoO2,mp-22526,2.50E-08,,Unassigned,T4
ACS-3262,3262,LiCoO2,mp-22526,1.00E-07,,Unassigned,T4
ACS-3292,3292,LiCoO2,mp-22526,3.30E-07,,Unassigned,T4
ACS-3331,3331,LiCoO2,mp-22526,3.16E-04,,Unassigned,T4
ACS-3367,3367,LiCoO2,mp-22526,1.00E-07,,Unassigned,T4
ACS-3376,3376,LiCoO2,mp-22526,1.00E-13,,Unassigned,T4
ACS-3380,3380,LiCoO2,mp-22526,1.00E-09,,Unassigned,T4
ACS-3428,3428,LiCoO2,mp-22526,1.00E-10,,Unassigned,T4
ACS-3467,3467,LiCoO2,mp-22526,1.00E-07,,Unassigned,T4
ACS-3479,3479,LiCoO2,mp-22526,3.00E-03,,Unassigned,T4
ACS-3489,3489,LiCoO2,mp-22526,1.00E-05,,Unassigned,T4
ACS-3500,3500,LiCoO2,mp-22526,6.25E-08,,Unassigned,T4
ACS-3518,3518,LiCoO2,mp-22526,1.00E-19,,Unassigned,T4
ACS-352,352,LiCoO2,mp-22526,1.00E-05,,Unassigned,T4
ACS-3532,3532,LiCoO2,mp-22526,1.00E-11,,Unassigned,T4
ACS-3775,3775,LiCoO2,mp-22526,1.00E-14,,Unassigned,T4
ACS-3834,3834,LiCoO2,mp-22526,1.10E-06,,Unassigned,T4
ACS-3863,3863,LiCoO2,mp-22526,1.00E-06,,Unassigned,T4
ACS-388,388,LiCoO2,mp-22526,1.00E-08,,Unassigned,T4
ACS-3902,3902,LiCoO2,mp-22526,1.00E-08,,Unassigned,T4
ACS-3905,3905,LiCoO2,mp-22526,4.50E-06,,Unassigned,T4
ACS-3957,3957,LiCoO2,mp-22526,9.30E-06,,Unassigned,T4
ACS-420,420,LiCoO2,mp-22526,2.30E-10,,Unassigned,T4
ACS-459,459,LiCoO2,mp-22526,1.00E-07,,Unassigned,T4
ACS-528,528,LiCoO2,mp-22526,3.00E-03,,Unassigned,T4
ACS-537,537,LiCoO2,mp-22526,1.50E-06,,Unassigned,T4
ACS-554,554,LiCoO2,mp-22526,1.00E-09,,Unassigned,T4
ACS-629,629,LiCoO2,mp-22526,1.00E-13,,Unassigned,T4
ACS-666,666,LiCoO2,mp-22526,1.00E-06,,Unassigned,T4
ACS-747,747,LiCoO2,mp-22526,2.34E-08,,Unassigned,T4
ACS-798,798,LiCoO2,mp-22526,1.00E-12,,Unassigned,T4
ACS-809,809,LiCoO2,mp-22526,3.00E-03,,Unassigned,T4
ACS-823,823,LiCoO2,mp-22526,1.00E-09,,Unassigned,T4
ACS-854,854,LiCoO2,mp-22526,2.34E-08,,Unassigned,T4
ACS-888,888,LiCoO2,mp-22526,1.00E-06,,Unassigned,T4
ACS-1128,1128,LiMn2O4,mp-22584,1.00E-05,,Unassigned,T4
ACS-1235,1235,LiMn2O4,mp-22584,1.00E-06,,Unassigned,T4
ACS-1269,1269,LiMn2O4,mp-22584,2.84E-08,,Unassigned,T4
ACS-1271,1271,LiMn2O4,mp-22584,3.20E-07,,Unassigned,T4
ACS-1404,1404,LiMn2O4,mp-22584,1.00E-07,,Unassigned,T4
ACS-1471,1471,LiMn2O4,mp-22584,1.00E-08,,Unassigned,T4
ACS-1576,1576,LiMn2O4,mp-22584,1.00E-06,,Unassigned,T4
ACS-1597,1597,LiMn2O4,mp-22584,1.00E-08,,Unassigned,T4
ACS-1662,1662,LiMn2O4,mp-22584,1.00E-06,,Unassigned,T4
ACS-1778,1778,LiMn2O4,mp-22584,1.81E-07,,Unassigned,T4
ACS-1793,1793,LiMn2O4,mp-22584,1.00E-07,,Unassigned,T4
ACS-1863,1863,LiMn2O4,mp-22584,2.50E-05,,Unassigned,T4
ACS-1961,1961,LiMn2O4,mp-22584,1.00E-07,,Unassigned,T4
ACS-206,206,LiMn2O4,mp-22584,1.00E-05,,Unassigned,T4
ACS-2062,2062,LiMn2O4,mp-22584,1.08E-04,,Unassigned,T4
ACS-2088,2088,LiMn2O4,mp-22584,1.00E-07,,Unassigned,T4
ACS-2167,2167,LiMn2O4,mp-22584,1.00E-07,,Unassigned,T4
ACS-2350,2350,LiMn2O4,mp-22584,1.00E-09,,Unassigned,T4
ACS-2460,2460,LiMn2O4,mp-22584,1.00E-08,,Unassigned,T4
ACS-252,252,LiMn2O4,mp-22584,1.00E-06,,Unassigned,T4
ACS-2531,2531,LiMn2O4,mp-22584,2.00E-07,,Unassigned,T4
ACS-2659,2659,LiMn2O4,mp-22584,1.00E-08,,Unassigned,T4
ACS-2697,2697,LiMn2O4,mp-22584,1.00E-07,,Unassigned,T4
ACS-2758,2758,LiMn2O4,mp-22584,1.00E-07,,Unassigned,T4
ACS-2879,2879,LiMn2O4,mp-22584,3.30E-08,,Unassigned,T4
ACS-2906,2906,LiMn2O4,mp-22584,1.00E-05,,Unassigned,T4
ACS-2994,2994,LiMn2O4,mp-22584,1.00E-07,,Unassigned,T4
ACS-3042,3042,LiMn2O4,mp-22584,1.00E-06,,Unassigned,T4
ACS-3075,3075,LiMn2O4,mp-22584,1.00E-08,,Unassigned,T4
ACS-3128,3128,LiMn2O4,mp-22584,1.00E-06,,Unassigned,T4
ACS-3157,3157,LiMn2O4,mp-22584,1.00E-11,,Unassigned,T4
ACS-324,324,LiMn2O4,mp-22584,1.00E-05,,Unassigned,T4
ACS-3240,3240,LiMn2O4,mp-22584,1.00E-12,,Unassigned,T4
ACS-331,331,LiMn2O4,mp-22584,4.00E-03,,Unassigned,T4
ACS-3419,3419,LiMn2O4,mp-22584,1.00E-06,,Unassigned,T4
ACS-3449,3449,LiMn2O4,mp-22584,1.00E-06,,Unassigned,T4
ACS-3457,3457,LiMn2O4,mp-22584,3.20E-07,,Unassigned,T4
ACS-3462,3462,LiMn2O4,mp-22584,1.00E-09,,Unassigned,T4
ACS-3477,3477,LiMn2O4,mp-22584,1.00E-06,,Unassigned,T4
ACS-3679,3679,LiMn2O4,mp-22584,1.00E-07,,Unassigned,T4
ACS-3683,3683,LiMn2O4,mp-22584,1.90E-09,,Unassigned,T4
ACS-3719,3719,LiMn2O4,mp-22584,3.20E-07,,Unassigned,T4
ACS-3789,3789,LiMn2O4,mp-22584,1.00E-07,,Unassigned,T4
ACS-3846,3846,LiMn2O4,mp-22584,1.00E-07,,Unassigned,T4
ACS-3848,3848,LiMn2O4,mp-22584,5.25E-10,,Unassigned,T4
ACS-3927,3927,LiMn2O4,mp-22584,1.00E-07,,Unassigned,T4
ACS-396,396,LiMn2O4,mp-22584,1.00E-17,,Unassigned,T4
ACS-4005,4005,LiMn2O4,mp-22584,1.00E-14,,Unassigned,T4
ACS-63,63,LiMn2O4,mp-22584,1.00E-12,,Unassigned,T4
ACS-641,641,LiMn2O4,mp-22584,1.00E-07,,Unassigned,T4
ACS-643,643,LiMn2O4,mp-22584,1.00E-06,,Unassigned,T4
ACS-723,723,LiMn2O4,mp-22584,4.90E-05,,Unassigned,T4
ACS-808,808,LiMn2O4,mp-22584,1.00E-06,,Unassigned,T4
ACS-86,86,LiMn2O4,mp-22584,1.00E-09,,Unassigned,T4
ACS-918,918,LiMn2O4,mp-22584,5.10E-08,,Unassigned,T4
ACS-3608,3608,FeS2,mp-226,1.00E-05,,Unassigned,T4
ACS-3722,3722,NiCo2S4,mp-22658,1.00E-13,,Unassigned,T4
ACS-3950,3950,NiCo2S4,mp-22658,1.00E-13,,Unassigned,T4
ACS-377,377,NiFe2O4,mp-22684,1.31E-11,,Unassigned,T4
ACS-3901,3901,NiFe2O4,mp-22684,1.00E-11,,Unassigned,T4
ACS-3916,3916,NiFe2O4,mp-22684,4.00E-03,,Unassigned,T4
ACS-646,646,NiFe2O4,mp-22684,1.42E-07,,Unassigned,T4
ACS-2321,2321,WTe2,mp-22693,5.00E+01,,Unassigned,T4
ACS-1677,1677,NiS2,mp-2282,5.50E-02,,Unassigned,T4
ACS-3290,3290,NiS2,mp-2282,5.50E-02,,Unassigned,T4
ACS-1082,1082,NaCl,mp-22851,3.50E+01,,Unassigned,T4
ACS-1126,1126,NaCl,mp-22851,7.00E+00,,Unassigned,T4
ACS-1284,1284,NaCl,mp-22851,2.47E-04,,Unassigned,T4
ACS-1600,1600,NaCl,mp-22851,2.00E-01,,Unassigned,T4
ACS-2033,2033,NaCl,mp-22851,1.00E-03,,Unassigned,T4
ACS-2049,2049,NaCl,mp-22851,2.44E-07,,Unassigned,T4
ACS-2382,2382,NaCl,mp-22851,3.00E+01,,Unassigned,T4
ACS-2861,2861,NaCl,mp-22851,1.26E+02,,Unassigned,T4
ACS-3179,3179,NaCl,mp-22851,4.00E-02,,Unassigned,T4
ACS-3200,3200,NaCl,mp-22851,1.94E+00,,Unassigned,T4
ACS-3659,3659,NaCl,mp-22851,7.64E+01,,Unassigned,T4
ACS-3895,3895,NaCl,mp-22851,3.50E+01,,Unassigned,T4
ACS-3910,3910,NaCl,mp-22851,3.03E-07,,Unassigned,T4
ACS-3958,3958,NaCl,mp-22851,2.00E-05,,Unassigned,T4
ACS-64,64,NaCl,mp-22851,4.70E-05,,Unassigned,T4
ACS-942,942,NaCl,mp-22851,3.50E+01,,Unassigned,T4
ACS-963,963,NaCl,mp-22851,5.00E-02,,Unassigned,T4
ACS-1373,1373,LiCl,mp-22905,3.49E+01,,Unassigned,T4
ACS-1850,1850,LiCl,mp-22905,1.70E+02,,Unassigned,T4
ACS-1871,1871,LiCl,mp-22905,1.90E+01,,Unassigned,T4
ACS-1963,1963,LiCl,mp-22905,1.80E-03,,Unassigned,T4
ACS-2237,2237,LiCl,mp-22905,3.00E-03,,Unassigned,T4
ACS-2819,2819,LiCl,mp-22905,1.00E-03,,Unassigned,T4
ACS-316,316,LiCl,mp-22905,1.46E+02,,Unassigned,T4
ACS-3452,3452,LiCl,mp-22905,4.00E-03,,Unassigned,T4
ACS-3509,3509,LiCl,mp-22905,1.51E-12,,Unassigned,T4
ACS-3763,3763,LiCl,mp-22905,5.89E-07,,Unassigned,T4
ACS-3774,3774,LiCl,mp-22905,1.00E-07,,Unassigned,T4
ACS-4022,4022,LiCl,mp-22905,1.00E-12,,Unassigned,T4
ACS-500,500,LiCl,mp-22905,2.61E-03,,Unassigned,T4
ACS-670,670,LiCl,mp-22905,2.61E-03,,Unassigned,T4
ACS-784,784,LiCl,mp-22905,2.88E-07,,Unassigned,T4
ACS-2420,2420,BCl3,mp-23184,7.00E-03,,Unassigned,T4
ACS-1179,1179,FeCl3,mp-23204,1.70E-03,,Unassigned,T4
ACS-140,140,FeCl3,mp-23204,5.60E-03,,Unassigned,T4
ACS-1937,1937,FeCl3,mp-23204,3.59E-07,,Unassigned,T4
ACS-217,217,FeCl3,mp-23204,3.00E-03,,Unassigned,T4
ACS-2556,2556,FeCl3,mp-23204,1.00E-06,,Unassigned,T4
ACS-2719,2719,FeCl3,mp-23204,5.10E-03,,Unassigned,T4
ACS-2774,2774,FeCl3,mp-23204,6.17E-13,,Unassigned,T4
ACS-3384,3384,FeCl3,mp-23204,2.00E-05,,Unassigned,T4
ACS-3994,3994,FeCl3,mp-23204,1.00E-09,,Unassigned,T4
ACS-447,447,FeCl3,mp-23204,3.15E-13,,Unassigned,T4
ACS-771,771,FeCl3,mp-23204,4.50E-05,,Unassigned,T4
ACS-2938,2938,MgCl2,mp-23210,1.00E-08,,Unassigned,T4
ACS-3147,3147,MgCl2,mp-23210,1.00E-06,,Unassigned,T4
ACS-3944,3944,MgCl2,mp-23210,5.90E-05,,Unassigned,T4
ACS-831,831,MgCl2,mp-23210,6.60E-04,,Unassigned,T4
ACS-1199,1199,CoCl2,mp-23240,1.22E-02,,Unassigned,T4
ACS-282,282,Bi2WO6,mp-23329,1.00E-09,,Unassigned,T4
ACS-3281,3281,Bi2WO6,mp-23329,3.87E-11,,Unassigned,T4
ACS-133,133,Na2O,mp-2352,1.96E-47,,Unassigned,T4
ACS-3993,3993,Na2O,mp-2352,3.00E-08,,Unassigned,T4
ACS-1178,1178,NH4Br,mp-23675,1.00E-07,,Unassigned,T4
ACS-1213,1213,NH4Br,mp-23675,2.06E-01,,Unassigned,T4
ACS-2605,2605,NH4Br,mp-23675,1.12E-07,,Unassigned,T4
ACS-2834,2834,NH4Br,mp-23675,1.00E-08,,Unassigned,T4
ACS-3761,3761,NH4Br,mp-23675,1.58E-06,,Unassigned,T4
ACS-1406,1406,CO(NH2)2,mp-23778,4.93E-07,,Unassigned,T4
ACS-507,507,CO(NH2)2,mp-23778,7.02E-07,,Unassigned,T4
ACS-12,12,NH4NO3,mp-23790,1.29E-10,,Unassigned,T4
ACS-1425,1425,NH4NO3,mp-23790,1.90E-06,,Unassigned,T4
ACS-194,194,NH4NO3,mp-23790,3.00E-03,,Unassigned,T4
ACS-309,309,NH4NO3,mp-23790,1.00E-06,,Unassigned,T4
ACS-3726,3726,NH4NO3,mp-23790,2.53E-08,,Unassigned,T4
ACS-4011,4011,NH4NO3,mp-23790,4.11E-08,,Unassigned,T4
ACS-671,671,NH4NO3,mp-23790,5.00E-03,,Unassigned,T4
ACS-827,827,NH4NO3,mp-23790,3.00E-03,,Unassigned,T4
ACS-962,962,NH4NO3,mp-23790,1.02E-06,,Unassigned,T4
ACS-231,231,NaNH2,mp-23850,1.00E-13,,Unassigned,T4
ACS-1855,1855,LiOH,mp-23856,2.37E-07,,Unassigned,T4
ACS-2313,2313,LiOH,mp-23856,2.40E-03,,Unassigned,T4
ACS-2467,2467,LiOH,mp-23856,2.37E-07,,Unassigned,T4
ACS-2641,2641,LiOH,mp-23856,1.00E-06,,Unassigned,T4
ACS-3259,3259,LiOH,mp-23856,1.00E-04,,Unassigned,T4
ACS-3586,3586,LiOH,mp-23856,2.67E-07,,Unassigned,T4
ACS-370,370,LiOH,mp-23856,1.00E-07,,Unassigned,T4
ACS-849,849,LiOH,mp-23856,9.50E-07,,Unassigned,T4
ACS-88,88,LiOH,mp-23856,2.67E-07,,Unassigned,T4
ACS-1124,1124,NaOH,mp-23891,1.00E-05,,Unassigned,T4
ACS-1309,1309,NaOH,mp-23891,3.11E-08,,Unassigned,T4
ACS-1568,1568,NaOH,mp-23891,2.00E-03,,Unassigned,T4
ACS-1823,1823,NaOH,mp-23891,4.10E-05,,Unassigned,T4
ACS-1890,1890,NaOH,mp-23891,1.11E-05,,Unassigned,T4
ACS-1930,1930,NaOH,mp-23891,1.90E-05,,Unassigned,T4
ACS-2155,2155,NaOH,mp-23891,4.00E-04,,Unassigned,T4
ACS-2161,2161,NaOH,mp-23891,1.00E-01,,Unassigned,T4
ACS-2303,2303,NaOH,mp-23891,3.36E-02,,Unassigned,T4
ACS-2431,2431,NaOH,mp-23891,3.36E-02,,Unassigned,T4
ACS-270,270,NaOH,mp-23891,2.00E-09,,Unassigned,T4
ACS-292,292,NaOH,mp-23891,1.00E-07,,Unassigned,T4
ACS-2955,2955,NaOH,mp-23891,8.60E-04,,Unassigned,T4
ACS-3199,3199,NaOH,mp-23891,7.61E-03,,Unassigned,T4
ACS-3294,3294,NaOH,mp-23891,4.30E-03,,Unassigned,T4
ACS-3342,3342,NaOH,mp-23891,4.10E-02,,Unassigned,T4
ACS-3442,3442,NaOH,mp-23891,1.84E-02,,Unassigned,T4
ACS-3662,3662,NaOH,mp-23891,5.24E-05,,Unassigned,T4
ACS-3669,3669,NaOH,mp-23891,1.11E-05,,Unassigned,T4
ACS-415,415,NaOH,mp-23891,1.70E-05,,Unassigned,T4
ACS-980,980,NaOH,mp-23891,2.00E-04,,Unassigned,T4
ACS-1109,1109,H3PO4,mp-23902,1.40E-05,,Unassigned,T4
ACS-1219,1219,H3PO4,mp-23902,1.80E-05,,Unassigned,T4
ACS-1366,1366,H3PO4,mp-23902,3.20E-05,,Unassigned,T4
ACS-1628,1628,H3PO4,mp-23902,1.10E-05,,Unassigned,T4
ACS-1743,1743,H3PO4,mp-23902,1.00E-05,,Unassigned,T4
ACS-1817,1817,H3PO4,mp-23902,2.50E-06,,Unassigned,T4
ACS-1828,1828,H3PO4,mp-23902,7.00E-03,,Unassigned,T4
ACS-195,195,H3PO4,mp-23902,1.00E-07,,Unassigned,T4
ACS-3441,3441,H3PO4,mp-23902,1.10E-02,,Unassigned,T4
ACS-3632,3632,H3PO4,mp-23902,2.10E-07,,Unassigned,T4
ACS-3738,3738,H3PO4,mp-23902,2.23E-05,,Unassigned,T4
ACS-72,72,H3PO4,mp-23902,3.20E-06,,Unassigned,T4
ACS-735,735,H3PO4,mp-23902,1.00E-05,,Unassigned,T4
ACS-890,890,H3PO4,mp-23902,5.30E-05,,Unassigned,T4
ACS-101,101,H2SO4,mp-24172,1.00E-01,,Unassigned,T4
ACS-1043,1043,H2SO4,mp-24172,1.09E-04,,Unassigned,T4
ACS-1166,1166,H2SO4,mp-24172,1.00E-03,,Unassigned,T4
ACS-1264,1264,H2SO4,mp-24172,8.00E-04,,Unassigned,T4
ACS-1292,1292,H2SO4,mp-24172,1.00E-03,,Unassigned,T4
ACS-1399,1399,H2SO4,mp-24172,1.45E-04,,Unassigned,T4
ACS-1812,1812,H2SO4,mp-24172,3.39E-02,,Unassigned,T4
ACS-1862,1862,H2SO4,mp-24172,8.00E-04,,Unassigned,T4
ACS-1983,1983,H2SO4,mp-24172,8.00E-04,,Unassigned,T4
ACS-237,237,H2SO4,mp-24172,9.56E-05,,Unassigned,T4
ACS-2457,2457,H2SO4,mp-24172,8.00E-04,,Unassigned,T4
ACS-2631,2631,H2SO4,mp-24172,3.40E-04,,Unassigned,T4
ACS-2666,2666,H2SO4,mp-24172,1.00E-04,,Unassigned,T4
ACS-2790,2790,H2SO4,mp-24172,1.02E-04,,Unassigned,T4
ACS-2849,2849,H2SO4,mp-24172,8.00E-04,,Unassigned,T4
ACS-2867,2867,H2SO4,mp-24172,8.70E-05,,Unassigned,T4
ACS-3053,3053,H2SO4,mp-24172,4.91E-08,,Unassigned,T4
ACS-3139,3139,H2SO4,mp-24172,4.91E-08,,Unassigned,T4
ACS-315,315,H2SO4,mp-24172,9.00E-02,,Unassigned,T4
ACS-3206,3206,H2SO4,mp-24172,6.80E-04,,Unassigned,T4
ACS-3270,3270,H2SO4,mp-24172,8.00E-04,,Unassigned,T4
ACS-3299,3299,H2SO4,mp-24172,3.80E-05,,Unassigned,T4
ACS-3316,3316,H2SO4,mp-24172,3.04E-02,,Unassigned,T4
ACS-3372,3372,H2SO4,mp-24172,6.00E-01,,Unassigned,T4
ACS-3421,3421,H2SO4,mp-24172,6.50E-04,,Unassigned,T4
ACS-3814,3814,H2SO4,mp-24172,6.80E+00,,Unassigned,T4
ACS-392,392,H2SO4,mp-24172,1.29E-01,,Unassigned,T4
ACS-691,691,H2SO4,mp-24172,2.00E-03,,Unassigned,T4
ACS-844,844,H2SO4,mp-24172,4.20E-02,,Unassigned,T4
ACS-903,903,H2SO4,mp-24172,3.20E-05,,Unassigned,T4
ACS-93,93,H2SO4,mp-24172,1.05E-06,,Unassigned,T4
ACS-2070,2070,NaBH4,mp-24810,8.33E-05,,Unassigned,T4
ACS-860,860,NaBH4,mp-24810,3.05E-03,,Unassigned,T4
ACS-1016,1016,V2O5,mp-25207,2.00E-04,,Unassigned,T4
ACS-1033,1033,V2O5,mp-25207,1.00E-06,,Unassigned,T4
ACS-1085,1085,V2O5,mp-25207,1.00E-06,,Unassigned,T4
ACS-1342,1342,V2O5,mp-25207,1.00E-08,,Unassigned,T4
ACS-1345,1345,V2O5,mp-25207,5.00E-05,,Unassigned,T4
ACS-1351,1351,V2O5,mp-25207,6.00E-03,,Unassigned,T4
ACS-1429,1429,V2O5,mp-25207,1.00E-06,,Unassigned,T4
ACS-1450,1450,V2O5,mp-25207,1.00E-03,,Unassigned,T4
ACS-1480,1480,V2O5,mp-25207,1.00E-06,,Unassigned,T4
ACS-1660,1660,V2O5,mp-25207,1.00E-03,,Unassigned,T4
ACS-1716,1716,V2O5,mp-25207,2.40E-10,,Unassigned,T4
ACS-1792,1792,V2O5,mp-25207,1.00E-06,,Unassigned,T4
ACS-1831,1831,V2O5,mp-25207,3.16E-08,,Unassigned,T4
ACS-1833,1833,V2O5,mp-25207,1.00E-06,,Unassigned,T4
ACS-1917,1917,V2O5,mp-25207,1.00E-13,,Unassigned,T4
ACS-1964,1964,V2O5,mp-25207,1.00E-06,,Unassigned,T4
ACS-1973,1973,V2O5,mp-25207,1.00E-06,,Unassigned,T4
ACS-201,201,V2O5,mp-25207,1.43E-11,,Unassigned,T4
ACS-2017,2017,V2O5,mp-25207,8.00E-06,,Unassigned,T4
ACS-2080,2080,V2O5,mp-25207,1.00E-06,,Unassigned,T4
ACS-2200,2200,V2O5,mp-25207,1.00E-09,,Unassigned,T4
ACS-2241,2241,V2O5,mp-25207,1.72E-10,,Unassigned,T4
ACS-2414,2414,V2O5,mp-25207,1.00E-05,,Unassigned,T4
ACS-2480,2480,V2O5,mp-25207,3.30E-08,,Unassigned,T4
ACS-2537,2537,V2O5,mp-25207,1.00E-06,,Unassigned,T4
ACS-2589,2589,V2O5,mp-25207,4.00E-03,,Unassigned,T4
ACS-2767,2767,V2O5,mp-25207,1.00E-09,,Unassigned,T4
ACS-2796,2796,V2O5,mp-25207,1.00E-06,,Unassigned,T4
ACS-2810,2810,V2O5,mp-25207,1.00E-06,,Unassigned,T4
ACS-2860,2860,V2O5,mp-25207,1.17E-06,,Unassigned,T4
ACS-2929,2929,V2O5,mp-25207,1.00E-09,,Unassigned,T4
ACS-3176,3176,V2O5,mp-25207,1.00E-06,,Unassigned,T4
ACS-3232,3232,V2O5,mp-25207,3.00E-03,,Unassigned,T4
ACS-3277,3277,V2O5,mp-25207,1.00E-06,,Unassigned,T4
ACS-3285,3285,V2O5,mp-25207,1.00E-10,,Unassigned,T4
ACS-3324,3324,V2O5,mp-25207,1.72E-10,,Unassigned,T4
ACS-3325,3325,V2O5,mp-25207,1.00E-01,,Unassigned,T4
ACS-3340,3340,V2O5,mp-25207,1.00E-05,,Unassigned,T4
ACS-3346,3346,V2O5,mp-25207,1.00E-05,,Unassigned,T4
ACS-3353,3353,V2O5,mp-25207,1.00E-06,,Unassigned,T4
ACS-3436,3436,V2O5,mp-25207,1.00E-05,,Unassigned,T4
ACS-344,344,V2O5,mp-25207,5.00E-04,,Unassigned,T4
ACS-3519,3519,V2O5,mp-25207,1.00E-10,,Unassigned,T4
ACS-3573,3573,V2O5,mp-25207,1.00E-05,,Unassigned,T4
ACS-3616,3616,V2O5,mp-25207,1.40E-08,,Unassigned,T4
ACS-3711,3711,V2O5,mp-25207,1.00E-05,,Unassigned,T4
ACS-3842,3842,V2O5,mp-25207,1.00E-09,,Unassigned,T4
ACS-3843,3843,V2O5,mp-25207,8.70E-10,,Unassigned,T4
ACS-3928,3928,V2O5,mp-25207,1.00E-07,,Unassigned,T4
ACS-3969,3969,V2O5,mp-25207,1.00E-06,,Unassigned,T4
ACS-424,424,V2O5,mp-25207,1.00E-06,,Unassigned,T4
ACS-556,556,V2O5,mp-25207,1.00E-05,,Unassigned,T4
ACS-622,622,V2O5,mp-25207,1.00E-06,,Unassigned,T4
ACS-695,695,V2O5,mp-25207,1.00E-08,,Unassigned,T4
ACS-757,757,V2O5,mp-25207,1.00E-07,,Unassigned,T4
ACS-881,881,V2O5,mp-25207,1.00E-06,,Unassigned,T4
ACS-896,896,V2O5,mp-25207,2.86E-08,,Unassigned,T4
ACS-917,917,V2O5,mp-25207,1.00E-09,,Unassigned,T4
ACS-920,920,V2O5,mp-25207,2.42E-09,,Unassigned,T4
ACS-2923,2923,KMnO2,mp-25228,1.00E-08,,Unassigned,T4
ACS-181,181,LiNiO2,mp-25258,4.34E-09,,Unassigned,T4
ACS-2238,2238,LiNiO2,mp-25258,1.00E-07,,Unassigned,T4
ACS-240,240,LiNiO2,mp-25258,1.00E-05,,Unassigned,T4
ACS-3056,3056,MoO2,mp-25349,8.00E-03,,Unassigned,T4
ACS-3788,3788,MoO2,mp-25349,3.90E-03,,Unassigned,T4
ACS-2255,2255,LiFePO4F,mp-25407,1.00E-10,,Unassigned,T4
ACS-3716,3716,LiFePO4F,mp-25407,1.70E-07,,Unassigned,T4
ACS-1103,1103,LiVPO4F,mp-25423,5.30E-11,,Unassigned,T4
ACS-1513,1513,LiVPO4F,mp-25423,1.00E-14,,Unassigned,T4
ACS-1797,1797,LiVPO4F,mp-25423,1.00E-14,,Unassigned,T4
ACS-2700,2700,LiVPO4F,mp-25423,1.00E-14,,Unassigned,T4
ACS-29,29,LiVPO4F,mp-25423,1.00E-14,,Unassigned,T4
ACS-3040,3040,Li2FeP2O7,mp-25845,3.40E-12,,Unassigned,T4
ACS-1290,1290,IrO2,mp-2723,3.20E-02,,Unassigned,T4
ACS-2402,2402,IrO2,mp-2723,4.50E-03,,Unassigned,T4
ACS-347,347,IrO2,mp-2723,1.00E-07,,Unassigned,T4
ACS-1164,1164,Li3BO3,mp-27275,3.60E-09,,Unassigned,T4
ACS-2122,2122,Li3BO3,mp-27275,2.00E-09,,Unassigned,T4
ACS-2385,2385,Li3BO3,mp-27275,2.50E-07,,Unassigned,T4
ACS-2684,2684,Li3BO3,mp-27275,2.98E-07,,Unassigned,T4
ACS-3459,3459,Li3BO3,mp-27275,6.10E-07,,Unassigned,T4
ACS-3568,3568,Li3BO3,mp-27275,6.50E-09,,Unassigned,T4
ACS-3898,3898,Li3BO3,mp-27275,1.33E-07,,Unassigned,T4
ACS-1007,1007,LiV3O8,mp-27503,2.40E-10,,Unassigned,T4
ACS-198,198,LiV3O8,mp-27503,1.01E-08,,Unassigned,T4
ACS-3218,3218,LiV3O8,mp-27503,1.01E-08,,Unassigned,T4
ACS-3329,3329,LiV3O8,mp-27503,3.99E-07,,Unassigned,T4
ACS-797,797,LiV3O8,mp-27503,1.10E-10,,Unassigned,T4
LIV-727,727,LiAlH4,mp-27653,2.00E-09,25,Other,T4
ACS-1485,1485,Ni(OH)2,mp-27912,1.00E-20,,Unassigned,T4
ACS-2379,2379,Ni(OH)2,mp-27912,1.92E-02,,Unassigned,T4
ACS-3256,3256,Ni(OH)2,mp-27912,1.92E-02,,Unassigned,T4
ACS-3782,3782,Ni(OH)2,mp-27912,1.00E-08,,Unassigned,T4
ACS-401,401,Ni(OH)2,mp-27912,1.00E-08,,Unassigned,T4
ACS-1380,1380,CoOOH,mp-27913,5.00E-03,,Unassigned,T4
ACS-1581,1581,CoOOH,mp-27913,1.00E-08,,Unassigned,T4
ACS-2098,2098,CoOOH,mp-27913,1.00E-05,,Unassigned,T4
ACS-2328,2328,CoOOH,mp-27913,1.28E-02,,Unassigned,T4
ACS-2573,2573,CoOOH,mp-27913,1.00E-05,,Unassigned,T4
ACS-2595,2595,CoOOH,mp-27913,1.00E-08,,Unassigned,T4
ACS-3164,3164,CoOOH,mp-27913,1.00E-08,,Unassigned,T4
ACS-3534,3534,CoOOH,mp-27913,5.00E-03,,Unassigned,T4
ACS-572,572,CoOOH,mp-27913,6.20E-02,,Unassigned,T4
ACS-69,69,CoOOH,mp-27913,1.00E-05,,Unassigned,T4
ACS-98,98,CoOOH,mp-27913,1.00E-05,,Unassigned,T4
ACS-1550,1550,LiBiO2,mp-28253,6.00E-03,,Unassigned,T4
ACS-1891,1891,LiBiO2,mp-28253,1.00E-02,,Unassigned,T4
ACS-3498,3498,LiBiO2,mp-28253,7.00E-03,,Unassigned,T4
ACS-75,75,LiBiO2,mp-28253,8.00E-03,,Unassigned,T4
ACS-433,433,Li4P2O7,mp-28450,2.00E-10,,Unassigned,T4
ACS-1175,1175,Na3PS4,mp-28782,3.00E-06,,NASICON(-like),T4
ACS-1349,1349,Na3PS4,mp-28782,2.00E-04,,NASICON(-like),T4
ACS-146,146,Na3PS4,mp-28782,7.40E-07,,NASICON(-like),T4
ACS-1528,1528,Na3PS4,mp-28782,1.00E-07,,NASICON(-like),T4
ACS-1879,1879,Na3PS4,mp-28782,3.34E-07,,NASICON(-like),T4
ACS-197,197,Na3PS4,mp-28782,2.00E-04,,NASICON(-like),T4
ACS-2211,2211,Na3PS4,mp-28782,4.60E-07,,NASICON(-like),T4
ACS-2687,2687,Na3PS4,mp-28782,1.00E-04,,NASICON(-like),T4
ACS-2693,2693,Na3PS4,mp-28782,2.60E-07,,NASICON(-like),T4
ACS-2799,2799,Na3PS4,mp-28782,6.70E-04,,NASICON(-like),T4
ACS-2823,2823,Na3PS4,mp-28782,3.00E-07,,NASICON(-like),T4
ACS-2864,2864,Na3PS4,mp-28782,4.60E-07,,NASICON(-like),T4
ACS-3044,3044,Na3PS4,mp-28782,8.10E-09,,NASICON(-like),T4
ACS-3321,3321,Na3PS4,mp-28782,2.00E-07,,NASICON(-like),T4
ACS-3447,3447,Na3PS4,mp-28782,2.00E-04,,NASICON(-like),T4
ACS-3474,3474,Na3PS4,mp-28782,1.46E-03,,NASICON(-like),T4
ACS-3525,3525,Na3PS4,mp-28782,1.00E-07,,NASICON(-like),T4
ACS-4,4,Na3PS4,mp-28782,4.60E-07,,NASICON(-like),T4
ACS-905,905,Na3PS4,mp-28782,1.00E-07,,NASICON(-like),T4
ACS-1515,1515,MnOOH,mp-29159,1.00E-08,,Unassigned,T4
ACS-1086,1086,LiPO3,mp-29195,2.00E-03,,Unassigned,T4
ACS-1919,1919,LiPO3,mp-29195,1.10E-02,,Unassigned,T4
ACS-389,389,LiPO3,mp-29195,8.00E-03,,Unassigned,T4
ACS-724,724,LiPO3,mp-29195,8.00E-03,,Unassigned,T4
ACS-866,866,LiPO3,mp-29195,1.00E-11,,Unassigned,T4
LIV-212,212,LiPO3,mp-29195,5.89E-06,170,Glasses & glass-ceramics / LIPON,T4
LIV-66,66,LiPO3,mp-29195,9.80E-09,255,Glasses & glass-ceramics / LIPON,T4
LIV-67,67,LiPO3,mp-29195,1.16E-07,300,Glasses & glass-ceramics / LIPON,T4
LIV-68,68,LiPO3,mp-29195,2.50E-08,280,Glasses & glass-ceramics / LIPON,T4
LIV-69,69,LiPO3,mp-29195,4.50E-07,322,Glasses & glass-ceramics / LIPON,T4
LIV-856,856,LiPO3,mp-29195,5.50E-08,70,Glasses & glass-ceramics / LIPON,T4
LIV-491,491,Li2TiO3,mp-2931,3.52E-08,186,Halide,T4
ACS-807,807,NiMn2O4,mp-29399,1.16E-08,,Unassigned,T4
ACS-1281,1281,BaTiO3,mp-2998,1.50E-10,,Unassigned,T4
ACS-1288,1288,BaTiO3,mp-2998,4.00E-03,,Unassigned,T4
ACS-3821,3821,BaTiO3,mp-2998,2.10E-06,,Unassigned,T4
ACS-552,552,BaTiO3,mp-2998,7.21E-06,,Unassigned,T4
LIV-587,587,LiBH4,mp-30209,9.89E-08,27,Other,T4
LIV-588,588,LiBH4,mp-30209,7.96E-08,39.83,Other,T4
LIV-719,719,LiBH4,mp-30209,4.00E-08,40,Other,T4
ACS-1010,1010,LiClO4,mp-30301,1.30E-07,,Unassigned,T4
ACS-1079,1079,LiClO4,mp-30301,8.35E-08,,Unassigned,T4
ACS-1093,1093,LiClO4,mp-30301,3.00E-08,,Unassigned,T4
ACS-1100,1100,LiClO4,mp-30301,1.47E-05,,Unassigned,T4
ACS-1111,1111,LiClO4,mp-30301,1.00E-06,,Unassigned,T4
ACS-112,112,LiClO4,mp-30301,1.00E-18,,Unassigned,T4
ACS-1129,1129,LiClO4,mp-30301,1.00E-10,,Unassigned,T4
ACS-114,114,LiClO4,mp-30301,5.71E-06,,Unassigned,T4
ACS-115,115,LiClO4,mp-30301,5.10E-04,,Unassigned,T4
ACS-1165,1165,LiClO4,mp-30301,2.50E-08,,Unassigned,T4
ACS-1167,1167,LiClO4,mp-30301,3.79E-11,,Unassigned,T4
ACS-1203,1203,LiClO4,mp-30301,1.00E-07,,Unassigned,T4
ACS-1231,1231,LiClO4,mp-30301,4.00E-03,,Unassigned,T4
ACS-1247,1247,LiClO4,mp-30301,2.24E-08,,Unassigned,T4
ACS-1270,1270,LiClO4,mp-30301,1.10E-05,,Unassigned,T4
ACS-1291,1291,LiClO4,mp-30301,2.40E-07,,Unassigned,T4
ACS-1327,1327,LiClO4,mp-30301,1.00E-08,,Unassigned,T4
ACS-137,137,LiClO4,mp-30301,2.73E-07,,Unassigned,T4
ACS-139,139,LiClO4,mp-30301,6.90E-06,,Unassigned,T4
ACS-1587,1587,LiClO4,mp-30301,4.00E-03,,Unassigned,T4
ACS-1613,1613,LiClO4,mp-30301,1.30E-10,,Unassigned,T4
ACS-1630,1630,LiClO4,mp-30301,2.00E-07,,Unassigned,T4
ACS-1659,1659,LiClO4,mp-30301,6.32E-05,,Unassigned,T4
ACS-1672,1672,LiClO4,mp-30301,9.00E-03,,Unassigned,T4
ACS-1675,1675,LiClO4,mp-30301,9.51E-06,,Unassigned,T4
ACS-1728,1728,LiClO4,mp-30301,4.20E-08,,Unassigned,T4
ACS-1730,1730,LiClO4,mp-30301,2.18E-07,,Unassigned,T4
ACS-1811,1811,LiClO4,mp-30301,1.07E-05,,Unassigned,T4
ACS-1813,1813,LiClO4,mp-30301,4.00E-09,,Unassigned,T4
ACS-1837,1837,LiClO4,mp-30301,1.00E-05,,Unassigned,T4
ACS-1838,1838,LiClO4,mp-30301,1.60E-07,,Unassigned,T4
ACS-1943,1943,LiClO4,mp-30301,1.00E-06,,Unassigned,T4
ACS-1948,1948,LiClO4,mp-30301,3.46E-06,,Unassigned,T4
ACS-1977,1977,LiClO4,mp-30301,3.14E-08,,Unassigned,T4
ACS-1984,1984,LiClO4,mp-30301,2.60E-07,,Unassigned,T4
ACS-2001,2001,LiClO4,mp-30301,1.70E-02,,Unassigned,T4
ACS-2005,2005,LiClO4,mp-30301,1.00E-12,,Unassigned,T4
ACS-2009,2009,LiClO4,mp-30301,3.79E-11,,Unassigned,T4
ACS-2027,2027,LiClO4,mp-30301,3.00E-03,,Unassigned,T4
ACS-2117,2117,LiClO4,mp-30301,8.00E-09,,Unassigned,T4
ACS-2153,2153,LiClO4,mp-30301,8.00E-09,,Unassigned,T4
ACS-2171,2171,LiClO4,mp-30301,3.79E+00,,Unassigned,T4
ACS-2205,2205,LiClO4,mp-30301,4.40E-08,,Unassigned,T4
ACS-2219,2219,LiClO4,mp-30301,1.00E-07,,Unassigned,T4
ACS-2225,2225,LiClO4,mp-30301,1.00E-06,,Unassigned,T4
ACS-2275,2275,LiClO4,mp-30301,4.50E-07,,Unassigned,T4
ACS-2290,2290,LiClO4,mp-30301,1.00E-11,,Unassigned,T4
ACS-2305,2305,LiClO4,mp-30301,6.00E-09,,Unassigned,T4
ACS-2307,2307,LiClO4,mp-30301,1.00E-11,,Unassigned,T4
ACS-2348,2348,LiClO4,mp-30301,8.38E-06,,Unassigned,T4
ACS-2353,2353,LiClO4,mp-30301,8.90E-09,,Unassigned,T4
ACS-2412,2412,LiClO4,mp-30301,1.75E-08,,Unassigned,T4
ACS-2476,2476,LiClO4,mp-30301,2.58E-10,,Unassigned,T4
ACS-248,248,LiClO4,mp-30301,1.91E-06,,Unassigned,T4
ACS-2496,2496,LiClO4,mp-30301,4.00E-03,,Unassigned,T4
ACS-2498,2498,LiClO4,mp-30301,1.00E-07,,Unassigned,T4
ACS-25,25,LiClO4,mp-30301,8.70E-05,,Unassigned,T4
ACS-2539,2539,LiClO4,mp-30301,1.00E-09,,Unassigned,T4
ACS-2590,2590,LiClO4,mp-30301,1.00E-05,,Unassigned,T4
ACS-2615,2615,LiClO4,mp-30301,1.53E-08,,Unassigned,T4
ACS-2619,2619,LiClO4,mp-30301,2.26E-09,,Unassigned,T4
ACS-2627,2627,LiClO4,mp-30301,2.73E-07,,Unassigned,T4
ACS-2648,2648,LiClO4,mp-30301,1.50E-08,,Unassigned,T4
ACS-2677,2677,LiClO4,mp-30301,1.20E-09,,Unassigned,T4
ACS-2714,2714,LiClO4,mp-30301,1.00E-06,,Unassigned,T4
ACS-2724,2724,LiClO4,mp-30301,2.30E-07,,Unassigned,T4
ACS-2735,2735,LiClO4,mp-30301,1.00E-06,,Unassigned,T4
ACS-2752,2752,LiClO4,mp-30301,1.00E-06,,Unassigned,T4
ACS-2778,2778,LiClO4,mp-30301,1.75E-08,,Unassigned,T4
ACS-2804,2804,LiClO4,mp-30301,1.00E-08,,Unassigned,T4
ACS-2842,2842,LiClO4,mp-30301,7.00E-10,,Unassigned,T4
ACS-2853,2853,LiClO4,mp-30301,6.90E-03,,Unassigned,T4
ACS-2880,2880,LiClO4,mp-30301,3.00E-03,,Unassigned,T4
ACS-2889,2889,LiClO4,mp-30301,1.07E-05,,Unassigned,T4
ACS-2892,2892,LiClO4,mp-30301,1.00E-08,,Unassigned,T4
ACS-2898,2898,LiClO4,mp-30301,1.75E-08,,Unassigned,T4
ACS-2917,2917,LiClO4,mp-30301,6.90E-08,,Unassigned,T4
ACS-294,294,LiClO4,mp-30301,1.00E-07,,Unassigned,T4
ACS-2976,2976,LiClO4,mp-30301,9.70E-07,,Unassigned,T4
ACS-2992,2992,LiClO4,mp-30301,1.00E-08,,Unassigned,T4
ACS-2998,2998,LiClO4,mp-30301,1.25E-06,,Unassigned,T4
ACS-302,302,LiClO4,mp-30301,1.35E-05,,Unassigned,T4
ACS-3061,3061,LiClO4,mp-30301,3.46E-06,,Unassigned,T4
ACS-307,307,LiClO4,mp-30301,2.80E-07,,Unassigned,T4
ACS-3074,3074,LiClO4,mp-30301,7.00E-10,,Unassigned,T4
ACS-3087,3087,LiClO4,mp-30301,1.00E-06,,Unassigned,T4
ACS-311,311,LiClO4,mp-30301,1.00E-08,,Unassigned,T4
ACS-3125,3125,LiClO4,mp-30301,1.51E-06,,Unassigned,T4
ACS-3132,3132,LiClO4,mp-30301,1.00E-07,,Unassigned,T4
ACS-3152,3152,LiClO4,mp-30301,5.39E-08,,Unassigned,T4
ACS-3215,3215,LiClO4,mp-30301,1.00E-06,,Unassigned,T4
ACS-3250,3250,LiClO4,mp-30301,4.20E-07,,Unassigned,T4
ACS-3310,3310,LiClO4,mp-30301,6.30E-09,,Unassigned,T4
ACS-3320,3320,LiClO4,mp-30301,1.00E-11,,Unassigned,T4
ACS-3371,3371,LiClO4,mp-30301,1.00E-08,,Unassigned,T4
ACS-3418,3418,LiClO4,mp-30301,1.15E-06,,Unassigned,T4
ACS-3433,3433,LiClO4,mp-30301,6.30E-07,,Unassigned,T4
ACS-3443,3443,LiClO4,mp-30301,8.35E-08,,Unassigned,T4
ACS-3523,3523,LiClO4,mp-30301,2.31E-09,,Unassigned,T4
ACS-3538,3538,LiClO4,mp-30301,5.00E-03,,Unassigned,T4
ACS-3553,3553,LiClO4,mp-30301,1.00E-06,,Unassigned,T4
ACS-3555,3555,LiClO4,mp-30301,7.00E-10,,Unassigned,T4
ACS-3563,3563,LiClO4,mp-30301,1.00E-06,,Unassigned,T4
ACS-3583,3583,LiClO4,mp-30301,1.30E-08,,Unassigned,T4
ACS-36,36,LiClO4,mp-30301,1.00E-07,,Unassigned,T4
ACS-3624,3624,LiClO4,mp-30301,1.75E-08,,Unassigned,T4
ACS-3648,3648,LiClO4,mp-30301,6.32E-05,,Unassigned,T4
ACS-3673,3673,LiClO4,mp-30301,1.45E-06,,Unassigned,T4
ACS-3676,3676,LiClO4,mp-30301,3.00E-03,,Unassigned,T4
ACS-3685,3685,LiClO4,mp-30301,1.60E-07,,Unassigned,T4
ACS-3712,3712,LiClO4,mp-30301,5.70E-07,,Unassigned,T4
ACS-3717,3717,LiClO4,mp-30301,2.00E-10,,Unassigned,T4
ACS-3776,3776,LiClO4,mp-30301,2.60E-04,,Unassigned,T4
ACS-3801,3801,LiClO4,mp-30301,8.70E-05,,Unassigned,T4
ACS-386,386,LiClO4,mp-30301,2.08E-08,,Unassigned,T4
ACS-3860,3860,LiClO4,mp-30301,8.30E-06,,Unassigned,T4
ACS-39,39,LiClO4,mp-30301,2.18E-07,,Unassigned,T4
ACS-391,391,LiClO4,mp-30301,1.13E-06,,Unassigned,T4
ACS-3917,3917,LiClO4,mp-30301,1.60E-08,,Unassigned,T4
ACS-3935,3935,LiClO4,mp-30301,3.00E-06,,Unassigned,T4
ACS-3943,3943,LiClO4,mp-30301,7.50E-06,,Unassigned,T4
ACS-3971,3971,LiClO4,mp-30301,2.98E-06,,Unassigned,T4
ACS-3977,3977,LiClO4,mp-30301,2.50E-07,,Unassigned,T4
ACS-4017,4017,LiClO4,mp-30301,2.30E-07,,Unassigned,T4
ACS-4018,4018,LiClO4,mp-30301,6.61E-14,,Unassigned,T4
ACS-402,402,LiClO4,mp-30301,3.74E-08,,Unassigned,T4
ACS-404,404,LiClO4,mp-30301,5.00E-03,,Unassigned,T4
ACS-405,405,LiClO4,mp-30301,1.80E-07,,Unassigned,T4
ACS-426,426,LiClO4,mp-30301,6.61E-14,,Unassigned,T4
ACS-43,43,LiClO4,mp-30301,6.70E-10,,Unassigned,T4
ACS-438,438,LiClO4,mp-30301,6.40E-06,,Unassigned,T4
ACS-571,571,LiClO4,mp-30301,1.47E-05,,Unassigned,T4
ACS-589,589,LiClO4,mp-30301,8.70E-06,,Unassigned,T4
ACS-613,613,LiClO4,mp-30301,7.30E-08,,Unassigned,T4
ACS-623,623,LiClO4,mp-30301,1.00E-13,,Unassigned,T4
ACS-658,658,LiClO4,mp-30301,7.35E-07,,Unassigned,T4
ACS-799,799,LiClO4,mp-30301,1.00E-07,,Unassigned,T4
ACS-811,811,LiClO4,mp-30301,1.00E-07,,Unassigned,T4
ACS-822,822,LiClO4,mp-30301,5.40E-07,,Unassigned,T4
ACS-892,892,LiClO4,mp-30301,1.00E-09,,Unassigned,T4
ACS-921,921,LiClO4,mp-30301,7.54E-06,,Unassigned,T4
ACS-929,929,LiClO4,mp-30301,2.60E-07,,Unassigned,T4
ACS-932,932,LiClO4,mp-30301,6.60E-10,,Unassigned,T4
ACS-967,967,LiClO4,mp-30301,1.00E-07,,Unassigned,T4
ACS-971,971,LiClO4,mp-30301,1.13E-06,,Unassigned,T4
ACS-1184,1184,Li2CO3,mp-3054,1.00E-10,,Unassigned,T4
ACS-2635,2635,Li2CO3,mp-3054,1.00E-08,,Unassigned,T4
ACS-2664,2664,Li2CO3,mp-3054,1.00E-22,,Unassigned,T4
ACS-2928,2928,Li2CO3,mp-3054,1.00E-10,,Unassigned,T4
ACS-3599,3599,Li2CO3,mp-3054,2.83E-07,,Unassigned,T4
ACS-3723,3723,Li2CO3,mp-3054,1.00E-18,,Unassigned,T4
ACS-417,417,Li2CO3,mp-3054,1.00E-07,,Unassigned,T4
ACS-1004,1004,CuCl2,mp-30999,1.00E-06,,Unassigned,T4
ACS-3213,3213,CuCl2,mp-30999,7.50E-06,,Unassigned,T4
ACS-3792,3792,CuCl2,mp-30999,4.10E-04,,Unassigned,T4
ACS-2039,2039,LaF3,mp-323,1.00E-11,,Unassigned,T4
ACS-2268,2268,LaF3,mp-323,1.00E-08,,Unassigned,T4
ACS-2649,2649,LaF3,mp-323,3.00E-07,,Unassigned,T4
ACS-2909,2909,LaF3,mp-323,1.00E-08,,Unassigned,T4
ACS-3253,3253,LaF3,mp-323,7.07E-03,,Unassigned,T4
ACS-3550,3550,LaF3,mp-323,7.07E-03,,Unassigned,T4
ACS-533,533,LaF3,mp-323,1.00E-11,,Unassigned,T4
ACS-1517,1517,Li2S2,mp-32641,3.60E-10,,Unassigned,T4
ACS-158,158,Li2S2,mp-32641,5.00E-33,,Unassigned,T4
ACS-1740,1740,Li2S2,mp-32641,1.00E-33,,Unassigned,T4
ACS-2891,2891,Li2S2,mp-32641,1.00E-16,,Unassigned,T4
ACS-3006,3006,Li2S2,mp-32641,5.00E-33,,Unassigned,T4
ACS-585,585,Li2S2,mp-32641,5.00E-33,,Unassigned,T4
ACS-743,743,Li2S2,mp-32641,5.00E-33,,Unassigned,T4
OBX-bjw,bjw,Li16.0Mn8.0Cl32.0,mp-34148,4.79E-06,,Halide,T4
ACS-1504,1504,NH4Cl,mp-34337,2.50E-06,,Unassigned,T4
ACS-3237,3237,NH4Cl,mp-34337,9.50E-02,,Unassigned,T4
ACS-3766,3766,NH4Cl,mp-34337,2.10E-04,,Unassigned,T4
ACS-3896,3896,NH4Cl,mp-34337,1.94E-04,,Unassigned,T4
LIV-722,722,Li2NH,mp-34465,2.54E-04,25,Other,T4
ACS-2484,2484,HfO2,mp-352,2.65E-05,,Unassigned,T4
ACS-3886,3886,HfO2,mp-352,2.65E-05,,Unassigned,T4
ACS-2152,2152,NaBF4,mp-3521,5.67E-07,,Unassigned,T4
ACS-3803,3803,NaBF4,mp-3521,1.03E-09,,Unassigned,T4
ACS-1397,1397,MgAl2O4,mp-3536,1.28E-06,,Unassigned,T4
ACS-2550,2550,MgAl2O4,mp-3536,2.80E-06,,Unassigned,T4
ACS-3173,3173,MgAl2O4,mp-3536,1.28E-06,,Unassigned,T4
ACS-2505,2505,Li2MoO3,mp-35975,1.00E-05,,Unassigned,T4
ACS-1506,1506,Cu2O,mp-361,1.10E-06,,Unassigned,T4
OBX-yav,yav,Li8.0V4.0Cl16.0,mp-36330,6.95E-06,,Halide,T4
ACS-2702,2702,LiBO2,mp-3635,3.00E-07,,Unassigned,T4
ACS-2763,2763,LiBO2,mp-3635,2.00E-07,,Unassigned,T4
ACS-3654,3654,LiBO2,mp-3635,3.50E-07,,Unassigned,T4
ACS-603,603,LiBO2,mp-3635,6.40E-07,,Unassigned,T4
ACS-2408,2408,LiTaO3,mp-3666,1.00E-08,,Unassigned,T4
ACS-3546,3546,LiTaO3,mp-3666,7.00E-03,,Unassigned,T4
ACS-1064,1064,LiNbO3,mp-3731,3.92E-04,,Unassigned,T4
ACS-1482,1482,LiNbO3,mp-3731,3.92E-04,,Unassigned,T4
ACS-2401,2401,LiNbO3,mp-3731,1.00E-08,,Unassigned,T4
ACS-3398,3398,LiNbO3,mp-3731,1.00E-09,,Unassigned,T4
ACS-379,379,LiNbO3,mp-3731,1.00E-12,,Unassigned,T4
ACS-3826,3826,LiNbO3,mp-3731,1.00E-16,,Unassigned,T4
ACS-986,986,LiNbO3,mp-3731,1.00E-08,,Unassigned,T4
OBX-r5y,r5y,Li1.6Cd8.0Cl32.0,mp-38008,5.80E-07,,Halide,T4
LIV-502,502,Li4P2S6,mp-38200,2.57E-07,25,Glasses & glass-ceramics / LIPON,T4
OBX-2ro,2ro,Li4.0P2.0S6.0,mp-38200,1.60E-10,,Sulfide frameworks (other),T4
OBX-dvn,dvn,Li16.0Mg8.0Cl32.0,mp-38684,6.24E-07,,Halide,T4
ACS-1037,1037,TiO2,mp-390,4.19E-07,,Unassigned,T4
ACS-1049,1049,TiO2,mp-390,1.84E-07,,Unassigned,T4
ACS-1072,1072,TiO2,mp-390,1.13E-06,,Unassigned,T4
ACS-1084,1084,TiO2,mp-390,1.00E-06,,Unassigned,T4
ACS-1097,1097,TiO2,mp-390,3.80E-11,,Unassigned,T4
ACS-1160,1160,TiO2,mp-390,2.01E-06,,Unassigned,T4
ACS-1190,1190,TiO2,mp-390,7.40E-06,,Unassigned,T4
ACS-123,123,TiO2,mp-390,2.75E-06,,Unassigned,T4
ACS-1262,1262,TiO2,mp-390,8.00E-03,,Unassigned,T4
ACS-1277,1277,TiO2,mp-390,1.40E-04,,Unassigned,T4
ACS-1298,1298,TiO2,mp-390,1.00E-13,,Unassigned,T4
ACS-1339,1339,TiO2,mp-390,4.90E-08,,Unassigned,T4
ACS-134,134,TiO2,mp-390,3.70E-06,,Unassigned,T4
ACS-1344,1344,TiO2,mp-390,4.20E-04,,Unassigned,T4
ACS-1378,1378,TiO2,mp-390,1.00E-16,,Unassigned,T4
ACS-138,138,TiO2,mp-390,1.00E-16,,Unassigned,T4
ACS-1385,1385,TiO2,mp-390,1.10E-06,,Unassigned,T4
ACS-1401,1401,TiO2,mp-390,7.56E-11,,Unassigned,T4
ACS-1402,1402,TiO2,mp-390,1.00E-07,,Unassigned,T4
ACS-143,143,TiO2,mp-390,1.00E-15,,Unassigned,T4
ACS-145,145,TiO2,mp-390,3.00E-03,,Unassigned,T4
ACS-1461,1461,TiO2,mp-390,1.03E-09,,Unassigned,T4
ACS-1483,1483,TiO2,mp-390,6.65E-07,,Unassigned,T4
ACS-1488,1488,TiO2,mp-390,3.70E-05,,Unassigned,T4
ACS-149,149,TiO2,mp-390,5.51E-07,,Unassigned,T4
ACS-1520,1520,TiO2,mp-390,1.51E-07,,Unassigned,T4
ACS-1570,1570,TiO2,mp-390,7.47E-08,,Unassigned,T4
ACS-1582,1582,TiO2,mp-390,1.00E-07,,Unassigned,T4
ACS-1622,1622,TiO2,mp-390,3.24E-06,,Unassigned,T4
ACS-1623,1623,TiO2,mp-390,4.80E-06,,Unassigned,T4
ACS-1626,1626,TiO2,mp-390,2.20E-07,,Unassigned,T4
ACS-1650,1650,TiO2,mp-390,3.14E-08,,Unassigned,T4
ACS-1683,1683,TiO2,mp-390,1.30E-07,,Unassigned,T4
ACS-1705,1705,TiO2,mp-390,1.00E-11,,Unassigned,T4
ACS-1725,1725,TiO2,mp-390,1.00E-16,,Unassigned,T4
ACS-1734,1734,TiO2,mp-390,6.90E-10,,Unassigned,T4
ACS-1799,1799,TiO2,mp-390,1.00E-07,,Unassigned,T4
ACS-180,180,TiO2,mp-390,1.00E-16,,Unassigned,T4
ACS-1851,1851,TiO2,mp-390,8.33E-02,,Unassigned,T4
ACS-1867,1867,TiO2,mp-390,7.47E-08,,Unassigned,T4
ACS-187,187,TiO2,mp-390,3.46E-10,,Unassigned,T4
ACS-188,188,TiO2,mp-390,1.84E-07,,Unassigned,T4
ACS-1880,1880,TiO2,mp-390,1.00E-10,,Unassigned,T4
ACS-1895,1895,TiO2,mp-390,5.00E-33,,Unassigned,T4
ACS-1910,1910,TiO2,mp-390,1.00E-10,,Unassigned,T4
ACS-1947,1947,TiO2,mp-390,6.46E-09,,Unassigned,T4
ACS-1954,1954,TiO2,mp-390,4.96E-08,,Unassigned,T4
ACS-2055,2055,TiO2,mp-390,1.00E-05,,Unassigned,T4
ACS-2089,2089,TiO2,mp-390,2.75E-08,,Unassigned,T4
ACS-2121,2121,TiO2,mp-390,1.00E-08,,Unassigned,T4
ACS-2165,2165,TiO2,mp-390,1.40E-09,,Unassigned,T4
ACS-2170,2170,TiO2,mp-390,1.34E-07,,Unassigned,T4
ACS-2178,2178,TiO2,mp-390,4.30E-07,,Unassigned,T4
ACS-2243,2243,TiO2,mp-390,1.06E-12,,Unassigned,T4
ACS-2280,2280,TiO2,mp-390,3.20E-08,,Unassigned,T4
ACS-2304,2304,TiO2,mp-390,3.46E-10,,Unassigned,T4
ACS-234,234,TiO2,mp-390,1.00E-10,,Unassigned,T4
ACS-2346,2346,TiO2,mp-390,1.47E-09,,Unassigned,T4
ACS-2364,2364,TiO2,mp-390,5.80E-03,,Unassigned,T4
ACS-2375,2375,TiO2,mp-390,1.00E-15,,Unassigned,T4
ACS-2384,2384,TiO2,mp-390,1.25E-04,,Unassigned,T4
ACS-2386,2386,TiO2,mp-390,2.72E-06,,Unassigned,T4
ACS-2419,2419,TiO2,mp-390,1.00E-10,,Unassigned,T4
ACS-2438,2438,TiO2,mp-390,3.00E-04,,Unassigned,T4
ACS-245,245,TiO2,mp-390,1.00E-16,,Unassigned,T4
ACS-2517,2517,TiO2,mp-390,1.22E-07,,Unassigned,T4
ACS-2629,2629,TiO2,mp-390,6.00E-11,,Unassigned,T4
ACS-2657,2657,TiO2,mp-390,8.70E-07,,Unassigned,T4
ACS-2683,2683,TiO2,mp-390,4.46E-06,,Unassigned,T4
ACS-271,271,TiO2,mp-390,1.00E-10,,Unassigned,T4
ACS-2794,2794,TiO2,mp-390,3.00E-03,,Unassigned,T4
ACS-2839,2839,TiO2,mp-390,2.00E-04,,Unassigned,T4
ACS-2854,2854,TiO2,mp-390,1.00E-10,,Unassigned,T4
ACS-2866,2866,TiO2,mp-390,1.00E-08,,Unassigned,T4
ACS-2882,2882,TiO2,mp-390,1.24E-09,,Unassigned,T4
ACS-2886,2886,TiO2,mp-390,1.80E-07,,Unassigned,T4
ACS-2959,2959,TiO2,mp-390,5.32E-05,,Unassigned,T4
ACS-2980,2980,TiO2,mp-390,1.30E-06,,Unassigned,T4
ACS-3010,3010,TiO2,mp-390,5.00E-07,,Unassigned,T4
ACS-3051,3051,TiO2,mp-390,1.00E-15,,Unassigned,T4
ACS-3115,3115,TiO2,mp-390,1.00E-12,,Unassigned,T4
ACS-3210,3210,TiO2,mp-390,1.00E-15,,Unassigned,T4
ACS-3221,3221,TiO2,mp-390,6.00E-10,,Unassigned,T4
ACS-3295,3295,TiO2,mp-390,2.00E-04,,Unassigned,T4
ACS-3330,3330,TiO2,mp-390,5.51E-07,,Unassigned,T4
ACS-3347,3347,TiO2,mp-390,2.01E-06,,Unassigned,T4
ACS-3374,3374,TiO2,mp-390,1.13E-06,,Unassigned,T4
ACS-3382,3382,TiO2,mp-390,1.00E-13,,Unassigned,T4
ACS-3396,3396,TiO2,mp-390,6.46E-09,,Unassigned,T4
ACS-3413,3413,TiO2,mp-390,2.10E-04,,Unassigned,T4
ACS-3414,3414,TiO2,mp-390,1.00E-16,,Unassigned,T4
ACS-3451,3451,TiO2,mp-390,1.00E-09,,Unassigned,T4
ACS-3461,3461,TiO2,mp-390,3.14E-08,,Unassigned,T4
ACS-3475,3475,TiO2,mp-390,1.00E-12,,Unassigned,T4
ACS-3482,3482,TiO2,mp-390,6.90E-04,,Unassigned,T4
ACS-3506,3506,TiO2,mp-390,2.11E-08,,Unassigned,T4
ACS-3594,3594,TiO2,mp-390,6.90E-09,,Unassigned,T4
ACS-3651,3651,TiO2,mp-390,2.20E-10,,Unassigned,T4
ACS-3655,3655,TiO2,mp-390,1.00E-05,,Unassigned,T4
ACS-3664,3664,TiO2,mp-390,3.68E-07,,Unassigned,T4
ACS-3697,3697,TiO2,mp-390,1.00E-09,,Unassigned,T4
ACS-371,371,TiO2,mp-390,2.55E-06,,Unassigned,T4
ACS-3720,3720,TiO2,mp-390,1.00E-05,,Unassigned,T4
ACS-3745,3745,TiO2,mp-390,1.39E-08,,Unassigned,T4
ACS-3747,3747,TiO2,mp-390,1.00E-07,,Unassigned,T4
ACS-3780,3780,TiO2,mp-390,9.40E-06,,Unassigned,T4
ACS-381,381,TiO2,mp-390,3.50E-09,,Unassigned,T4
ACS-3819,3819,TiO2,mp-390,4.96E-08,,Unassigned,T4
ACS-3922,3922,TiO2,mp-390,9.53E-08,,Unassigned,T4
ACS-3937,3937,TiO2,mp-390,3.02E-09,,Unassigned,T4
ACS-3965,3965,TiO2,mp-390,2.86E-09,,Unassigned,T4
ACS-4024,4024,TiO2,mp-390,1.66E-06,,Unassigned,T4
ACS-4030,4030,TiO2,mp-390,4.96E-08,,Unassigned,T4
ACS-482,482,TiO2,mp-390,1.39E-08,,Unassigned,T4
ACS-492,492,TiO2,mp-390,2.00E-09,,Unassigned,T4
ACS-502,502,TiO2,mp-390,3.33E-08,,Unassigned,T4
ACS-506,506,TiO2,mp-390,7.47E-08,,Unassigned,T4
ACS-511,511,TiO2,mp-390,1.80E-04,,Unassigned,T4
ACS-519,519,TiO2,mp-390,3.46E-10,,Unassigned,T4
ACS-55,55,TiO2,mp-390,3.46E-10,,Unassigned,T4
ACS-563,563,TiO2,mp-390,4.96E-08,,Unassigned,T4
ACS-567,567,TiO2,mp-390,1.84E-07,,Unassigned,T4
ACS-591,591,TiO2,mp-390,1.00E-10,,Unassigned,T4
ACS-597,597,TiO2,mp-390,5.10E-08,,Unassigned,T4
ACS-608,608,TiO2,mp-390,1.00E-12,,Unassigned,T4
ACS-651,651,TiO2,mp-390,2.60E-04,,Unassigned,T4
ACS-672,672,TiO2,mp-390,1.11E-05,,Unassigned,T4
ACS-700,700,TiO2,mp-390,1.20E+00,,Unassigned,T4
ACS-707,707,TiO2,mp-390,1.00E-15,,Unassigned,T4
ACS-761,761,TiO2,mp-390,7.47E-08,,Unassigned,T4
ACS-865,865,TiO2,mp-390,1.39E-08,,Unassigned,T4
ACS-889,889,TiO2,mp-390,1.00E-08,,Unassigned,T4
ACS-914,914,TiO2,mp-390,1.72E-07,,Unassigned,T4
ACS-926,926,TiO2,mp-390,8.37E-07,,Unassigned,T4
ACS-940,940,TiO2,mp-390,1.00E-15,,Unassigned,T4
ACS-969,969,TiO2,mp-390,1.00E-15,,Unassigned,T4
ACS-976,976,TiO2,mp-390,2.55E-06,,Unassigned,T4
ACS-1210,1210,Na3Zr2(SiO4)2PO4,mp-39123,7.00E-04,,Unassigned,T4
ACS-3460,3460,Na3Zr2(SiO4)2PO4,mp-39123,1.00E-03,,Unassigned,T4
OBX-xut,xut,Li8.0Sr8.0Ta16.0O48.0F8.0,mp-39387,1.00E-10,,Perovskite,T4
ACS-2874,2874,K2CO3,mp-3963,5.29E-01,,Unassigned,T4
ACS-3805,3805,K2CO3,mp-3963,2.23E-01,,Unassigned,T4
ACS-2252,2252,Li2ZrO3,mp-4156,1.00E-11,,Garnet,T4
ACS-2691,2691,Li2ZrO3,mp-4156,5.70E-08,,Garnet,T4
ACS-2103,2103,K2SO4,mp-4529,9.00E-07,,Unassigned,T4
ACS-2591,2591,K2SO4,mp-4529,2.00E-01,,Unassigned,T4
ACS-1624,1624,Na2SiO3,mp-4533,1.02E-06,,NASICON(-like),T4
ACS-3409,3409,Na2SiO3,mp-4533,1.03E-06,,NASICON(-like),T4
ACS-1369,1369,Li2RuO3,mp-4630,1.80E-04,,Unassigned,T4
ACS-1596,1596,NaPO3,mp-4734,2.80E-11,,Unassigned,T4
ACS-2085,2085,NaPO3,mp-4734,2.80E-11,,Unassigned,T4
ACS-2935,2935,NaPO3,mp-4734,1.60E-09,,Unassigned,T4
ACS-858,858,NaPO3,mp-4734,1.10E-09,,Unassigned,T4
ACS-3055,3055,NiV2S4,mp-4909,6.39E-07,,LISICON / Thio-LISICON,T4
ACS-463,463,NiV2S4,mp-4909,6.39E-07,,LISICON / Thio-LISICON,T4
ACS-3576,3576,YPO4,mp-5132,1.20E-04,,Unassigned,T4
ACS-67,67,YPO4,mp-5132,5.00E-04,,Unassigned,T4
ACS-77,77,YPO4,mp-5132,1.00E-06,,Unassigned,T4
ACS-1148,1148,La9.33(SiO4)6O2,mp-531302,1.10E-07,,Unassigned,T4
ACS-2722,2722,La9.33(SiO4)6O2,mp-531302,3.00E-05,,Unassigned,T4
ACS-2936,2936,La9.67(SiO4)6O2.5,mp-531302,1.30E-06,,Unassigned,T4
ACS-908,908,Li2IrO3,mp-532085,1.00E-04,,Unassigned,T4
ACS-1054,1054,P2S5,mp-541788,1.30E-06,,Unassigned,T4
ACS-1226,1226,P2S5,mp-541788,3.79E-07,,Unassigned,T4
ACS-1979,1979,P2S5,mp-541788,7.20E-07,,Unassigned,T4
ACS-2218,2218,P2S5,mp-541788,4.80E-06,,Unassigned,T4
ACS-2395,2395,P2S5,mp-541788,2.00E-07,,Unassigned,T4
ACS-2399,2399,P2S5,mp-541788,1.10E-06,,Unassigned,T4
ACS-2463,2463,P2S5,mp-541788,6.50E-08,,Unassigned,T4
ACS-2884,2884,P2S5,mp-541788,1.70E-05,,Unassigned,T4
ACS-3129,3129,P2S5,mp-541788,1.32E-07,,Unassigned,T4
ACS-3241,3241,P2S5,mp-541788,3.20E-06,,Unassigned,T4
ACS-3296,3296,P2S5,mp-541788,1.20E-05,,Unassigned,T4
ACS-436,436,P2S5,mp-541788,1.00E-06,,Unassigned,T4
ACS-44,44,P2S5,mp-541788,1.00E-05,,Unassigned,T4
ACS-451,451,P2S5,mp-541788,3.79E-07,,Unassigned,T4
ACS-574,574,P2S5,mp-541788,1.20E-06,,Unassigned,T4
ACS-58,58,P2S5,mp-541788,3.20E-06,,Unassigned,T4
ACS-764,764,P2S5,mp-541788,2.39E-06,,Unassigned,T4
ACS-3556,3556,K2Cr2O7,mp-542666,5.40E-02,,Unassigned,T4
ACS-936,936,K2Cr2O7,mp-542666,4.25E-07,,Unassigned,T4
ACS-3929,3929,ZrV2O7,mp-554326,1.00E-09,,Unassigned,T4
ACS-2278,2278,Li6CuB4O10,mp-556002,1.00E-05,,Unassigned,T4
ACS-1147,1147,LiN(CF3SO2)2,mp-557395,6.40E-06,,Unassigned,T4
ACS-2245,2245,LiN(CF3SO2)2,mp-557395,1.20E-07,,Unassigned,T4
ACS-2857,2857,LiN(CF3SO2)2,mp-557395,1.00E-07,,Unassigned,T4
ACS-3448,3448,LiN(CF3SO2)2,mp-557395,2.20E-06,,Unassigned,T4
ACS-941,941,LiN(CF3SO2)2,mp-557395,1.00E-07,,Unassigned,T4
OBX-gxz,gxz,Li8.0Zn2.0P4.0O16.0,mp-557756,1.00E-10,,Borate / borophosphate / other salts,T4
ACS-3853,3853,Li9S3N,mp-557964,8.30E-10,,Nitride & related,T4
ACS-3903,3903,Li9S3N,mp-557964,5.90E-08,,Nitride & related,T4
ACS-236,236,K3Sb4BO13,mp-558607,1.50E-07,,Unassigned,T4
ACS-108,108,Li2MnSiO4,mp-559240,5.00E-19,,Unassigned,T4
ACS-1145,1145,Li2MnSiO4,mp-559240,5.00E-19,,Unassigned,T4
ACS-1518,1518,Li2MnSiO4,mp-559240,5.00E-19,,Unassigned,T4
ACS-1774,1774,Li2MnSiO4,mp-559240,1.00E-19,,Unassigned,T4
ACS-1990,1990,Li2MnSiO4,mp-559240,5.00E-19,,Unassigned,T4
ACS-2193,2193,Li2MnSiO4,mp-559240,5.00E-19,,Unassigned,T4
ACS-2362,2362,Li2MnSiO4,mp-559240,5.00E-19,,Unassigned,T4
ACS-241,241,Li2MnSiO4,mp-559240,1.00E-17,,Unassigned,T4
ACS-2499,2499,Li2MnSiO4,mp-559240,3.00E-17,,Unassigned,T4
ACS-2827,2827,Li2MnSiO4,mp-559240,1.00E-17,,Unassigned,T4
ACS-2877,2877,Li2MnSiO4,mp-559240,1.00E-19,,Unassigned,T4
ACS-2902,2902,Li2MnSiO4,mp-559240,1.00E-15,,Unassigned,T4
ACS-2916,2916,Li2MnSiO4,mp-559240,1.00E-17,,Unassigned,T4
ACS-3121,3121,Li2MnSiO4,mp-559240,1.00E-19,,Unassigned,T4
ACS-330,330,Li2MnSiO4,mp-559240,1.00E-19,,Unassigned,T4
ACS-3689,3689,Li2MnSiO4,mp-559240,5.00E-19,,Unassigned,T4
ACS-471,471,Li2MnSiO4,mp-559240,5.13E-06,,Unassigned,T4
ACS-716,716,Li2MnSiO4,mp-559240,5.00E-19,,Unassigned,T4
ACS-951,951,Li2MnSiO4,mp-559240,1.00E-19,,Unassigned,T4
ACS-3319,3319,KCF3SO3,mp-559646,1.00E-07,,Unassigned,T4
ACS-3403,3403,KCF3SO3,mp-559646,1.80E-06,,Unassigned,T4
ACS-2651,2651,Ti8O15,mp-565700,2.06E-02,,Unassigned,T4
ACS-995,995,Ti8O15,mp-565700,2.06E-02,,Unassigned,T4
ACS-1974,1974,Mg(BH4)2,mp-571156,3.16E-11,,Unassigned,T4
ACS-850,850,Mg(BH4)2,mp-571156,3.16E-11,,Unassigned,T4
LIV-706,706,Li2Ge7O15,mp-5832,5.00E-16,25,Other,T4
ACS-1014,1014,Nb2O5,mp-604,3.40E-09,,Unassigned,T4
ACS-1229,1229,Nb2O5,mp-604,3.40E-09,,Unassigned,T4
ACS-1673,1673,Nb2O5,mp-604,3.40E-09,,Unassigned,T4
ACS-1767,1767,Nb2O5,mp-604,7.40E-09,,Unassigned,T4
ACS-2024,2024,Nb2O5,mp-604,3.00E-09,,Unassigned,T4
ACS-2847,2847,Nb2O5,mp-604,3.00E-09,,Unassigned,T4
ACS-3094,3094,Nb2O5,mp-604,3.00E-09,,Unassigned,T4
ACS-3169,3169,Nb2O5,mp-604,3.00E-09,,Unassigned,T4
ACS-3317,3317,Nb2O5,mp-604,1.00E-09,,Unassigned,T4
ACS-3341,3341,Nb2O5,mp-604,3.40E-09,,Unassigned,T4
ACS-406,406,Nb2O5,mp-604,3.40E-09,,Unassigned,T4
ACS-442,442,Nb2O5,mp-604,1.00E-09,,Unassigned,T4
ACS-565,565,Nb2O5,mp-604,9.61E-03,,Unassigned,T4
ACS-935,935,Nb2O5,mp-604,3.00E-09,,Unassigned,T4
ACS-3,3,LaCuOS,mp-6088,1.65E-03,,Unassigned,T4
LIV-2016,2016,Li0.96Ga0.96Si2.04O6,mp-6241,2.35E-11,25,Oxide frameworks (other),T4
LIV-527,527,Li0.96Ga0.96Si2.04O6,mp-6241,6.32E-07,260,Oxide frameworks (other),T4
LIV-530,530,Li0.96Ga0.96Si2.04O6,mp-6241,7.26E-08,208.82,Oxide frameworks (other),T4
LIV-531,531,Li0.96Ga0.96Si2.04O6,mp-6241,1.78E-08,178.14,Oxide frameworks (other),T4
ACS-1500,1500,NH4OH,mp-625924,1.57E-02,,Unassigned,T4
ACS-1670,1670,NH4OH,mp-625924,2.94E-08,,Unassigned,T4
ACS-2678,2678,NH4OH,mp-625924,2.94E-08,,Unassigned,T4
LIV-2006,2006,LiAlSi2O6,mp-6340,3.49E-09,25,Glasses & glass-ceramics / LIPON,T4
LIV-222,222,LiAlSi2O6,mp-6340,6.67E-06,174,Glasses & glass-ceramics / LIPON,T4
LIV-223,223,LiAlSi2O6,mp-6340,1.08E-06,128,Glasses & glass-ceramics / LIPON,T4
LIV-224,224,LiAlSi2O6,mp-6340,1.69E-08,58,Glasses & glass-ceramics / LIPON,T4
ACS-1011,1011,LiCF3SO3,mp-636952,1.00E-07,,Unassigned,T4
ACS-1091,1091,LiCF3SO3,mp-636952,1.98E-08,,Unassigned,T4
ACS-1123,1123,LiSO3CF3,mp-636952,1.00E-08,,Unassigned,T4
ACS-1174,1174,LiSO3CF3,mp-636952,4.00E-08,,Unassigned,T4
ACS-1708,1708,LiCF3SO3,mp-636952,1.00E-09,,Unassigned,T4
ACS-1737,1737,LiCF3SO3,mp-636952,1.91E-06,,Unassigned,T4
ACS-1798,1798,LiSO3CF3,mp-636952,3.60E-09,,Unassigned,T4
ACS-192,192,LiCF3SO3,mp-636952,5.40E-09,,Unassigned,T4
ACS-1970,1970,LiCF3SO3,mp-636952,8.94E-10,,Unassigned,T4
ACS-2108,2108,LiCF3SO3,mp-636952,5.09E-08,,Unassigned,T4
ACS-2423,2423,LiSO3CF3,mp-636952,3.60E-09,,Unassigned,T4
ACS-250,250,LiCF3SO3,mp-636952,8.94E-10,,Unassigned,T4
ACS-2600,2600,LiCF3SO3,mp-636952,1.00E-06,,Unassigned,T4
ACS-2704,2704,LiSO3CF3,mp-636952,5.00E-03,,Unassigned,T4
ACS-2781,2781,LiCF3SO3,mp-636952,5.49E-06,,Unassigned,T4
ACS-3158,3158,LiCF3SO3,mp-636952,4.00E-08,,Unassigned,T4
ACS-317,317,LiCF3SO3,mp-636952,8.00E-03,,Unassigned,T4
ACS-3174,3174,LiCF3SO3,mp-636952,1.40E-09,,Unassigned,T4
ACS-3220,3220,LiCF3SO3,mp-636952,1.00E-13,,Unassigned,T4
ACS-3263,3263,LiCF3SO3,mp-636952,3.00E-07,,Unassigned,T4
ACS-3455,3455,LiCF3SO3,mp-636952,1.00E-06,,Unassigned,T4
ACS-3473,3473,LiCF3SO3,mp-636952,4.00E-03,,Unassigned,T4
ACS-3754,3754,LiSO3CF3,mp-636952,4.00E-03,,Unassigned,T4
ACS-3778,3778,LiCF3SO3,mp-636952,1.00E-10,,Unassigned,T4
ACS-3852,3852,LiCF3SO3,mp-636952,1.00E-08,,Unassigned,T4
ACS-390,390,LiCF3SO3,mp-636952,5.40E-07,,Unassigned,T4
ACS-3945,3945,LiCF3SO3,mp-636952,3.10E-08,,Unassigned,T4
ACS-553,553,LiCF3SO3,mp-636952,1.00E-09,,Unassigned,T4
ACS-590,590,LiCF3SO3,mp-636952,1.10E-09,,Unassigned,T4
ACS-592,592,LiSO3CF3,mp-636952,7.00E-09,,Unassigned,T4
ACS-616,616,LiCF3SO3,mp-636952,1.00E-06,,Unassigned,T4
ACS-911,911,LiCF3SO3,mp-636952,1.00E-08,,Unassigned,T4
LIV-2008,2008,Li3Fe2P3O12,mp-6373,1.11E-08,25,Glasses & glass-ceramics / LIPON,T4
LIV-736,736,Li3Fe2P3O12,mp-6373,1.42E-06,100,Glasses & glass-ceramics / LIPON,T4
ACS-1,1,Li7P3S11,mp-641703,3.20E-06,,Argyrodite,T4
ACS-1009,1009,Li7P3S11,mp-641703,1.00E-06,,Argyrodite,T4
ACS-1061,1061,Li7P3S11,mp-641703,1.50E-06,,Argyrodite,T4
ACS-1062,1062,Li7P3S11,mp-641703,5.00E-03,,Argyrodite,T4
ACS-1067,1067,Li7P3S11,mp-641703,2.20E-03,,Argyrodite,T4
ACS-1092,1092,Li7P3S11,mp-641703,2.70E-07,,Argyrodite,T4
ACS-1193,1193,Li7P3S11,mp-641703,3.20E-03,,Argyrodite,T4
ACS-1422,1422,Li7P3S11,mp-641703,9.70E-07,,Argyrodite,T4
ACS-1434,1434,Li7P3S11,mp-641703,1.00E-06,,Argyrodite,T4
ACS-1451,1451,Li7P3S11,mp-641703,3.07E-06,,Argyrodite,T4
ACS-15,15,Li7P3S11,mp-641703,2.22E-03,,Argyrodite,T4
ACS-1553,1553,Li7P3S11,mp-641703,4.80E-06,,Argyrodite,T4
ACS-1594,1594,Li7P3S11,mp-641703,2.60E-03,,Argyrodite,T4
ACS-1765,1765,Li7P3S11,mp-641703,1.00E-07,,Argyrodite,T4
ACS-1980,1980,Li7P3S11,mp-641703,5.60E-03,,Argyrodite,T4
ACS-2285,2285,Li7P3S11,mp-641703,8.60E-03,,Argyrodite,T4
ACS-2396,2396,Li7P3S11,mp-641703,3.20E-06,,Argyrodite,T4
ACS-2642,2642,Li7P3S11,mp-641703,4.00E-06,,Argyrodite,T4
ACS-2692,2692,Li7P3S11,mp-641703,1.89E-03,,Argyrodite,T4
ACS-2791,2791,Li7P3S11,mp-641703,1.00E-06,,Argyrodite,T4
ACS-2963,2963,Li7P3S11,mp-641703,9.70E-07,,Argyrodite,T4
ACS-2975,2975,Li7P3S11,mp-641703,2.70E-07,,Argyrodite,T4
ACS-3014,3014,Li7P3S11,mp-641703,9.70E-07,,Argyrodite,T4
ACS-3029,3029,Li7P3S11,mp-641703,1.00E-07,,Argyrodite,T4
ACS-3537,3537,Li7P3S11,mp-641703,4.10E-06,,Argyrodite,T4
ACS-3595,3595,Li7P3S11,mp-641703,3.20E-06,,Argyrodite,T4
ACS-3597,3597,Li7P3S11,mp-641703,1.70E-02,,Argyrodite,T4
ACS-3663,3663,Li7P3S11,mp-641703,4.10E-07,,Argyrodite,T4
ACS-3730,3730,Li7P3S11,mp-641703,4.00E-03,,Argyrodite,T4
ACS-3760,3760,Li7P3S11,mp-641703,1.00E-06,,Argyrodite,T4
ACS-3881,3881,Li7P3S11,mp-641703,3.00E-06,,Argyrodite,T4
ACS-3891,3891,Li7P3S11,mp-641703,2.22E-03,,Argyrodite,T4
ACS-3913,3913,Li7P3S11,mp-641703,2.00E-03,,Argyrodite,T4
ACS-3939,3939,Li7P3S11,mp-641703,1.90E-13,,Argyrodite,T4
ACS-3955,3955,Li7P3S11,mp-641703,3.07E-06,,Argyrodite,T4
ACS-435,435,Li7P3S11,mp-641703,8.70E-07,,Argyrodite,T4
ACS-505,505,Li7P3S11,mp-641703,5.40E-06,,Argyrodite,T4
ACS-508,508,Li7P3S11,mp-641703,1.00E-06,,Argyrodite,T4
ACS-605,605,Li7P3S11,mp-641703,1.00E-06,,Argyrodite,T4
ACS-653,653,Li7P3S11,mp-641703,1.20E-02,,Argyrodite,T4
ACS-947,947,Li7P3S11,mp-641703,1.20E-05,,Argyrodite,T4
LIV-39,39,Li7P3S11,mp-641703,3.20E-03,24.85,LISICON / Thio-LISICON,T4
LIV-717,717,Li7P3S11,mp-641703,8.63E-04,25,LISICON / Thio-LISICON,T4
LIV-778,778,Li7P3S11,mp-641703,3.20E-03,25,LISICON / Thio-LISICON,T4
LIV-251,251,Li4Nd3TeSbO12,mp-677490,2.64E-05,200,Garnet,T4
LIV-252,252,Li4Nd3TeSbO12,mp-677490,8.70E-09,25,Garnet,T4
OBX-lpt,lpt,Li32.0Nd24.0Te8.0Sb8.0O96.0,mp-677490,8.70E-09,,Garnet,T4
ACS-1042,1042,LiNaSO4,mp-6783,1.00E-04,,Unassigned,T4
ACS-20,20,LiNaSO4,mp-6783,1.00E-03,,Unassigned,T4
ACS-3105,3105,LiNaSO4,mp-6783,2.00E-05,,Unassigned,T4
ACS-902,902,LiNaSO4,mp-6783,1.50E-04,,Unassigned,T4
ACS-762,762,Li2SiN2,mp-684024,2.70E-06,,Nitride & related,T4
ACS-3140,3140,Sn3P4,mp-684588,3.07E-02,,Unassigned,T4
ACS-1000,1000,Li4Ti5O12,mp-685194,1.00E-08,,Perovskite,T4
ACS-102,102,Li4Ti5O12,mp-685194,5.48E-09,,Perovskite,T4
ACS-1073,1073,Li4Ti5O12,mp-685194,7.90E-10,,Perovskite,T4
ACS-1083,1083,Li4Ti5O12,mp-685194,6.00E-10,,Perovskite,T4
ACS-111,111,Li4Ti5O12,mp-685194,8.80E-12,,Perovskite,T4
ACS-1122,1122,Li4Ti5O12,mp-685194,2.97E-12,,Perovskite,T4
ACS-1142,1142,Li4Ti5O12,mp-685194,7.38E-10,,Perovskite,T4
ACS-1150,1150,Li4Ti5O12,mp-685194,5.60E-10,,Perovskite,T4
ACS-1248,1248,Li4Ti5O12,mp-685194,2.90E-04,,Perovskite,T4
ACS-1249,1249,Li4Ti5O12,mp-685194,3.63E-10,,Perovskite,T4
ACS-125,125,Li4Ti5O12,mp-685194,1.00E-16,,Perovskite,T4
ACS-1328,1328,Li4Ti5O12,mp-685194,2.97E-12,,Perovskite,T4
ACS-1352,1352,Li4Ti5O12,mp-685194,1.00E-12,,Perovskite,T4
ACS-1444,1444,Li4Ti5O12,mp-685194,7.90E-09,,Perovskite,T4
ACS-1464,1464,Li4Ti5O12,mp-685194,4.70E-10,,Perovskite,T4
ACS-1479,1479,Li4Ti5O12,mp-685194,1.00E-16,,Perovskite,T4
ACS-1508,1508,Li4Ti5O12,mp-685194,1.00E-16,,Perovskite,T4
ACS-1535,1535,Li4Ti5O12,mp-685194,1.00E-16,,Perovskite,T4
ACS-1543,1543,Li4Ti5O12,mp-685194,4.30E-13,,Perovskite,T4
ACS-1545,1545,Li4Ti5O12,mp-685194,8.00E-03,,Perovskite,T4
ACS-1599,1599,Li4Ti5O12,mp-685194,1.00E-05,,Perovskite,T4
ACS-1605,1605,Li4Ti5O12,mp-685194,1.00E-16,,Perovskite,T4
ACS-1609,1609,Li4Ti5O12,mp-685194,1.00E-16,,Perovskite,T4
ACS-1645,1645,Li4Ti5O12,mp-685194,1.44E-10,,Perovskite,T4
ACS-1646,1646,Li4Ti5O12,mp-685194,3.54E-10,,Perovskite,T4
ACS-1760,1760,Li4Ti5O12,mp-685194,3.60E-11,,Perovskite,T4
ACS-1779,1779,Li4Ti5O12,mp-685194,3.61E-10,,Perovskite,T4
ACS-1795,1795,Li4Ti5O12,mp-685194,1.00E-12,,Perovskite,T4
ACS-1830,1830,Li4Ti5O12,mp-685194,1.00E-16,,Perovskite,T4
ACS-184,184,Li4Ti5O12,mp-685194,1.00E-16,,Perovskite,T4
ACS-1844,1844,Li4Ti5O12,mp-685194,1.00E-05,,Perovskite,T4
ACS-1865,1865,Li4Ti5O12,mp-685194,5.24E-06,,Perovskite,T4
ACS-1868,1868,Li4Ti5O12,mp-685194,1.00E-16,,Perovskite,T4
ACS-1872,1872,Li4Ti5O12,mp-685194,2.65E-10,,Perovskite,T4
ACS-1881,1881,Li4Ti5O12,mp-685194,1.00E-12,,Perovskite,T4
ACS-1914,1914,Li4Ti5O12,mp-685194,1.00E-12,,Perovskite,T4
ACS-1942,1942,Li4Ti5O12,mp-685194,1.00E-15,,Perovskite,T4
ACS-196,196,Li4Ti5O12,mp-685194,1.00E-16,,Perovskite,T4
ACS-1966,1966,Li4Ti5O12,mp-685194,9.10E-10,,Perovskite,T4
ACS-2004,2004,Li4Ti5O12,mp-685194,1.00E-17,,Perovskite,T4
ACS-2021,2021,Li4Ti5O12,mp-685194,2.97E-12,,Perovskite,T4
ACS-2031,2031,Li4Ti5O12,mp-685194,1.00E-16,,Perovskite,T4
ACS-205,205,Li4Ti5O12,mp-685194,3.16E-11,,Perovskite,T4
ACS-2063,2063,Li4Ti5O12,mp-685194,8.96E-09,,Perovskite,T4
ACS-2106,2106,Li4Ti5O12,mp-685194,1.00E-16,,Perovskite,T4
ACS-2112,2112,Li4Ti5O12,mp-685194,1.00E-05,,Perovskite,T4
ACS-2120,2120,Li4Ti5O12,mp-685194,1.27E-05,,Perovskite,T4
ACS-214,214,Li4Ti5O12,mp-685194,8.63E-13,,Perovskite,T4
ACS-2147,2147,Li4Ti5O12,mp-685194,1.00E-16,,Perovskite,T4
ACS-2151,2151,Li4Ti5O12,mp-685194,1.00E-09,,Perovskite,T4
ACS-2176,2176,Li4Ti5O12,mp-685194,9.10E-10,,Perovskite,T4
ACS-2184,2184,Li4Ti5O12,mp-685194,1.00E-16,,Perovskite,T4
ACS-2195,2195,Li4Ti5O12,mp-685194,1.30E-02,,Perovskite,T4
ACS-2202,2202,Li4Ti5O12,mp-685194,1.00E-16,,Perovskite,T4
ACS-2223,2223,Li4Ti5O12,mp-685194,1.00E-16,,Perovskite,T4
ACS-2244,2244,Li4Ti5O12,mp-685194,2.16E-03,,Perovskite,T4
ACS-2259,2259,Li4Ti5O12,mp-685194,1.00E-15,,Perovskite,T4
ACS-2318,2318,Li4Ti5O12,mp-685194,1.00E-16,,Perovskite,T4
ACS-2322,2322,Li4Ti5O12,mp-685194,1.00E-12,,Perovskite,T4
ACS-2340,2340,Li4Ti5O12,mp-685194,1.00E-08,,Perovskite,T4
ACS-2341,2341,Li4Ti5O12,mp-685194,1.00E-16,,Perovskite,T4
ACS-2367,2367,Li4Ti5O12,mp-685194,1.00E-16,,Perovskite,T4
ACS-2421,2421,Li4Ti5O12,mp-685194,1.00E-12,,Perovskite,T4
ACS-2462,2462,Li4Ti5O12,mp-685194,8.10E-09,,Perovskite,T4
ACS-2473,2473,Li4Ti5O12,mp-685194,1.00E-16,,Perovskite,T4
ACS-2485,2485,Li4Ti5O12,mp-685194,1.00E-16,,Perovskite,T4
ACS-2500,2500,Li4Ti5O12,mp-685194,1.00E-16,,Perovskite,T4
ACS-2512,2512,Li4Ti5O12,mp-685194,1.58E-12,,Perovskite,T4
ACS-2514,2514,Li4Ti5O12,mp-685194,1.00E-06,,Perovskite,T4
ACS-254,254,Li4Ti5O12,mp-685194,8.63E-13,,Perovskite,T4
ACS-255,255,Li4Ti5O12,mp-685194,1.00E-16,,Perovskite,T4
ACS-2555,2555,Li4Ti5O12,mp-685194,9.30E-07,,Perovskite,T4
ACS-2581,2581,Li4Ti5O12,mp-685194,1.00E-16,,Perovskite,T4
ACS-2603,2603,Li4Ti5O12,mp-685194,1.00E-08,,Perovskite,T4
ACS-2608,2608,Li4Ti5O12,mp-685194,3.00E-11,,Perovskite,T4
ACS-2625,2625,Li4Ti5O12,mp-685194,1.00E-12,,Perovskite,T4
ACS-2626,2626,Li4Ti5O12,mp-685194,9.44E-08,,Perovskite,T4
ACS-2634,2634,Li4Ti5O12,mp-685194,4.00E-08,,Perovskite,T4
ACS-2640,2640,Li4Ti5O12,mp-685194,1.00E-10,,Perovskite,T4
ACS-2650,2650,Li4Ti5O12,mp-685194,1.00E-16,,Perovskite,T4
ACS-27,27,Li4Ti5O12,mp-685194,1.08E-10,,Perovskite,T4
ACS-2712,2712,Li4Ti5O12,mp-685194,1.00E-05,,Perovskite,T4
ACS-2751,2751,Li4Ti5O12,mp-685194,1.00E-03,,Perovskite,T4
ACS-2762,2762,Li4Ti5O12,mp-685194,1.00E-16,,Perovskite,T4
ACS-2811,2811,Li4Ti5O12,mp-685194,1.00E-14,,Perovskite,T4
ACS-2840,2840,Li4Ti5O12,mp-685194,1.00E-13,,Perovskite,T4
ACS-2844,2844,Li4Ti5O12,mp-685194,2.55E-11,,Perovskite,T4
ACS-2859,2859,Li4Ti5O12,mp-685194,1.21E-05,,Perovskite,T4
ACS-2940,2940,Li4Ti5O12,mp-685194,1.00E-12,,Perovskite,T4
ACS-2943,2943,Li4Ti5O12,mp-685194,1.00E-15,,Perovskite,T4
ACS-3033,3033,Li4Ti5O12,mp-685194,4.50E-13,,Perovskite,T4
ACS-3046,3046,Li4Ti5O12,mp-685194,1.44E-12,,Perovskite,T4
ACS-3047,3047,Li4Ti5O12,mp-685194,1.00E-16,,Perovskite,T4
ACS-3057,3057,Li4Ti5O12,mp-685194,2.97E-12,,Perovskite,T4
ACS-3093,3093,Li4Ti5O12,mp-685194,2.70E-09,,Perovskite,T4
ACS-312,312,Li4Ti5O12,mp-685194,7.38E-10,,Perovskite,T4
ACS-3134,3134,Li4Ti5O12,mp-685194,1.00E-16,,Perovskite,T4
ACS-3153,3153,Li4Ti5O12,mp-685194,1.92E-09,,Perovskite,T4
ACS-3154,3154,Li4Ti5O12,mp-685194,1.00E-15,,Perovskite,T4
ACS-3159,3159,Li4Ti5O12,mp-685194,1.00E-16,,Perovskite,T4
ACS-3202,3202,Li4Ti5O12,mp-685194,1.00E-06,,Perovskite,T4
ACS-3238,3238,Li4Ti5O12,mp-685194,1.00E-16,,Perovskite,T4
ACS-3239,3239,Li4Ti5O12,mp-685194,1.00E-02,,Perovskite,T4
ACS-325,325,Li4Ti5O12,mp-685194,1.00E-16,,Perovskite,T4
ACS-3288,3288,Li4Ti5O12,mp-685194,1.00E-16,,Perovskite,T4
ACS-3358,3358,Li4Ti5O12,mp-685194,1.00E-08,,Perovskite,T4
ACS-3427,3427,Li4Ti5O12,mp-685194,1.00E-16,,Perovskite,T4
ACS-348,348,Li4Ti5O12,mp-685194,1.00E-16,,Perovskite,T4
ACS-3481,3481,Li4Ti5O12,mp-685194,3.61E-10,,Perovskite,T4
ACS-3585,3585,Li4Ti5O12,mp-685194,9.44E-08,,Perovskite,T4
ACS-3590,3590,Li4Ti5O12,mp-685194,2.05E-03,,Perovskite,T4
ACS-3617,3617,Li4Ti5O12,mp-685194,1.00E-16,,Perovskite,T4
ACS-3634,3634,Li4Ti5O12,mp-685194,1.44E-12,,Perovskite,T4
ACS-3636,3636,Li4Ti5O12,mp-685194,5.96E-10,,Perovskite,T4
ACS-3640,3640,Li4Ti5O12,mp-685194,3.00E-13,,Perovskite,T4
ACS-3642,3642,Li4Ti5O12,mp-685194,1.44E-12,,Perovskite,T4
ACS-365,365,Li4Ti5O12,mp-685194,1.00E-16,,Perovskite,T4
ACS-3656,3656,Li4Ti5O12,mp-685194,1.00E-16,,Perovskite,T4
ACS-3732,3732,Li4Ti5O12,mp-685194,1.00E-16,,Perovskite,T4
ACS-3762,3762,Li4Ti5O12,mp-685194,1.00E-16,,Perovskite,T4
ACS-3767,3767,Li4Ti5O12,mp-685194,3.80E-11,,Perovskite,T4
ACS-3822,3822,Li4Ti5O12,mp-685194,1.00E-16,,Perovskite,T4
ACS-3829,3829,Li4Ti5O12,mp-685194,3.54E-10,,Perovskite,T4
ACS-3864,3864,Li4Ti5O12,mp-685194,3.61E-10,,Perovskite,T4
ACS-3914,3914,Li4Ti5O12,mp-685194,8.30E-05,,Perovskite,T4
ACS-3949,3949,Li4Ti5O12,mp-685194,1.00E-16,,Perovskite,T4
ACS-3952,3952,Li4Ti5O12,mp-685194,8.60E-08,,Perovskite,T4
ACS-3974,3974,Li4Ti5O12,mp-685194,2.55E-11,,Perovskite,T4
ACS-4006,4006,Li4Ti5O12,mp-685194,1.10E-08,,Perovskite,T4
ACS-4014,4014,Li4Ti5O12,mp-685194,6.95E-09,,Perovskite,T4
ACS-4015,4015,Li4Ti5O12,mp-685194,1.34E-07,,Perovskite,T4
ACS-407,407,Li4Ti5O12,mp-685194,4.00E-11,,Perovskite,T4
ACS-461,461,Li4Ti5O12,mp-685194,1.00E-16,,Perovskite,T4
ACS-462,462,Li4Ti5O12,mp-685194,8.53E-06,,Perovskite,T4
ACS-5,5,Li4Ti5O12,mp-685194,2.90E-12,,Perovskite,T4
ACS-512,512,Li4Ti5O12,mp-685194,6.82E-10,,Perovskite,T4
ACS-545,545,Li4Ti5O12,mp-685194,3.00E-13,,Perovskite,T4
ACS-562,562,Li4Ti5O12,mp-685194,1.08E-10,,Perovskite,T4
ACS-582,582,Li4Ti5O12,mp-685194,1.00E-16,,Perovskite,T4
ACS-588,588,Li4Ti5O12,mp-685194,3.16E-11,,Perovskite,T4
ACS-595,595,Li4Ti5O12,mp-685194,1.00E-05,,Perovskite,T4
ACS-6,6,Li4Ti5O12,mp-685194,1.70E-05,,Perovskite,T4
ACS-637,637,Li4Ti5O12,mp-685194,8.53E-06,,Perovskite,T4
ACS-655,655,Li4Ti5O12,mp-685194,1.72E-09,,Perovskite,T4
ACS-667,667,Li4Ti5O12,mp-685194,1.00E-16,,Perovskite,T4
ACS-675,675,Li4Ti5O12,mp-685194,1.00E-12,,Perovskite,T4
ACS-706,706,Li4Ti5O12,mp-685194,1.00E-11,,Perovskite,T4
ACS-719,719,Li4Ti5O12,mp-685194,1.00E-16,,Perovskite,T4
ACS-733,733,Li4Ti5O12,mp-685194,1.00E-16,,Perovskite,T4
ACS-775,775,Li4Ti5O12,mp-685194,6.60E-11,,Perovskite,T4
ACS-779,779,Li4Ti5O12,mp-685194,1.00E-12,,Perovskite,T4
ACS-788,788,Li4Ti5O12,mp-685194,1.00E-16,,Perovskite,T4
ACS-829,829,Li4Ti5O12,mp-685194,1.00E-16,,Perovskite,T4
ACS-838,838,Li4Ti5O12,mp-685194,2.21E-09,,Perovskite,T4
ACS-852,852,Li4Ti5O12,mp-685194,9.00E-03,,Perovskite,T4
ACS-887,887,Li4Ti5O12,mp-685194,3.35E-11,,Perovskite,T4
ACS-898,898,Li4Ti5O12,mp-685194,4.51E-11,,Perovskite,T4
ACS-90,90,Li4Ti5O12,mp-685194,1.00E-17,,Perovskite,T4
ACS-915,915,Li4Ti5O12,mp-685194,1.00E-16,,Perovskite,T4
ACS-950,950,Li4Ti5O12,mp-685194,1.00E-16,,Perovskite,T4
ACS-955,955,Li4Ti5O12,mp-685194,1.70E-09,,Perovskite,T4
ACS-968,968,Li4Ti5O12,mp-685194,1.00E-14,,Perovskite,T4
ACS-1088,1088,SiO2,mp-6922,3.14E-06,,Unassigned,T4
ACS-1113,1113,SiO2,mp-6922,2.69E-06,,Unassigned,T4
ACS-1214,1214,SiO2,mp-6922,1.84E-03,,Unassigned,T4
ACS-1216,1216,SiO2,mp-6922,8.50E-10,,Unassigned,T4
ACS-1224,1224,SiO2,mp-6922,2.83E-06,,Unassigned,T4
ACS-127,127,SiO2,mp-6922,5.00E-03,,Unassigned,T4
ACS-1276,1276,SiO2,mp-6922,8.20E-04,,Unassigned,T4
ACS-1408,1408,SiO2,mp-6922,2.00E-09,,Unassigned,T4
ACS-1525,1525,SiO2,mp-6922,3.20E-06,,Unassigned,T4
ACS-1529,1529,SiO2,mp-6922,9.10E-04,,Unassigned,T4
ACS-1547,1547,SiO2,mp-6922,3.00E-03,,Unassigned,T4
ACS-1555,1555,SiO2,mp-6922,2.30E-08,,Unassigned,T4
ACS-1601,1601,SiO2,mp-6922,1.00E-07,,Unassigned,T4
ACS-1710,1710,SiO2,mp-6922,9.60E-07,,Unassigned,T4
ACS-1711,1711,SiO2,mp-6922,7.30E-04,,Unassigned,T4
ACS-1714,1714,SiO2,mp-6922,6.70E-04,,Unassigned,T4
ACS-1731,1731,SiO2,mp-6922,1.00E-07,,Unassigned,T4
ACS-1796,1796,SiO2,mp-6922,1.00E-03,,Unassigned,T4
ACS-1805,1805,SiO2,mp-6922,1.00E-06,,Unassigned,T4
ACS-1826,1826,SiO2,mp-6922,7.55E-06,,Unassigned,T4
ACS-1938,1938,SiO2,mp-6922,6.60E-04,,Unassigned,T4
ACS-1949,1949,SiO2,mp-6922,7.15E-04,,Unassigned,T4
ACS-1950,1950,SiO2,mp-6922,5.00E-02,,Unassigned,T4
ACS-1978,1978,SiO2,mp-6922,3.50E-05,,Unassigned,T4
ACS-2006,2006,SiO2,mp-6922,3.90E-07,,Unassigned,T4
ACS-2079,2079,SiO2,mp-6922,6.20E-08,,Unassigned,T4
ACS-211,211,SiO2,mp-6922,8.70E-04,,Unassigned,T4
ACS-225,225,SiO2,mp-6922,6.25E-03,,Unassigned,T4
ACS-2292,2292,SiO2,mp-6922,8.50E-06,,Unassigned,T4
ACS-2296,2296,SiO2,mp-6922,6.80E-06,,Unassigned,T4
ACS-2335,2335,SiO2,mp-6922,8.70E-04,,Unassigned,T4
ACS-2413,2413,SiO2,mp-6922,5.50E-06,,Unassigned,T4
ACS-2418,2418,SiO2,mp-6922,7.15E-04,,Unassigned,T4
ACS-2427,2427,SiO2,mp-6922,3.14E-06,,Unassigned,T4
ACS-246,246,SiO2,mp-6922,2.56E-06,,Unassigned,T4
ACS-2506,2506,SiO2,mp-6922,3.50E-05,,Unassigned,T4
ACS-2515,2515,SiO2,mp-6922,8.50E-10,,Unassigned,T4
ACS-2582,2582,SiO2,mp-6922,1.30E-03,,Unassigned,T4
ACS-2586,2586,SiO2,mp-6922,8.50E-10,,Unassigned,T4
ACS-2632,2632,SiO2,mp-6922,2.27E-03,,Unassigned,T4
ACS-2716,2716,SiO2,mp-6922,2.42E-04,,Unassigned,T4
ACS-2730,2730,SiO2,mp-6922,2.92E-06,,Unassigned,T4
ACS-2732,2732,SiO2,mp-6922,7.00E-04,,Unassigned,T4
ACS-2803,2803,SiO2,mp-6922,3.50E-04,,Unassigned,T4
ACS-2814,2814,SiO2,mp-6922,2.00E+00,,Unassigned,T4
ACS-2863,2863,SiO2,mp-6922,1.40E-06,,Unassigned,T4
ACS-2885,2885,SiO2,mp-6922,2.97E-03,,Unassigned,T4
ACS-2997,2997,SiO2,mp-6922,2.10E-04,,Unassigned,T4
ACS-3022,3022,SiO2,mp-6922,6.00E-04,,Unassigned,T4
ACS-3048,3048,SiO2,mp-6922,5.00E-03,,Unassigned,T4
ACS-3067,3067,SiO2,mp-6922,8.20E-07,,Unassigned,T4
ACS-3081,3081,SiO2,mp-6922,1.10E-06,,Unassigned,T4
ACS-3109,3109,SiO2,mp-6922,7.55E-08,,Unassigned,T4
ACS-3111,3111,SiO2,mp-6922,8.50E-10,,Unassigned,T4
ACS-3112,3112,SiO2,mp-6922,3.45E-05,,Unassigned,T4
ACS-3156,3156,SiO2,mp-6922,3.40E-06,,Unassigned,T4
ACS-3196,3196,SiO2,mp-6922,1.00E-11,,Unassigned,T4
ACS-320,320,SiO2,mp-6922,4.20E-06,,Unassigned,T4
ACS-3360,3360,SiO2,mp-6922,7.80E-03,,Unassigned,T4
ACS-3379,3379,SiO2,mp-6922,7.33E-03,,Unassigned,T4
ACS-3399,3399,SiO2,mp-6922,1.00E-06,,Unassigned,T4
ACS-3522,3522,SiO2,mp-6922,2.60E-07,,Unassigned,T4
ACS-3684,3684,SiO2,mp-6922,2.83E-06,,Unassigned,T4
ACS-37,37,SiO2,mp-6922,1.16E-03,,Unassigned,T4
ACS-3749,3749,SiO2,mp-6922,6.00E-02,,Unassigned,T4
ACS-3753,3753,SiO2,mp-6922,2.69E-06,,Unassigned,T4
ACS-3771,3771,SiO2,mp-6922,2.00E-07,,Unassigned,T4
ACS-3808,3808,SiO2,mp-6922,2.00E-01,,Unassigned,T4
ACS-3875,3875,SiO2,mp-6922,1.84E-03,,Unassigned,T4
ACS-3912,3912,SiO2,mp-6922,8.00E-08,,Unassigned,T4
ACS-3938,3938,SiO2,mp-6922,2.10E-06,,Unassigned,T4
ACS-3961,3961,SiO2,mp-6922,3.50E-05,,Unassigned,T4
ACS-3989,3989,SiO2,mp-6922,3.50E-03,,Unassigned,T4
ACS-4004,4004,SiO2,mp-6922,3.80E-08,,Unassigned,T4
ACS-4032,4032,SiO2,mp-6922,1.16E-03,,Unassigned,T4
ACS-487,487,SiO2,mp-6922,8.17E-07,,Unassigned,T4
ACS-610,610,SiO2,mp-6922,7.60E-04,,Unassigned,T4
ACS-813,813,SiO2,mp-6922,9.81E-07,,Unassigned,T4
ACS-907,907,SiO2,mp-6922,8.60E-03,,Unassigned,T4
ACS-954,954,SiO2,mp-6922,3.00E-03,,Unassigned,T4
ACS-956,956,SiO2,mp-6922,7.33E-03,,Unassigned,T4
LIV-673,673,Li10SnP2S12,mp-696123,4.00E-03,25,LISICON / Thio-LISICON,T4
LIV-793,793,Li10SnP2S12,mp-696123,1.12E-02,60,LISICON / Thio-LISICON,T4
LIV-37,37,Li10GeP2S12,mp-696128,2.03E-03,25,LISICON / Thio-LISICON,T4
LIV-675,675,Li10GeP2S12,mp-696128,1.20E-02,25,LISICON / Thio-LISICON,T4
LIV-721,721,Li10Ge(PS6)2,mp-696128,7.94E-02,86.61,LISICON / Thio-LISICON,T4
LIV-797,797,Li10GeP2S12,mp-696128,6.31E-03,5,LISICON / Thio-LISICON,T4
LIV-821,821,Li10SiP2S12,mp-696129,2.30E-03,27,LISICON / Thio-LISICON,T4
ACS-1087,1087,SnO2,mp-697,3.12E-04,,Unassigned,T4
ACS-1278,1278,SnO2,mp-697,6.50E-02,,Unassigned,T4
ACS-1420,1420,SnO2,mp-697,1.02E-01,,Unassigned,T4
ACS-1589,1589,SnO2,mp-697,1.00E-19,,Unassigned,T4
ACS-1782,1782,SnO2,mp-697,3.00E-04,,Unassigned,T4
ACS-1801,1801,SnO2,mp-697,1.11E-10,,Unassigned,T4
ACS-186,186,SnO2,mp-697,8.00E-08,,Unassigned,T4
ACS-2107,2107,SnO2,mp-697,5.95E-03,,Unassigned,T4
ACS-228,228,SnO2,mp-697,1.00E-05,,Unassigned,T4
ACS-2282,2282,SnO2,mp-697,1.75E-04,,Unassigned,T4
ACS-2358,2358,SnO2,mp-697,7.20E-10,,Unassigned,T4
ACS-2636,2636,SnO2,mp-697,1.00E-08,,Unassigned,T4
ACS-2817,2817,SnO2,mp-697,2.50E-05,,Unassigned,T4
ACS-3366,3366,SnO2,mp-697,1.79E-11,,Unassigned,T4
ACS-3422,3422,SnO2,mp-697,3.20E-04,,Unassigned,T4
ACS-3425,3425,SnO2,mp-697,2.86E-02,,Unassigned,T4
ACS-3528,3528,SnO2,mp-697,1.43E-02,,Unassigned,T4
ACS-3530,3530,SnO2,mp-697,2.80E-04,,Unassigned,T4
ACS-412,412,SnO2,mp-697,3.50E-06,,Unassigned,T4
ACS-631,631,SnO2,mp-697,1.00E-19,,Unassigned,T4
ACS-975,975,SnO2,mp-697,1.43E-02,,Unassigned,T4
ACS-33,33,GeSe,mp-700,4.70E-09,,Unassigned,T4
LIV-710,710,Li3P,mp-736,1.00E-03,25,Other,T4
ACS-1409,1409,LiFeBO3,mp-753697,1.52E-07,,Unassigned,T4
ACS-1926,1926,LiFeBO3,mp-753697,3.90E-10,,Unassigned,T4
ACS-2911,2911,LiFeBO3,mp-753697,3.90E-10,,Unassigned,T4
ACS-3667,3667,LiFeBO3,mp-753697,1.52E-07,,Unassigned,T4
ACS-469,469,LiFeBO3,mp-753697,1.52E-07,,Unassigned,T4
OBX-ek5,ek5,Li8.0Sr8.0Nb16.0O48.0F8.0,mp-753719,1.00E-10,,Perovskite,T4
ACS-2518,2518,LiCoBO3,mp-756053,4.89E-11,,Unassigned,T4
ACS-2607,2607,LiCoBO3,mp-756053,1.00E-15,,Unassigned,T4
ACS-2449,2449,Li2Ti3O7,mp-756560,1.20E-09,,Unassigned,T4
ACS-3391,3391,Li4VO(PO4)2,mp-757584,1.00E-07,,NASICON(-like),T4
ACS-1125,1125,TiNb2O7,mp-758243,1.00E-14,,Perovskite,T4
ACS-497,497,TiNb2O7,mp-758243,1.01E-10,,Perovskite,T4
ACS-841,841,TiNb2O7,mp-758243,3.25E-10,,Perovskite,T4
ACS-3400,3400,Li2TiF6,mp-7603,1.10E-07,,Unassigned,T4
ACS-863,863,Li2TiF6,mp-7603,1.10E-07,,Unassigned,T4
ACS-1180,1180,Na3V2(PO4)3,mp-761059,3.10E-05,,Unassigned,T4
ACS-1310,1310,Na3V2(PO4)3,mp-761059,5.90E-06,,Unassigned,T4
ACS-1321,1321,Na3V2(PO4)3,mp-761059,3.80E-08,,Unassigned,T4
ACS-2667,2667,Na3V2(PO4)3,mp-761059,2.90E-08,,Unassigned,T4
ACS-2949,2949,Na3V2(PO4)3,mp-761059,1.90E-12,,Unassigned,T4
ACS-3008,3008,Na3V2(PO4)3,mp-761059,2.00E-11,,Unassigned,T4
ACS-3437,3437,Na3V2(PO4)3,mp-761059,1.63E-09,,Unassigned,T4
ACS-535,535,Na3V2(PO4)3,mp-761059,1.00E-07,,Unassigned,T4
OBX-wgw,wgw,Li4.0Sr3.0Nb6.0O20.0,mp-766433,1.00E-10,,Perovskite,T4
ACS-961,961,MnCo2O4,mp-767807,3.00E-04,,Unassigned,T4
ACS-1671,1671,Ce(ClO4)3,mp-768684,1.00E-08,,Unassigned,T4
ACS-2454,2454,Ce(ClO4)3,mp-768684,1.00E-07,,Unassigned,T4
ACS-1763,1763,SiB6,mp-7700,1.00E-03,,Unassigned,T4
ACS-1449,1449,Li5La3Sb2O12,mp-775628,6.00E-03,,Garnet,T4
ACS-3404,3404,Li5La3Sb2O12,mp-775628,8.20E-09,,Garnet,T4
ACS-3601,3601,Li5La3Sb2O12,mp-775628,8.00E-09,,Garnet,T4
ACS-3809,3809,Li5La3Sb2O12,mp-775628,6.60E-09,,Garnet,T4
LIV-192,192,Li5La3Sb2O12,mp-775628,1.16E-03,207,Garnet,T4
LIV-193,193,Li5La3Sb2O12,mp-775628,1.95E-04,131,Garnet,T4
LIV-195,195,Li5La3Sb2O12,mp-775628,1.32E-05,89,Garnet,T4
LIV-2005,2005,Li5La3Sb2O12,mp-775628,2.06E-06,25,Garnet,T4
OBX-tbj,tbj,Li40.0La24.0Sb16.0O96.0,mp-775628,3.33E-06,,Garnet,T4
OBX-xog,xog,Li40.0La24.0Sb16.0O96.0,mp-775628,7.80E-06,,Garnet,T4
ACS-1176,1176,Fe2P,mp-778,1.00E-04,,Unassigned,T4
ACS-1965,1965,Fe2P,mp-778,1.00E-04,,Unassigned,T4
ACS-2177,2177,Fe2P,mp-778,1.00E-16,,Unassigned,T4
ACS-2541,2541,Fe2P,mp-778,1.50E-03,,Unassigned,T4
ACS-2623,2623,Fe2P,mp-778,9.00E-05,,Unassigned,T4
ACS-3025,3025,Fe2P,mp-778,1.00E-07,,Unassigned,T4
ACS-323,323,Fe2P,mp-778,1.00E-04,,Unassigned,T4
ACS-3472,3472,Fe2P,mp-778,1.18E-04,,Unassigned,T4
ACS-3735,3735,Fe2P,mp-778,1.18E-04,,Unassigned,T4
ACS-704,704,Fe2P,mp-778,1.50E-03,,Unassigned,T4
ACS-1348,1348,Li7Ti5O12,mp-779455,1.00E-12,,Unassigned,T4
ACS-1736,1736,Li7Ti5O12,mp-779455,1.00E-12,,Unassigned,T4
ACS-2036,2036,Li7Ti5O12,mp-779455,7.38E-10,,Unassigned,T4
ACS-2048,2048,Li7Ti5O12,mp-779455,1.00E-05,,Unassigned,T4
ACS-2448,2448,Li7Ti5O12,mp-779455,1.00E-05,,Unassigned,T4
ACS-2516,2516,Li7Ti5O12,mp-779455,1.00E-14,,Unassigned,T4
ACS-2809,2809,Li7Ti5O12,mp-779455,1.00E-12,,Unassigned,T4
ACS-3369,3369,Li7Ti5O12,mp-779455,1.00E-12,,Unassigned,T4
ACS-3660,3660,Li7Ti5O12,mp-779455,7.38E-10,,Unassigned,T4
ACS-491,491,Li7Ti5O12,mp-779455,1.00E-16,,Unassigned,T4
ACS-609,609,Li7Ti5O12,mp-779455,1.00E-12,,Unassigned,T4
ACS-1633,1633,RuO2,mp-825,1.00E-08,,Unassigned,T4
ACS-1835,1835,RuO2,mp-825,3.50E-02,,Unassigned,T4
ACS-2094,2094,RuO2,mp-825,1.00E-06,,Unassigned,T4
ACS-2561,2561,RuO2,mp-825,1.00E-09,,Unassigned,T4
ACS-268,268,RuO2,mp-825,1.00E-07,,Unassigned,T4
ACS-2742,2742,RuO2,mp-825,1.00E-04,,Unassigned,T4
ACS-2932,2932,RuO2,mp-825,1.00E-06,,Unassigned,T4
ACS-3005,3005,RuO2,mp-825,2.70E-04,,Unassigned,T4
ACS-3394,3394,RuO2,mp-825,5.00E-04,,Unassigned,T4
ACS-763,763,RuO2,mp-825,1.00E-09,,Unassigned,T4
ACS-1048,1048,Li2O2,mp-841,3.40E-16,,Unassigned,T4
ACS-1295,1295,Li2O2,mp-841,1.00E-14,,Unassigned,T4
ACS-1356,1356,Li2O2,mp-841,1.00E-12,,Unassigned,T4
ACS-1432,1432,Li2O2,mp-841,1.00E-22,,Unassigned,T4
ACS-1447,1447,Li2O2,mp-841,1.00E-12,,Unassigned,T4
ACS-1697,1697,Li2O2,mp-841,1.00E-16,,Unassigned,T4
ACS-1757,1757,Li2O2,mp-841,1.00E-15,,Unassigned,T4
ACS-1874,1874,Li2O2,mp-841,1.00E-14,,Unassigned,T4
ACS-1924,1924,Li2O2,mp-841,5.00E-23,,Unassigned,T4
ACS-2596,2596,Li2O2,mp-841,1.00E-12,,Unassigned,T4
ACS-2647,2647,Li2O2,mp-841,4.00E-22,,Unassigned,T4
ACS-2680,2680,Li2O2,mp-841,1.00E-15,,Unassigned,T4
ACS-2738,2738,Li2O2,mp-841,4.00E-22,,Unassigned,T4
ACS-2802,2802,Li2O2,mp-841,1.00E-09,,Unassigned,T4
ACS-2913,2913,Li2O2,mp-841,1.10E-13,,Unassigned,T4
ACS-2989,2989,Li2O2,mp-841,1.00E-22,,Unassigned,T4
ACS-3214,3214,Li2O2,mp-841,5.00E-23,,Unassigned,T4
ACS-3243,3243,Li2O2,mp-841,2.00E-12,,Unassigned,T4
ACS-3298,3298,Li2O2,mp-841,1.00E-13,,Unassigned,T4
ACS-3620,3620,Li2O2,mp-841,1.00E-14,,Unassigned,T4
ACS-363,363,Li2O2,mp-841,9.00E-15,,Unassigned,T4
ACS-3718,3718,Li2O2,mp-841,1.00E-49,,Unassigned,T4
ACS-372,372,Li2O2,mp-841,1.00E-09,,Unassigned,T4
ACS-3757,3757,Li2O2,mp-841,5.02E-12,,Unassigned,T4
ACS-3812,3812,Li2O2,mp-841,2.00E-10,,Unassigned,T4
ACS-3838,3838,Li2O2,mp-841,1.35E-13,,Unassigned,T4
ACS-3926,3926,Li2O2,mp-841,4.00E-22,,Unassigned,T4
ACS-4026,4026,Li2O2,mp-841,1.00E-16,,Unassigned,T4
ACS-486,486,Li2O2,mp-841,1.00E-19,,Unassigned,T4
ACS-520,520,Li2O2,mp-841,1.00E-14,,Unassigned,T4
ACS-526,526,Li2O2,mp-841,9.00E-22,,Unassigned,T4
ACS-676,676,Li2O2,mp-841,1.00E-16,,Unassigned,T4
ACS-3273,3273,Li2Co(SO4)2,mp-850927,1.00E-19,,Unassigned,T4
ACS-10,10,LiPF6,mp-9143,2.10E-04,,Unassigned,T4
ACS-1018,1018,LiPF6,mp-9143,1.41E-06,,Unassigned,T4
ACS-1025,1025,LiPF6,mp-9143,8.20E-05,,Unassigned,T4
ACS-1143,1143,LiPF6,mp-9143,8.20E-05,,Unassigned,T4
ACS-1171,1171,LiPF6,mp-9143,1.00E-03,,Unassigned,T4
ACS-1183,1183,LiPF6,mp-9143,1.50E-03,,Unassigned,T4
ACS-1232,1232,LiPF6,mp-9143,4.70E-06,,Unassigned,T4
ACS-1245,1245,LiPF6,mp-9143,3.00E-03,,Unassigned,T4
ACS-1305,1305,LiPF6,mp-9143,1.70E-04,,Unassigned,T4
ACS-1338,1338,LiPF6,mp-9143,1.68E-02,,Unassigned,T4
ACS-1358,1358,LiPF6,mp-9143,3.50E-04,,Unassigned,T4
ACS-1472,1472,LiPF6,mp-9143,3.40E-03,,Unassigned,T4
ACS-1617,1617,LiPF6,mp-9143,1.80E-06,,Unassigned,T4
ACS-1681,1681,LiPF6,mp-9143,8.20E-05,,Unassigned,T4
ACS-17,17,LiPF6,mp-9143,5.40E-03,,Unassigned,T4
ACS-1719,1719,LiPF6,mp-9143,8.20E-05,,Unassigned,T4
ACS-1749,1749,LiPF6,mp-9143,3.61E-06,,Unassigned,T4
ACS-1764,1764,LiPF6,mp-9143,1.41E-06,,Unassigned,T4
ACS-1864,1864,LiPF6,mp-9143,7.00E-04,,Unassigned,T4
ACS-1901,1901,LiPF6,mp-9143,1.70E-08,,Unassigned,T4
ACS-1915,1915,LiPF6,mp-9143,1.00E-05,,Unassigned,T4
ACS-1975,1975,LiPF6,mp-9143,4.99E-07,,Unassigned,T4
ACS-1981,1981,LiPF6,mp-9143,3.20E-03,,Unassigned,T4
ACS-2064,2064,LiPF6,mp-9143,8.20E-05,,Unassigned,T4
ACS-2140,2140,LiPF6,mp-9143,6.60E-01,,Unassigned,T4
ACS-2164,2164,LiPF6,mp-9143,2.24E-06,,Unassigned,T4
ACS-2214,2214,LiPF6,mp-9143,3.61E-06,,Unassigned,T4
ACS-2249,2249,LiPF6,mp-9143,2.30E-03,,Unassigned,T4
ACS-226,226,LiPF6,mp-9143,9.30E-03,,Unassigned,T4
ACS-2279,2279,LiPF6,mp-9143,8.20E-03,,Unassigned,T4
ACS-2317,2317,LiPF6,mp-9143,2.59E-08,,Unassigned,T4
ACS-2327,2327,LiPF6,mp-9143,1.50E-05,,Unassigned,T4
ACS-2344,2344,LiPF6,mp-9143,1.04E-03,,Unassigned,T4
ACS-2393,2393,LiPF6,mp-9143,5.40E-03,,Unassigned,T4
ACS-2472,2472,LiPF6,mp-9143,1.00E-05,,Unassigned,T4
ACS-2481,2481,LiPF6,mp-9143,5.10E-03,,Unassigned,T4
ACS-2525,2525,LiPF6,mp-9143,2.60E-03,,Unassigned,T4
ACS-2532,2532,LiPF6,mp-9143,1.00E-02,,Unassigned,T4
ACS-2538,2538,LiPF6,mp-9143,8.70E-04,,Unassigned,T4
ACS-2544,2544,LiPF6,mp-9143,8.20E-05,,Unassigned,T4
ACS-2593,2593,LiPF6,mp-9143,1.00E-05,,Unassigned,T4
ACS-2679,2679,LiPF6,mp-9143,6.80E-06,,Unassigned,T4
ACS-2757,2757,LiPF6,mp-9143,5.80E-08,,Unassigned,T4
ACS-2772,2772,LiPF6,mp-9143,1.40E-09,,Unassigned,T4
ACS-2787,2787,LiPF6,mp-9143,1.00E-06,,Unassigned,T4
ACS-2822,2822,LiPF6,mp-9143,1.20E-02,,Unassigned,T4
ACS-2831,2831,LiPF6,mp-9143,1.50E-05,,Unassigned,T4
ACS-2838,2838,LiPF6,mp-9143,5.50E-06,,Unassigned,T4
ACS-2871,2871,LiPF6,mp-9143,8.20E-05,,Unassigned,T4
ACS-3007,3007,LiPF6,mp-9143,1.03E-02,,Unassigned,T4
ACS-3024,3024,LiPF6,mp-9143,9.20E-03,,Unassigned,T4
ACS-3077,3077,LiPF6,mp-9143,1.00E-03,,Unassigned,T4
ACS-3145,3145,LiPF6,mp-9143,1.90E+00,,Unassigned,T4
ACS-3167,3167,LiPF6,mp-9143,1.40E-06,,Unassigned,T4
ACS-318,318,LiPF6,mp-9143,1.00E+01,,Unassigned,T4
ACS-3184,3184,LiPF6,mp-9143,8.65E-06,,Unassigned,T4
ACS-326,326,LiPF6,mp-9143,9.80E-01,,Unassigned,T4
ACS-3287,3287,LiPF6,mp-9143,2.10E-04,,Unassigned,T4
ACS-3301,3301,LiPF6,mp-9143,8.70E+00,,Unassigned,T4
ACS-3305,3305,LiPF6,mp-9143,6.50E-03,,Unassigned,T4
ACS-333,333,LiPF6,mp-9143,3.56E-07,,Unassigned,T4
ACS-3365,3365,LiPF6,mp-9143,6.04E-08,,Unassigned,T4
ACS-337,337,LiPF6,mp-9143,7.72E-06,,Unassigned,T4
ACS-3378,3378,LiPF6,mp-9143,2.36E-06,,Unassigned,T4
ACS-341,341,LiPF6,mp-9143,1.21E+00,,Unassigned,T4
ACS-3410,3410,LiPF6,mp-9143,8.80E-03,,Unassigned,T4
ACS-3445,3445,LiPF6,mp-9143,8.20E-05,,Unassigned,T4
ACS-3468,3468,LiPF6,mp-9143,1.07E-02,,Unassigned,T4
ACS-3486,3486,LiPF6,mp-9143,1.50E-02,,Unassigned,T4
ACS-3579,3579,LiPF6,mp-9143,8.65E-06,,Unassigned,T4
ACS-3603,3603,LiPF6,mp-9143,3.92E-06,,Unassigned,T4
ACS-3621,3621,LiPF6,mp-9143,6.00E-03,,Unassigned,T4
ACS-3643,3643,LiPF6,mp-9143,1.50E-07,,Unassigned,T4
ACS-3661,3661,LiPF6,mp-9143,8.80E-06,,Unassigned,T4
ACS-3681,3681,LiPF6,mp-9143,4.10E-08,,Unassigned,T4
ACS-3688,3688,LiPF6,mp-9143,1.00E-07,,Unassigned,T4
ACS-3696,3696,LiPF6,mp-9143,5.30E-06,,Unassigned,T4
ACS-3721,3721,LiPF6,mp-9143,2.10E-04,,Unassigned,T4
ACS-3810,3810,LiPF6,mp-9143,3.00E-04,,Unassigned,T4
ACS-3815,3815,LiPF6,mp-9143,7.00E-06,,Unassigned,T4
ACS-3817,3817,LiPF6,mp-9143,8.20E-05,,Unassigned,T4
ACS-3830,3830,LiPF6,mp-9143,9.40E-04,,Unassigned,T4
ACS-3892,3892,LiPF6,mp-9143,7.00E-01,,Unassigned,T4
ACS-3967,3967,LiPF6,mp-9143,1.80E-06,,Unassigned,T4
ACS-397,397,LiPF6,mp-9143,1.00E-03,,Unassigned,T4
ACS-3991,3991,LiPF6,mp-9143,5.82E-02,,Unassigned,T4
ACS-421,421,LiPF6,mp-9143,8.50E-07,,Unassigned,T4
ACS-422,422,LiPF6,mp-9143,8.20E-05,,Unassigned,T4
ACS-423,423,LiPF6,mp-9143,1.01E+00,,Unassigned,T4
ACS-478,478,LiPF6,mp-9143,1.90E-06,,Unassigned,T4
ACS-599,599,LiPF6,mp-9143,6.00E-04,,Unassigned,T4
ACS-620,620,LiPF6,mp-9143,3.70E-06,,Unassigned,T4
ACS-65,65,LiPF6,mp-9143,1.00E-06,,Unassigned,T4
ACS-662,662,LiPF6,mp-9143,3.90E+00,,Unassigned,T4
ACS-7,7,LiPF6,mp-9143,2.59E-08,,Unassigned,T4
ACS-717,717,LiPF6,mp-9143,2.59E-08,,Unassigned,T4
ACS-745,745,LiPF6,mp-9143,1.00E-06,,Unassigned,T4
ACS-750,750,LiPF6,mp-9143,3.92E-06,,Unassigned,T4
ACS-816,816,LiPF6,mp-9143,1.01E-02,,Unassigned,T4
ACS-840,840,LiPF6,mp-9143,1.25E+00,,Unassigned,T4
ACS-862,862,LiPF6,mp-9143,1.00E-02,,Unassigned,T4
ACS-870,870,LiPF6,mp-9143,1.00E-07,,Unassigned,T4
ACS-916,916,LiPF6,mp-9143,3.47E-06,,Unassigned,T4
ACS-938,938,LiPF6,mp-9143,1.07E-05,,Unassigned,T4
ACS-959,959,LiPF6,mp-9143,1.32E+00,,Unassigned,T4
ACS-970,970,LiPF6,mp-9143,4.20E+00,,Unassigned,T4
ACS-997,997,LiPF6,mp-9143,2.60E-03,,Unassigned,T4
ACS-1021,1021,Li7La3Zr2O12,mp-942733,1.20E-07,,Garnet,T4
ACS-1032,1032,Li7La3Zr2O12,mp-942733,5.00E-07,,Garnet,T4
ACS-106,106,Li7La3Zr2O12,mp-942733,2.83E-07,,Garnet,T4
ACS-1090,1090,Li7La3Zr2O12,mp-942733,3.12E-10,,Garnet,T4
ACS-1139,1139,Li7La3Zr2O12,mp-942733,2.00E-10,,Garnet,T4
ACS-1156,1156,Li7La3Zr2O12,mp-942733,1.00E-11,,Garnet,T4
ACS-117,117,Li7La3Zr2O12,mp-942733,5.20E-09,,Garnet,T4
ACS-1259,1259,Li7La3Zr2O12,mp-942733,3.92E-09,,Garnet,T4
ACS-1266,1266,Li7La3Zr2O12,mp-942733,6.30E-07,,Garnet,T4
ACS-1279,1279,Li7La3Zr2O12,mp-942733,1.40E-08,,Garnet,T4
ACS-128,128,Li7La3Zr2O12,mp-942733,1.00E-09,,Garnet,T4
ACS-132,132,Li7La3Zr2O12,mp-942733,1.00E-10,,Garnet,T4
ACS-1322,1322,Li7La3Zr2O12,mp-942733,2.40E-07,,Garnet,T4
ACS-1333,1333,Li7La3Zr2O12,mp-942733,8.00E-08,,Garnet,T4
ACS-1347,1347,Li7La3Zr2O12,mp-942733,1.00E-05,,Garnet,T4
ACS-1354,1354,Li7La3Zr2O12,mp-942733,1.20E-05,,Garnet,T4
ACS-1386,1386,Li7La3Zr2O12,mp-942733,1.50E-07,,Garnet,T4
ACS-1393,1393,Li7La3Zr2O12,mp-942733,1.00E-07,,Garnet,T4
ACS-1405,1405,Li7La3Zr2O12,mp-942733,1.00E-08,,Garnet,T4
ACS-1418,1418,Li7La3Zr2O12,mp-942733,4.00E-08,,Garnet,T4
ACS-1442,1442,Li7La3Zr2O12,mp-942733,1.00E-07,,Garnet,T4
ACS-1501,1501,Li7La3Zr2O12,mp-942733,1.30E-09,,Garnet,T4
ACS-1519,1519,Li7La3Zr2O12,mp-942733,1.40E-07,,Garnet,T4
ACS-1523,1523,Li7La3Zr2O12,mp-942733,1.00E-06,,Garnet,T4
ACS-1527,1527,Li7La3Zr2O12,mp-942733,1.00E-07,,Garnet,T4
ACS-1532,1532,Li7La3Zr2O12,mp-942733,1.00E-08,,Garnet,T4
ACS-1537,1537,Li7La3Zr2O12,mp-942733,1.00E-07,,Garnet,T4
ACS-1548,1548,Li7La3Zr2O12,mp-942733,1.00E-09,,Garnet,T4
ACS-1611,1611,Li7La3Zr2O12,mp-942733,1.00E-09,,Garnet,T4
ACS-1616,1616,Li7La3Zr2O12,mp-942733,2.60E-07,,Garnet,T4
ACS-162,162,Li7La3Zr2O12,mp-942733,1.63E-09,,Garnet,T4
ACS-1636,1636,Li7La3Zr2O12,mp-942733,4.00E-10,,Garnet,T4
ACS-1690,1690,Li7La3Zr2O12,mp-942733,1.00E-09,,Garnet,T4
ACS-1706,1706,Li7La3Zr2O12,mp-942733,2.00E-12,,Garnet,T4
ACS-173,173,Li7La3Zr2O12,mp-942733,3.70E-07,,Garnet,T4
ACS-1742,1742,Li7La3Zr2O12,mp-942733,4.67E-07,,Garnet,T4
ACS-176,176,Li7La3Zr2O12,mp-942733,1.68E-07,,Garnet,T4
ACS-1769,1769,Li7La3Zr2O12,mp-942733,1.00E-07,,Garnet,T4
ACS-1845,1845,Li7La3Zr2O12,mp-942733,2.00E-07,,Garnet,T4
ACS-1877,1877,Li7La3Zr2O12,mp-942733,1.00E-07,,Garnet,T4
ACS-19,19,Li7La3Zr2O12,mp-942733,1.00E-06,,Garnet,T4
ACS-1908,1908,Li7La3Zr2O12,mp-942733,1.19E-06,,Garnet,T4
ACS-1941,1941,Li7La3Zr2O12,mp-942733,5.00E-07,,Garnet,T4
ACS-1962,1962,Li7La3Zr2O12,mp-942733,5.11E-07,,Garnet,T4
ACS-1971,1971,Li7La3Zr2O12,mp-942733,8.00E-08,,Garnet,T4
ACS-1989,1989,Li7La3Zr2O12,mp-942733,4.30E-12,,Garnet,T4
ACS-2038,2038,Li7La3Zr2O12,mp-942733,1.00E-08,,Garnet,T4
ACS-204,204,Li7La3Zr2O12,mp-942733,1.63E-09,,Garnet,T4
ACS-207,207,Li7La3Zr2O12,mp-942733,2.85E-09,,Garnet,T4
ACS-2077,2077,Li7La3Zr2O12,mp-942733,1.00E-09,,Garnet,T4
ACS-208,208,Li7La3Zr2O12,mp-942733,2.37E-05,,Garnet,T4
ACS-2086,2086,Li7La3Zr2O12,mp-942733,8.30E-09,,Garnet,T4
ACS-210,210,Li7La3Zr2O12,mp-942733,1.80E-06,,Garnet,T4
ACS-2105,2105,Li7La3Zr2O12,mp-942733,1.50E-07,,Garnet,T4
ACS-2129,2129,Li7La3Zr2O12,mp-942733,1.20E-06,,Garnet,T4
ACS-2145,2145,Li7La3Zr2O12,mp-942733,3.00E-07,,Garnet,T4
ACS-2148,2148,Li7La3Zr2O12,mp-942733,1.00E-08,,Garnet,T4
ACS-2198,2198,Li7La3Zr2O12,mp-942733,6.10E-07,,Garnet,T4
ACS-2209,2209,Li7La3Zr2O12,mp-942733,1.50E-03,,Garnet,T4
ACS-2212,2212,Li7La3Zr2O12,mp-942733,1.16E-07,,Garnet,T4
ACS-2286,2286,Li7La3Zr2O12,mp-942733,5.10E-07,,Garnet,T4
ACS-2345,2345,Li7La3Zr2O12,mp-942733,7.83E-09,,Garnet,T4
ACS-2366,2366,Li7La3Zr2O12,mp-942733,1.83E-07,,Garnet,T4
ACS-2368,2368,Li7La3Zr2O12,mp-942733,1.00E-07,,Garnet,T4
ACS-2370,2370,Li7La3Zr2O12,mp-942733,5.00E-07,,Garnet,T4
ACS-2406,2406,Li7La3Zr2O12,mp-942733,3.32E-07,,Garnet,T4
ACS-2411,2411,Li7La3Zr2O12,mp-942733,7.70E-06,,Garnet,T4
ACS-2441,2441,Li7La3Zr2O12,mp-942733,7.51E-12,,Garnet,T4
ACS-2486,2486,Li7La3Zr2O12,mp-942733,2.85E-09,,Garnet,T4
ACS-2504,2504,Li7La3Zr2O12,mp-942733,2.00E-08,,Garnet,T4
ACS-251,251,Li7La3Zr2O12,mp-942733,2.50E-07,,Garnet,T4
ACS-2559,2559,Li7La3Zr2O12,mp-942733,5.20E-07,,Garnet,T4
ACS-2571,2571,Li7La3Zr2O12,mp-942733,1.35E-06,,Garnet,T4
ACS-2578,2578,Li7La3Zr2O12,mp-942733,4.00E-07,,Garnet,T4
ACS-262,262,Li7La3Zr2O12,mp-942733,1.00E-06,,Garnet,T4
ACS-2660,2660,Li7La3Zr2O12,mp-942733,5.44E-09,,Garnet,T4
ACS-2663,2663,Li7La3Zr2O12,mp-942733,2.10E-07,,Garnet,T4
ACS-2690,2690,Li7La3Zr2O12,mp-942733,1.00E-08,,Garnet,T4
ACS-2694,2694,Li7La3Zr2O12,mp-942733,3.00E-07,,Garnet,T4
ACS-2720,2720,Li7La3Zr2O12,mp-942733,1.00E-06,,Garnet,T4
ACS-273,273,Li7La3Zr2O12,mp-942733,1.00E-08,,Garnet,T4
ACS-2805,2805,Li7La3Zr2O12,mp-942733,1.60E-07,,Garnet,T4
ACS-2807,2807,Li7La3Zr2O12,mp-942733,1.20E-07,,Garnet,T4
ACS-2824,2824,Li7La3Zr2O12,mp-942733,6.23E-08,,Garnet,T4
ACS-2830,2830,Li7La3Zr2O12,mp-942733,2.00E-10,,Garnet,T4
ACS-2837,2837,Li7La3Zr2O12,mp-942733,9.50E-07,,Garnet,T4
ACS-2843,2843,Li7La3Zr2O12,mp-942733,1.00E-07,,Garnet,T4
ACS-2852,2852,Li7La3Zr2O12,mp-942733,1.00E-07,,Garnet,T4
ACS-2893,2893,Li7La3Zr2O12,mp-942733,3.00E-07,,Garnet,T4
ACS-2894,2894,Li7La3Zr2O12,mp-942733,2.06E-08,,Garnet,T4
ACS-2903,2903,Li7La3Zr2O12,mp-942733,4.80E-07,,Garnet,T4
ACS-2910,2910,Li7La3Zr2O12,mp-942733,1.00E-07,,Garnet,T4
ACS-295,295,Li7La3Zr2O12,mp-942733,2.00E-07,,Garnet,T4
ACS-2968,2968,Li7La3Zr2O12,mp-942733,2.20E-08,,Garnet,T4
ACS-2984,2984,Li7La3Zr2O12,mp-942733,4.07E-06,,Garnet,T4
ACS-2988,2988,Li7La3Zr2O12,mp-942733,1.00E-10,,Garnet,T4
ACS-3004,3004,Li7La3Zr2O12,mp-942733,7.34E-09,,Garnet,T4
ACS-3036,3036,Li7La3Zr2O12,mp-942733,3.00E-07,,Garnet,T4
ACS-3038,3038,Li7La3Zr2O12,mp-942733,1.00E-07,,Garnet,T4
ACS-3049,3049,Li7La3Zr2O12,mp-942733,5.67E-08,,Garnet,T4
ACS-3060,3060,Li7La3Zr2O12,mp-942733,6.00E-07,,Garnet,T4
ACS-3083,3083,Li7La3Zr2O12,mp-942733,8.00E-07,,Garnet,T4
ACS-3103,3103,Li7La3Zr2O12,mp-942733,2.60E-10,,Garnet,T4
ACS-3160,3160,Li7La3Zr2O12,mp-942733,5.00E-07,,Garnet,T4
ACS-3261,3261,Li7La3Zr2O12,mp-942733,1.00E-09,,Garnet,T4
ACS-3311,3311,Li7La3Zr2O12,mp-942733,1.10E-10,,Garnet,T4
ACS-3318,3318,Li7La3Zr2O12,mp-942733,6.00E-03,,Garnet,T4
ACS-335,335,Li7La3Zr2O12,mp-942733,1.00E-11,,Garnet,T4
ACS-3354,3354,Li7La3Zr2O12,mp-942733,4.00E-07,,Garnet,T4
ACS-3359,3359,Li7La3Zr2O12,mp-942733,3.00E-07,,Garnet,T4
ACS-3383,3383,Li7La3Zr2O12,mp-942733,1.00E-07,,Garnet,T4
ACS-3407,3407,Li7La3Zr2O12,mp-942733,1.00E-09,,Garnet,T4
ACS-3417,3417,Li7La3Zr2O12,mp-942733,2.30E-08,,Garnet,T4
ACS-3446,3446,Li7La3Zr2O12,mp-942733,1.00E-07,,Garnet,T4
ACS-3463,3463,Li7La3Zr2O12,mp-942733,5.70E-07,,Garnet,T4
ACS-3487,3487,Li7La3Zr2O12,mp-942733,4.03E-07,,Garnet,T4
ACS-3494,3494,Li7La3Zr2O12,mp-942733,1.00E-10,,Garnet,T4
ACS-3510,3510,Li7La3Zr2O12,mp-942733,4.47E-07,,Garnet,T4
ACS-3514,3514,Li7La3Zr2O12,mp-942733,5.59E-10,,Garnet,T4
ACS-3521,3521,Li7La3Zr2O12,mp-942733,5.50E-07,,Garnet,T4
ACS-3549,3549,Li7La3Zr2O12,mp-942733,1.00E-07,,Garnet,T4
ACS-3554,3554,Li7La3Zr2O12,mp-942733,1.60E-08,,Garnet,T4
ACS-3557,3557,Li7La3Zr2O12,mp-942733,1.00E-07,,Garnet,T4
ACS-3629,3629,Li7La3Zr2O12,mp-942733,1.40E-12,,Garnet,T4
ACS-3638,3638,Li7La3Zr2O12,mp-942733,4.00E-07,,Garnet,T4
ACS-3644,3644,Li7La3Zr2O12,mp-942733,1.00E-07,,Garnet,T4
ACS-3680,3680,Li7La3Zr2O12,mp-942733,3.54E-09,,Garnet,T4
ACS-3790,3790,Li7La3Zr2O12,mp-942733,7.86E-07,,Garnet,T4
ACS-3811,3811,Li7La3Zr2O12,mp-942733,6.18E-10,,Garnet,T4
ACS-3851,3851,Li7La3Zr2O12,mp-942733,5.00E-09,,Garnet,T4
ACS-3858,3858,Li7La3Zr2O12,mp-942733,1.63E-09,,Garnet,T4
ACS-3894,3894,Li7La3Zr2O12,mp-942733,1.00E-10,,Garnet,T4
ACS-3897,3897,Li7La3Zr2O12,mp-942733,6.60E-07,,Garnet,T4
ACS-3908,3908,Li7La3Zr2O12,mp-942733,1.00E-07,,Garnet,T4
ACS-394,394,Li7La3Zr2O12,mp-942733,1.80E-10,,Garnet,T4
ACS-3983,3983,Li7La3Zr2O12,mp-942733,6.63E-08,,Garnet,T4
ACS-3996,3996,Li7La3Zr2O12,mp-942733,1.75E-07,,Garnet,T4
ACS-4027,4027,Li7La3Zr2O12,mp-942733,5.00E-07,,Garnet,T4
ACS-428,428,Li7La3Zr2O12,mp-942733,5.00E-07,,Garnet,T4
ACS-430,430,Li7La3Zr2O12,mp-942733,5.00E-07,,Garnet,T4
ACS-47,47,Li7La3Zr2O12,mp-942733,1.00E-09,,Garnet,T4
ACS-474,474,Li7La3Zr2O12,mp-942733,2.06E-06,,Garnet,T4
ACS-488,488,Li7La3Zr2O12,mp-942733,1.00E-07,,Garnet,T4
ACS-503,503,Li7La3Zr2O12,mp-942733,5.00E-09,,Garnet,T4
ACS-52,52,Li7La3Zr2O12,mp-942733,8.00E-07,,Garnet,T4
ACS-551,551,Li7La3Zr2O12,mp-942733,1.00E-06,,Garnet,T4
ACS-638,638,Li7La3Zr2O12,mp-942733,7.74E-07,,Garnet,T4
ACS-639,639,Li7La3Zr2O12,mp-942733,1.00E-07,,Garnet,T4
ACS-650,650,Li7La3Zr2O12,mp-942733,2.02E-06,,Garnet,T4
ACS-699,699,Li7La3Zr2O12,mp-942733,1.00E-07,,Garnet,T4
ACS-708,708,Li7La3Zr2O12,mp-942733,1.00E-07,,Garnet,T4
ACS-728,728,Li7La3Zr2O12,mp-942733,1.00E-06,,Garnet,T4
ACS-732,732,Li7La3Zr2O12,mp-942733,1.00E-07,,Garnet,T4
ACS-752,752,Li7La3Zr2O12,mp-942733,4.50E-07,,Garnet,T4
ACS-760,760,Li7La3Zr2O12,mp-942733,9.30E-08,,Garnet,T4
ACS-787,787,Li7La3Zr2O12,mp-942733,1.00E-09,,Garnet,T4
ACS-796,796,Li7La3Zr2O12,mp-942733,3.50E-07,,Garnet,T4
ACS-825,825,Li7La3Zr2O12,mp-942733,1.10E-07,,Garnet,T4
ACS-839,839,Li7La3Zr2O12,mp-942733,8.89E-08,,Garnet,T4
ACS-855,855,Li7La3Zr2O12,mp-942733,1.00E-09,,Garnet,T4
ACS-884,884,Li7La3Zr2O12,mp-942733,2.50E-07,,Garnet,T4
ACS-92,92,Li7La3Zr2O12,mp-942733,1.00E-07,,Garnet,T4
ACS-95,95,Li7La3Zr2O12,mp-942733,2.40E-09,,Garnet,T4
ACS-966,966,Li7La3Zr2O12,mp-942733,4.40E-07,,Garnet,T4
LIV-17,17,Li7La3Zr2O12,mp-942733,5.11E-04,24.85,Garnet,T4
LIV-24,24,Li7La3Zr2O12,mp-942733,1.63E-06,24.85,Garnet,T4
LIV-775,775,Li7La3Zr2O12 ,mp-942733,1.52E-06,27,Garnet,T4
LIV-867,867,Li7La3Zr2O12,mp-942733,2.30E-05,29,Garnet,T4
OBX-2mn,2mn,Li56.0La24.0Zr16.0O96.0,mp-942733,5.11E-04,,Garnet,T4
OBX-3qz,3qz,Li56.0La24.0Zr16.0O96.0,mp-942733,1.20E-04,,Unassigned,T4
OBX-9p1,9p1,Li56.0La24.0Zr16.0O96.0,mp-942733,5.69E-04,,Unassigned,T4
OBX-etz,etz,Li56.0La24.0Zr16.0O96.0,mp-942733,1.97E-06,,Unassigned,T4
ACS-1927,1927,LiFeSO4F,mp-943492,1.10E-02,,Unassigned,T4
ACS-2639,2639,LiFeSO4F,mp-943492,5.20E-14,,Unassigned,T4
ACS-3547,3547,LiFeSO4F,mp-943492,4.00E-09,,Unassigned,T4
ACS-3607,3607,LiFeSO4F,mp-943492,7.00E-14,,Unassigned,T4
ACS-746,746,LiFeSO4F,mp-943492,1.00E-09,,Unassigned,T4
ACS-755,755,LiFeSO4F,mp-943492,2.50E-14,,Unassigned,T4
ACS-1104,1104,ZrO2,mp-963,9.35E-08,,Unassigned,T4
ACS-1477,1477,ZrO2,mp-963,1.09E-06,,Unassigned,T4
ACS-1493,1493,ZrO2,mp-963,4.97E-07,,Unassigned,T4
ACS-1676,1676,ZrO2,mp-963,6.00E-03,,Unassigned,T4
ACS-2043,2043,ZrO2,mp-963,1.55E-10,,Unassigned,T4
ACS-2093,2093,ZrO2,mp-963,7.00E-07,,Unassigned,T4
ACS-2115,2115,ZrO2,mp-963,1.78E-07,,Unassigned,T4
ACS-2270,2270,ZrO2,mp-963,9.35E-08,,Unassigned,T4
ACS-2546,2546,ZrO2,mp-963,6.57E-04,,Unassigned,T4
ACS-2755,2755,ZrO2,mp-963,1.00E-09,,Unassigned,T4
ACS-3082,3082,ZrO2,mp-963,1.00E-05,,Unassigned,T4
ACS-3096,3096,ZrO2,mp-963,6.24E-09,,Unassigned,T4
ACS-3194,3194,ZrO2,mp-963,1.00E-01,,Unassigned,T4
ACS-3245,3245,ZrO2,mp-963,2.48E-10,,Unassigned,T4
ACS-343,343,ZrO2,mp-963,5.20E-11,,Unassigned,T4
ACS-3584,3584,ZrO2,mp-963,2.00E-04,,Unassigned,T4
ACS-3807,3807,ZrO2,mp-963,2.47E-10,,Unassigned,T4
ACS-3862,3862,ZrO2,mp-963,7.50E-09,,Unassigned,T4
ACS-3934,3934,ZrO2,mp-963,6.90E-09,,Unassigned,T4
ACS-4016,4016,ZrO2,mp-963,1.30E-10,,Unassigned,T4
ACS-584,584,ZrO2,mp-963,1.50E-04,,Unassigned,T4
ACS-705,705,ZrO2,mp-963,1.40E-09,,Unassigned,T4
ACS-766,766,ZrO2,mp-963,6.57E-04,,Unassigned,T4
ACS-79,79,ZrO2,mp-963,1.53E-06,,Unassigned,T4
LIV-709,709,Li3PS4,mp-985583,1.09E-05,103,Other,T4
ACS-1469,1469,Li6PS5Br,mp-985591,1.90E-03,,Unassigned,T4
ACS-1549,1549,Li6PS5Br,mp-985591,2.26E-08,,Unassigned,T4
ACS-2052,2052,Li6PS5Br,mp-985591,2.26E-08,,Unassigned,T4
ACS-2289,2289,Li6PS5Br,mp-985591,1.00E-03,,Unassigned,T4
ACS-2728,2728,Li6PS5Br,mp-985591,1.00E-07,,Unassigned,T4
ACS-286,286,Li6PS5Br,mp-985591,3.10E-06,,Unassigned,T4
ACS-2925,2925,Li6PS5Br,mp-985591,1.00E-06,,Unassigned,T4
ACS-3086,3086,Li6PS5Br,mp-985591,3.00E-08,,Unassigned,T4
ACS-3589,3589,Li6PS5Br,mp-985591,1.00E-03,,Unassigned,T4
ACS-3742,3742,Li6PS5Br,mp-985591,3.10E-03,,Unassigned,T4
ACS-495,495,Li6PS5Br,mp-985591,2.60E-09,,Unassigned,T4
ACS-531,531,Li6PS5Br,mp-985591,1.00E-06,,Unassigned,T4
ACS-891,891,Li6PS5Br,mp-985591,9.70E-07,,Unassigned,T4
ACS-56,56,NiOOH,mp-999337,1.00E-11,,Unassigned,T4
ACS-874,874,NiOOH,mp-999337,1.00E-11,,Unassigned,T4
